listener_id,source_id,system,completion,major_error,mos
L01,S001,Base,1,0,4
L01,S002,Base,1,0,4
L01,S003,Base,0,0,4
L01,S004,Base,0,1,4
L01,S005,Base,1,0,4
L01,S006,Base,0,1,4
L01,S007,Base,0,0,4
L01,S008,Base,0,0,5
L01,S009,Base,1,0,4
L01,S010,Base,1,0,4
L01,S011,Base,1,0,4
L01,S012,Base,0,1,4
L01,S013,Base,0,0,4
L01,S014,Base,0,0,4
L01,S015,Base,1,0,4
L01,S016,Base,1,0,4
L01,S017,Base,0,1,4
L01,S018,Base,1,0,4
L01,S019,Base,0,1,4
L01,S020,Base,1,0,4
L01,S021,Base,1,0,4
L01,S022,Base,0,1,4
L01,S023,Base,0,0,4
L01,S024,Base,0,1,4
L01,S025,Base,1,0,4
L01,S026,Base,1,0,4
L01,S027,Base,0,1,4
L01,S028,Base,1,0,4
L01,S029,Base,0,1,4
L01,S030,Base,1,0,4
L01,S031,Base,1,0,4
L01,S032,Base,1,0,4
L01,S033,Base,1,0,4
L01,S034,Base,0,0,4
L01,S035,Base,0,1,4
L01,S036,Base,0,0,4
L01,S037,Base,1,0,4
L01,S038,Base,1,0,4
L01,S039,Base,1,0,4
L01,S040,Base,1,0,4
L01,S041,Base,0,0,4
L01,S042,Base,1,0,4
L01,S043,Base,0,1,4
L01,S044,Base,0,0,4
L01,S045,Base,0,0,4
L01,S046,Base,1,0,4
L01,S047,Base,0,0,5
L01,S048,Base,1,0,4
L01,S049,Base,0,0,4
L01,S050,Base,1,0,4
L01,S051,Base,1,0,4
L01,S052,Base,0,0,4
L01,S053,Base,0,1,4
L01,S054,Base,1,0,4
L01,S055,Base,1,0,4
L01,S056,Base,1,0,4
L01,S057,Base,1,0,4
L01,S058,Base,0,1,4
L01,S059,Base,0,0,5
L01,S060,Base,1,0,4
L01,S061,Base,0,0,4
L01,S062,Base,1,0,4
L01,S063,Base,1,0,4
L01,S064,Base,1,0,4
L01,S065,Base,1,0,4
L01,S066,Base,1,0,4
L01,S067,Base,1,0,4
L01,S068,Base,0,1,4
L01,S069,Base,1,0,4
L01,S070,Base,0,1,4
L01,S071,Base,1,0,4
L01,S072,Base,1,0,4
L01,S073,Base,1,0,4
L01,S074,Base,1,0,4
L01,S075,Base,0,1,4
L01,S076,Base,1,0,4
L01,S077,Base,0,0,4
L01,S078,Base,1,0,4
L01,S079,Base,1,0,4
L01,S080,Base,1,0,4
L01,S081,Base,1,0,5
L01,S082,Base,1,0,4
L01,S083,Base,0,1,4
L01,S084,Base,1,0,4
L01,S085,Base,1,0,4
L01,S086,Base,0,0,4
L01,S087,Base,0,0,4
L01,S088,Base,1,0,4
L01,S089,Base,1,0,4
L01,S090,Base,1,0,4
L01,S091,Base,1,0,4
L01,S092,Base,1,0,4
L01,S093,Base,0,0,4
L01,S094,Base,1,0,4
L01,S095,Base,1,0,4
L01,S096,Base,0,0,4
L01,S097,Base,0,1,4
L01,S098,Base,1,0,4
L01,S099,Base,1,0,4
L01,S100,Base,0,0,4
L01,S101,Base,1,0,4
L01,S102,Base,0,1,4
L01,S103,Base,1,0,4
L01,S104,Base,1,0,4
L01,S105,Base,0,1,4
L01,S106,Base,0,1,4
L01,S107,Base,1,0,4
L01,S108,Base,1,0,4
L01,S109,Base,0,0,4
L01,S110,Base,0,0,4
L01,S111,Base,1,0,4
L01,S112,Base,0,0,4
L01,S113,Base,1,0,4
L01,S114,Base,1,0,4
L01,S115,Base,1,0,4
L01,S116,Base,0,0,4
L01,S117,Base,0,1,4
L01,S118,Base,1,0,4
L01,S119,Base,1,0,4
L01,S120,Base,1,0,4
L02,S001,Base,1,0,4
L02,S002,Base,0,0,4
L02,S003,Base,1,0,4
L02,S004,Base,0,1,4
L02,S005,Base,1,0,4
L02,S006,Base,1,0,4
L02,S007,Base,1,0,4
L02,S008,Base,0,0,4
L02,S009,Base,1,0,4
L02,S010,Base,0,1,4
L02,S011,Base,1,0,4
L02,S012,Base,1,0,4
L02,S013,Base,0,1,4
L02,S014,Base,1,0,4
L02,S015,Base,0,0,4
L02,S016,Base,1,0,4
L02,S017,Base,0,1,4
L02,S018,Base,1,0,4
L02,S019,Base,0,0,4
L02,S020,Base,0,1,4
L02,S021,Base,1,0,4
L02,S022,Base,0,0,4
L02,S023,Base,1,0,4
L02,S024,Base,0,1,4
L02,S025,Base,1,0,4
L02,S026,Base,1,0,4
L02,S027,Base,1,0,4
L02,S028,Base,1,0,4
L02,S029,Base,1,0,4
L02,S030,Base,1,0,4
L02,S031,Base,1,0,4
L02,S032,Base,1,0,4
L02,S033,Base,0,1,4
L02,S034,Base,1,0,4
L02,S035,Base,0,0,4
L02,S036,Base,1,0,4
L02,S037,Base,1,0,4
L02,S038,Base,0,0,5
L02,S039,Base,0,0,5
L02,S040,Base,0,0,4
L02,S041,Base,1,0,4
L02,S042,Base,0,0,4
L02,S043,Base,0,0,4
L02,S044,Base,0,1,4
L02,S045,Base,0,1,4
L02,S046,Base,1,0,4
L02,S047,Base,1,0,4
L02,S048,Base,0,0,4
L02,S049,Base,0,0,4
L02,S050,Base,1,0,4
L02,S051,Base,1,0,4
L02,S052,Base,1,0,4
L02,S053,Base,1,0,4
L02,S054,Base,1,0,4
L02,S055,Base,1,0,4
L02,S056,Base,1,0,4
L02,S057,Base,1,0,4
L02,S058,Base,0,1,4
L02,S059,Base,1,0,4
L02,S060,Base,0,0,4
L02,S061,Base,1,0,4
L02,S062,Base,0,0,4
L02,S063,Base,1,0,4
L02,S064,Base,1,0,4
L02,S065,Base,1,0,4
L02,S066,Base,1,0,4
L02,S067,Base,1,0,4
L02,S068,Base,0,1,4
L02,S069,Base,1,0,4
L02,S070,Base,0,1,4
L02,S071,Base,0,1,4
L02,S072,Base,1,0,4
L02,S073,Base,0,0,4
L02,S074,Base,1,0,4
L02,S075,Base,1,0,4
L02,S076,Base,1,0,4
L02,S077,Base,1,0,4
L02,S078,Base,1,0,4
L02,S079,Base,0,0,4
L02,S080,Base,1,0,4
L02,S081,Base,1,0,4
L02,S082,Base,0,1,4
L02,S083,Base,1,0,4
L02,S084,Base,1,0,4
L02,S085,Base,0,0,4
L02,S086,Base,1,0,4
L02,S087,Base,1,0,4
L02,S088,Base,1,0,4
L02,S089,Base,1,0,4
L02,S090,Base,0,1,4
L02,S091,Base,1,0,4
L02,S092,Base,1,0,4
L02,S093,Base,0,0,4
L02,S094,Base,1,0,4
L02,S095,Base,1,0,4
L02,S096,Base,1,0,4
L02,S097,Base,1,0,4
L02,S098,Base,1,0,4
L02,S099,Base,1,0,4
L02,S100,Base,0,0,4
L02,S101,Base,1,0,4
L02,S102,Base,1,0,4
L02,S103,Base,1,0,4
L02,S104,Base,0,0,4
L02,S105,Base,0,0,4
L02,S106,Base,1,0,4
L02,S107,Base,0,0,4
L02,S108,Base,1,0,4
L02,S109,Base,1,0,4
L02,S110,Base,1,0,4
L02,S111,Base,1,0,4
L02,S112,Base,1,0,4
L02,S113,Base,0,0,4
L02,S114,Base,1,0,4
L02,S115,Base,1,0,4
L02,S116,Base,1,0,4
L02,S117,Base,0,0,4
L02,S118,Base,0,1,4
L02,S119,Base,1,0,4
L02,S120,Base,1,0,4
L03,S001,Base,0,0,4
L03,S002,Base,1,0,4
L03,S003,Base,0,0,4
L03,S004,Base,1,0,4
L03,S005,Base,1,0,4
L03,S006,Base,1,0,4
L03,S007,Base,0,0,4
L03,S008,Base,1,0,4
L03,S009,Base,1,0,4
L03,S010,Base,1,0,4
L03,S011,Base,1,0,4
L03,S012,Base,0,0,4
L03,S013,Base,0,1,4
L03,S014,Base,1,0,4
L03,S015,Base,1,0,4
L03,S016,Base,1,0,4
L03,S017,Base,0,1,4
L03,S018,Base,1,0,4
L03,S019,Base,1,0,4
L03,S020,Base,1,0,4
L03,S021,Base,0,1,4
L03,S022,Base,1,0,4
L03,S023,Base,1,0,4
L03,S024,Base,1,0,4
L03,S025,Base,1,0,4
L03,S026,Base,1,0,4
L03,S027,Base,1,0,4
L03,S028,Base,0,1,4
L03,S029,Base,1,0,4
L03,S030,Base,1,0,4
L03,S031,Base,0,0,4
L03,S032,Base,1,0,4
L03,S033,Base,1,0,4
L03,S034,Base,1,0,4
L03,S035,Base,0,1,4
L03,S036,Base,1,0,4
L03,S037,Base,1,0,5
L03,S038,Base,0,0,4
L03,S039,Base,0,1,4
L03,S040,Base,1,0,4
L03,S041,Base,0,1,4
L03,S042,Base,1,0,4
L03,S043,Base,1,0,4
L03,S044,Base,1,0,4
L03,S045,Base,1,0,4
L03,S046,Base,1,0,4
L03,S047,Base,0,0,4
L03,S048,Base,0,1,4
L03,S049,Base,1,0,4
L03,S050,Base,0,1,4
L03,S051,Base,1,0,4
L03,S052,Base,1,0,4
L03,S053,Base,1,0,4
L03,S054,Base,0,0,4
L03,S055,Base,1,0,4
L03,S056,Base,1,0,4
L03,S057,Base,0,1,4
L03,S058,Base,0,0,4
L03,S059,Base,0,0,4
L03,S060,Base,0,0,4
L03,S061,Base,1,0,4
L03,S062,Base,1,0,4
L03,S063,Base,1,0,4
L03,S064,Base,0,0,4
L03,S065,Base,1,0,4
L03,S066,Base,0,1,4
L03,S067,Base,1,0,4
L03,S068,Base,0,0,4
L03,S069,Base,1,0,4
L03,S070,Base,0,1,4
L03,S071,Base,0,0,4
L03,S072,Base,1,0,4
L03,S073,Base,0,1,4
L03,S074,Base,1,0,4
L03,S075,Base,0,1,4
L03,S076,Base,0,1,4
L03,S077,Base,1,0,4
L03,S078,Base,0,0,4
L03,S079,Base,1,0,4
L03,S080,Base,0,1,4
L03,S081,Base,1,0,4
L03,S082,Base,0,0,4
L03,S083,Base,0,0,4
L03,S084,Base,0,0,4
L03,S085,Base,1,0,4
L03,S086,Base,0,0,4
L03,S087,Base,1,0,4
L03,S088,Base,1,0,4
L03,S089,Base,0,0,4
L03,S090,Base,0,0,5
L03,S091,Base,1,0,4
L03,S092,Base,0,0,4
L03,S093,Base,1,0,4
L03,S094,Base,1,0,4
L03,S095,Base,1,0,4
L03,S096,Base,0,0,4
L03,S097,Base,1,0,4
L03,S098,Base,1,0,5
L03,S099,Base,1,0,4
L03,S100,Base,1,0,4
L03,S101,Base,1,0,4
L03,S102,Base,0,0,4
L03,S103,Base,1,0,4
L03,S104,Base,0,0,4
L03,S105,Base,1,0,4
L03,S106,Base,1,0,4
L03,S107,Base,1,0,4
L03,S108,Base,1,0,4
L03,S109,Base,1,0,4
L03,S110,Base,1,0,4
L03,S111,Base,0,0,4
L03,S112,Base,1,0,4
L03,S113,Base,0,0,4
L03,S114,Base,1,0,4
L03,S115,Base,1,0,4
L03,S116,Base,1,0,4
L03,S117,Base,0,0,4
L03,S118,Base,0,1,4
L03,S119,Base,1,0,4
L03,S120,Base,1,0,4
L04,S001,Base,1,0,4
L04,S002,Base,1,0,4
L04,S003,Base,0,0,4
L04,S004,Base,0,0,4
L04,S005,Base,0,1,4
L04,S006,Base,0,0,4
L04,S007,Base,0,1,4
L04,S008,Base,1,0,4
L04,S009,Base,0,1,4
L04,S010,Base,1,0,4
L04,S011,Base,1,0,4
L04,S012,Base,0,1,4
L04,S013,Base,1,0,4
L04,S014,Base,0,1,4
L04,S015,Base,1,0,4
L04,S016,Base,0,0,4
L04,S017,Base,1,0,4
L04,S018,Base,1,0,4
L04,S019,Base,0,1,4
L04,S020,Base,1,0,4
L04,S021,Base,1,0,4
L04,S022,Base,0,0,4
L04,S023,Base,1,0,4
L04,S024,Base,1,0,4
L04,S025,Base,1,0,4
L04,S026,Base,0,1,4
L04,S027,Base,0,1,4
L04,S028,Base,0,1,4
L04,S029,Base,1,0,4
L04,S030,Base,0,1,4
L04,S031,Base,1,0,4
L04,S032,Base,1,0,4
L04,S033,Base,1,0,4
L04,S034,Base,0,1,4
L04,S035,Base,0,1,4
L04,S036,Base,0,1,4
L04,S037,Base,1,0,4
L04,S038,Base,1,0,4
L04,S039,Base,0,1,4
L04,S040,Base,1,0,4
L04,S041,Base,0,0,4
L04,S042,Base,1,0,4
L04,S043,Base,0,1,4
L04,S044,Base,1,0,4
L04,S045,Base,0,1,4
L04,S046,Base,0,1,4
L04,S047,Base,1,0,4
L04,S048,Base,1,0,4
L04,S049,Base,1,0,4
L04,S050,Base,0,0,4
L04,S051,Base,0,0,4
L04,S052,Base,1,0,4
L04,S053,Base,0,0,4
L04,S054,Base,0,1,4
L04,S055,Base,1,0,4
L04,S056,Base,0,1,4
L04,S057,Base,1,0,4
L04,S058,Base,0,0,4
L04,S059,Base,1,0,4
L04,S060,Base,1,0,4
L04,S061,Base,1,0,4
L04,S062,Base,0,0,4
L04,S063,Base,1,0,4
L04,S064,Base,0,1,4
L04,S065,Base,1,0,4
L04,S066,Base,0,0,4
L04,S067,Base,0,0,4
L04,S068,Base,1,0,4
L04,S069,Base,1,0,4
L04,S070,Base,1,0,4
L04,S071,Base,1,0,4
L04,S072,Base,0,1,4
L04,S073,Base,1,0,4
L04,S074,Base,0,1,4
L04,S075,Base,1,0,4
L04,S076,Base,1,0,4
L04,S077,Base,1,0,4
L04,S078,Base,1,0,4
L04,S079,Base,0,0,4
L04,S080,Base,1,0,4
L04,S081,Base,1,0,4
L04,S082,Base,1,0,4
L04,S083,Base,1,0,4
L04,S084,Base,1,0,4
L04,S085,Base,0,0,4
L04,S086,Base,1,0,4
L04,S087,Base,1,0,4
L04,S088,Base,1,0,4
L04,S089,Base,1,0,4
L04,S090,Base,1,0,4
L04,S091,Base,1,0,4
L04,S092,Base,0,0,4
L04,S093,Base,1,0,4
L04,S094,Base,1,0,4
L04,S095,Base,1,0,4
L04,S096,Base,1,0,4
L04,S097,Base,0,1,4
L04,S098,Base,1,0,4
L04,S099,Base,0,1,4
L04,S100,Base,0,0,4
L04,S101,Base,0,1,4
L04,S102,Base,0,0,4
L04,S103,Base,0,1,4
L04,S104,Base,1,0,4
L04,S105,Base,1,0,4
L04,S106,Base,1,0,4
L04,S107,Base,1,0,4
L04,S108,Base,0,0,4
L04,S109,Base,1,0,4
L04,S110,Base,0,0,4
L04,S111,Base,0,0,4
L04,S112,Base,0,1,4
L04,S113,Base,0,1,4
L04,S114,Base,1,0,4
L04,S115,Base,0,1,4
L04,S116,Base,1,0,4
L04,S117,Base,1,0,4
L04,S118,Base,1,0,4
L04,S119,Base,0,1,4
L04,S120,Base,1,0,4
L05,S001,Base,0,1,4
L05,S002,Base,1,0,4
L05,S003,Base,1,0,4
L05,S004,Base,0,1,4
L05,S005,Base,1,0,4
L05,S006,Base,1,0,4
L05,S007,Base,1,0,4
L05,S008,Base,1,0,4
L05,S009,Base,0,0,4
L05,S010,Base,1,0,5
L05,S011,Base,1,0,4
L05,S012,Base,1,0,4
L05,S013,Base,1,0,4
L05,S014,Base,1,0,4
L05,S015,Base,1,0,4
L05,S016,Base,1,0,4
L05,S017,Base,1,0,4
L05,S018,Base,1,0,4
L05,S019,Base,1,0,4
L05,S020,Base,0,0,4
L05,S021,Base,1,0,4
L05,S022,Base,1,0,4
L05,S023,Base,0,0,4
L05,S024,Base,1,0,4
L05,S025,Base,0,0,4
L05,S026,Base,1,0,4
L05,S027,Base,0,1,4
L05,S028,Base,1,0,4
L05,S029,Base,0,1,4
L05,S030,Base,0,0,4
L05,S031,Base,1,0,4
L05,S032,Base,0,1,4
L05,S033,Base,1,0,4
L05,S034,Base,0,0,4
L05,S035,Base,1,0,4
L05,S036,Base,0,1,4
L05,S037,Base,1,0,4
L05,S038,Base,0,1,4
L05,S039,Base,0,1,4
L05,S040,Base,0,0,4
L05,S041,Base,0,1,4
L05,S042,Base,0,1,4
L05,S043,Base,1,0,4
L05,S044,Base,1,0,4
L05,S045,Base,1,0,4
L05,S046,Base,0,0,4
L05,S047,Base,1,0,4
L05,S048,Base,0,0,4
L05,S049,Base,0,0,4
L05,S050,Base,0,1,4
L05,S051,Base,0,0,4
L05,S052,Base,0,0,4
L05,S053,Base,0,0,4
L05,S054,Base,1,0,4
L05,S055,Base,0,0,4
L05,S056,Base,1,0,4
L05,S057,Base,0,0,4
L05,S058,Base,1,0,4
L05,S059,Base,1,0,4
L05,S060,Base,1,0,4
L05,S061,Base,1,0,4
L05,S062,Base,1,0,4
L05,S063,Base,0,1,4
L05,S064,Base,1,0,4
L05,S065,Base,1,0,4
L05,S066,Base,1,0,4
L05,S067,Base,1,0,4
L05,S068,Base,0,1,4
L05,S069,Base,0,1,4
L05,S070,Base,0,1,4
L05,S071,Base,0,0,4
L05,S072,Base,0,0,4
L05,S073,Base,1,0,4
L05,S074,Base,0,0,4
L05,S075,Base,0,1,4
L05,S076,Base,0,1,4
L05,S077,Base,0,0,4
L05,S078,Base,0,0,4
L05,S079,Base,0,0,4
L05,S080,Base,0,0,5
L05,S081,Base,1,0,4
L05,S082,Base,1,0,4
L05,S083,Base,0,0,4
L05,S084,Base,1,0,4
L05,S085,Base,1,0,4
L05,S086,Base,1,0,4
L05,S087,Base,1,0,4
L05,S088,Base,1,0,4
L05,S089,Base,1,0,4
L05,S090,Base,1,0,4
L05,S091,Base,0,0,4
L05,S092,Base,1,0,4
L05,S093,Base,1,0,4
L05,S094,Base,0,0,4
L05,S095,Base,0,0,4
L05,S096,Base,1,0,4
L05,S097,Base,1,0,4
L05,S098,Base,1,0,4
L05,S099,Base,0,0,4
L05,S100,Base,0,1,4
L05,S101,Base,1,0,4
L05,S102,Base,0,0,4
L05,S103,Base,0,0,4
L05,S104,Base,1,0,4
L05,S105,Base,1,0,4
L05,S106,Base,0,1,4
L05,S107,Base,1,0,4
L05,S108,Base,1,0,4
L05,S109,Base,1,0,4
L05,S110,Base,0,1,4
L05,S111,Base,1,0,4
L05,S112,Base,1,0,4
L05,S113,Base,0,1,4
L05,S114,Base,0,0,4
L05,S115,Base,0,0,4
L05,S116,Base,1,0,4
L05,S117,Base,1,0,4
L05,S118,Base,1,0,4
L05,S119,Base,1,0,4
L05,S120,Base,0,0,4
L06,S001,Base,1,0,4
L06,S002,Base,1,0,4
L06,S003,Base,1,0,4
L06,S004,Base,0,0,4
L06,S005,Base,1,0,4
L06,S006,Base,1,0,4
L06,S007,Base,1,0,4
L06,S008,Base,1,0,4
L06,S009,Base,1,0,4
L06,S010,Base,0,1,4
L06,S011,Base,1,0,4
L06,S012,Base,0,1,4
L06,S013,Base,1,0,4
L06,S014,Base,1,0,4
L06,S015,Base,0,0,4
L06,S016,Base,1,0,4
L06,S017,Base,1,0,4
L06,S018,Base,0,0,4
L06,S019,Base,0,0,4
L06,S020,Base,1,0,4
L06,S021,Base,0,0,4
L06,S022,Base,0,1,4
L06,S023,Base,0,0,4
L06,S024,Base,1,0,4
L06,S025,Base,1,0,4
L06,S026,Base,1,0,4
L06,S027,Base,0,0,4
L06,S028,Base,1,0,4
L06,S029,Base,1,0,4
L06,S030,Base,0,0,4
L06,S031,Base,0,1,4
L06,S032,Base,1,0,4
L06,S033,Base,0,0,4
L06,S034,Base,0,0,4
L06,S035,Base,0,0,4
L06,S036,Base,1,0,4
L06,S037,Base,1,0,4
L06,S038,Base,1,0,4
L06,S039,Base,0,0,4
L06,S040,Base,0,1,4
L06,S041,Base,0,1,4
L06,S042,Base,0,0,4
L06,S043,Base,0,0,4
L06,S044,Base,1,0,4
L06,S045,Base,0,1,4
L06,S046,Base,1,0,4
L06,S047,Base,1,0,4
L06,S048,Base,1,0,4
L06,S049,Base,1,0,4
L06,S050,Base,1,0,4
L06,S051,Base,1,0,4
L06,S052,Base,1,0,4
L06,S053,Base,1,0,4
L06,S054,Base,1,0,4
L06,S055,Base,1,0,5
L06,S056,Base,0,0,4
L06,S057,Base,1,0,4
L06,S058,Base,0,0,4
L06,S059,Base,1,0,4
L06,S060,Base,1,0,4
L06,S061,Base,1,0,4
L06,S062,Base,1,0,4
L06,S063,Base,0,0,4
L06,S064,Base,1,0,4
L06,S065,Base,1,0,4
L06,S066,Base,0,0,4
L06,S067,Base,1,0,4
L06,S068,Base,1,0,4
L06,S069,Base,0,0,4
L06,S070,Base,0,1,4
L06,S071,Base,1,0,4
L06,S072,Base,1,0,4
L06,S073,Base,0,1,4
L06,S074,Base,0,0,4
L06,S075,Base,1,0,4
L06,S076,Base,1,0,4
L06,S077,Base,0,0,4
L06,S078,Base,0,0,4
L06,S079,Base,1,0,4
L06,S080,Base,1,0,4
L06,S081,Base,0,0,4
L06,S082,Base,0,1,4
L06,S083,Base,1,0,4
L06,S084,Base,1,0,4
L06,S085,Base,0,1,4
L06,S086,Base,1,0,4
L06,S087,Base,1,0,4
L06,S088,Base,0,1,4
L06,S089,Base,0,0,4
L06,S090,Base,1,0,4
L06,S091,Base,1,0,4
L06,S092,Base,0,0,4
L06,S093,Base,0,0,4
L06,S094,Base,1,0,4
L06,S095,Base,1,0,4
L06,S096,Base,1,0,4
L06,S097,Base,0,1,4
L06,S098,Base,1,0,4
L06,S099,Base,1,0,4
L06,S100,Base,1,0,4
L06,S101,Base,1,0,4
L06,S102,Base,1,0,4
L06,S103,Base,0,0,4
L06,S104,Base,0,0,4
L06,S105,Base,0,0,4
L06,S106,Base,0,0,4
L06,S107,Base,1,0,4
L06,S108,Base,0,1,4
L06,S109,Base,0,1,4
L06,S110,Base,1,0,4
L06,S111,Base,1,0,4
L06,S112,Base,0,0,4
L06,S113,Base,0,1,4
L06,S114,Base,1,0,4
L06,S115,Base,0,0,4
L06,S116,Base,1,0,4
L06,S117,Base,1,0,4
L06,S118,Base,1,0,4
L06,S119,Base,1,0,4
L06,S120,Base,0,0,4
L07,S001,Base,1,0,4
L07,S002,Base,0,1,4
L07,S003,Base,0,1,4
L07,S004,Base,0,1,4
L07,S005,Base,1,0,4
L07,S006,Base,1,0,5
L07,S007,Base,0,1,4
L07,S008,Base,1,0,4
L07,S009,Base,1,0,4
L07,S010,Base,1,0,4
L07,S011,Base,0,0,4
L07,S012,Base,0,0,4
L07,S013,Base,0,1,4
L07,S014,Base,1,0,4
L07,S015,Base,1,0,4
L07,S016,Base,1,0,4
L07,S017,Base,0,1,4
L07,S018,Base,1,0,4
L07,S019,Base,0,0,4
L07,S020,Base,0,0,4
L07,S021,Base,0,1,4
L07,S022,Base,1,0,4
L07,S023,Base,0,1,4
L07,S024,Base,1,0,4
L07,S025,Base,1,0,4
L07,S026,Base,1,0,4
L07,S027,Base,1,0,4
L07,S028,Base,1,0,4
L07,S029,Base,1,0,4
L07,S030,Base,0,1,4
L07,S031,Base,1,0,4
L07,S032,Base,0,1,4
L07,S033,Base,1,0,4
L07,S034,Base,0,0,4
L07,S035,Base,1,0,4
L07,S036,Base,1,0,4
L07,S037,Base,1,0,4
L07,S038,Base,1,0,4
L07,S039,Base,0,1,4
L07,S040,Base,1,0,4
L07,S041,Base,1,0,4
L07,S042,Base,0,0,4
L07,S043,Base,0,0,4
L07,S044,Base,1,0,4
L07,S045,Base,0,0,4
L07,S046,Base,1,0,4
L07,S047,Base,0,1,4
L07,S048,Base,1,0,4
L07,S049,Base,0,1,4
L07,S050,Base,1,0,4
L07,S051,Base,0,0,4
L07,S052,Base,0,0,4
L07,S053,Base,1,0,4
L07,S054,Base,0,1,4
L07,S055,Base,1,0,4
L07,S056,Base,1,0,4
L07,S057,Base,0,0,4
L07,S058,Base,1,0,4
L07,S059,Base,0,1,4
L07,S060,Base,1,0,4
L07,S061,Base,1,0,4
L07,S062,Base,0,0,4
L07,S063,Base,0,1,4
L07,S064,Base,0,0,4
L07,S065,Base,1,0,4
L07,S066,Base,0,1,4
L07,S067,Base,0,0,4
L07,S068,Base,0,0,4
L07,S069,Base,0,1,4
L07,S070,Base,0,1,4
L07,S071,Base,0,0,4
L07,S072,Base,0,1,4
L07,S073,Base,1,0,4
L07,S074,Base,0,1,4
L07,S075,Base,0,1,4
L07,S076,Base,1,0,5
L07,S077,Base,1,0,4
L07,S078,Base,1,0,4
L07,S079,Base,0,0,4
L07,S080,Base,1,0,5
L07,S081,Base,1,0,4
L07,S082,Base,0,0,4
L07,S083,Base,1,0,4
L07,S084,Base,1,0,4
L07,S085,Base,0,1,4
L07,S086,Base,1,0,4
L07,S087,Base,0,1,4
L07,S088,Base,0,0,4
L07,S089,Base,1,0,4
L07,S090,Base,1,0,4
L07,S091,Base,0,1,4
L07,S092,Base,0,1,4
L07,S093,Base,0,0,4
L07,S094,Base,0,1,4
L07,S095,Base,1,0,4
L07,S096,Base,0,1,4
L07,S097,Base,1,0,4
L07,S098,Base,1,0,4
L07,S099,Base,1,0,4
L07,S100,Base,1,0,4
L07,S101,Base,0,1,4
L07,S102,Base,1,0,4
L07,S103,Base,1,0,4
L07,S104,Base,1,0,4
L07,S105,Base,1,0,4
L07,S106,Base,1,0,4
L07,S107,Base,1,0,4
L07,S108,Base,1,0,4
L07,S109,Base,0,1,4
L07,S110,Base,0,0,4
L07,S111,Base,1,0,4
L07,S112,Base,0,1,4
L07,S113,Base,1,0,4
L07,S114,Base,1,0,4
L07,S115,Base,0,0,4
L07,S116,Base,0,0,4
L07,S117,Base,0,0,4
L07,S118,Base,0,0,4
L07,S119,Base,1,0,4
L07,S120,Base,0,0,4
L08,S001,Base,1,0,4
L08,S002,Base,1,0,4
L08,S003,Base,1,0,4
L08,S004,Base,1,0,4
L08,S005,Base,0,1,4
L08,S006,Base,0,0,4
L08,S007,Base,1,0,4
L08,S008,Base,1,0,4
L08,S009,Base,1,0,4
L08,S010,Base,1,0,4
L08,S011,Base,1,0,4
L08,S012,Base,1,0,4
L08,S013,Base,0,1,4
L08,S014,Base,0,0,4
L08,S015,Base,1,0,4
L08,S016,Base,1,0,4
L08,S017,Base,1,0,4
L08,S018,Base,1,0,4
L08,S019,Base,1,0,4
L08,S020,Base,1,0,4
L08,S021,Base,0,1,4
L08,S022,Base,0,1,4
L08,S023,Base,1,0,4
L08,S024,Base,1,0,4
L08,S025,Base,1,0,4
L08,S026,Base,1,0,5
L08,S027,Base,0,1,4
L08,S028,Base,0,0,4
L08,S029,Base,1,0,4
L08,S030,Base,0,0,4
L08,S031,Base,0,1,4
L08,S032,Base,1,0,4
L08,S033,Base,0,1,4
L08,S034,Base,1,0,4
L08,S035,Base,0,1,4
L08,S036,Base,0,1,4
L08,S037,Base,1,0,4
L08,S038,Base,0,0,4
L08,S039,Base,0,0,4
L08,S040,Base,1,0,4
L08,S041,Base,1,0,4
L08,S042,Base,0,0,4
L08,S043,Base,1,0,4
L08,S044,Base,1,0,4
L08,S045,Base,0,0,4
L08,S046,Base,1,0,4
L08,S047,Base,1,0,4
L08,S048,Base,0,1,4
L08,S049,Base,1,0,4
L08,S050,Base,1,0,4
L08,S051,Base,1,0,4
L08,S052,Base,0,1,4
L08,S053,Base,0,1,4
L08,S054,Base,1,0,4
L08,S055,Base,0,0,4
L08,S056,Base,0,0,4
L08,S057,Base,0,0,4
L08,S058,Base,0,1,4
L08,S059,Base,0,0,4
L08,S060,Base,1,0,4
L08,S061,Base,1,0,4
L08,S062,Base,1,0,4
L08,S063,Base,0,0,4
L08,S064,Base,1,0,4
L08,S065,Base,1,0,4
L08,S066,Base,1,0,4
L08,S067,Base,0,1,4
L08,S068,Base,1,0,4
L08,S069,Base,0,1,4
L08,S070,Base,0,0,4
L08,S071,Base,1,0,4
L08,S072,Base,0,1,4
L08,S073,Base,0,0,4
L08,S074,Base,0,1,4
L08,S075,Base,0,0,4
L08,S076,Base,1,0,4
L08,S077,Base,1,0,4
L08,S078,Base,1,0,4
L08,S079,Base,1,0,4
L08,S080,Base,1,0,4
L08,S081,Base,1,0,4
L08,S082,Base,1,0,4
L08,S083,Base,0,1,4
L08,S084,Base,0,0,4
L08,S085,Base,1,0,4
L08,S086,Base,1,0,4
L08,S087,Base,1,0,4
L08,S088,Base,0,0,4
L08,S089,Base,1,0,4
L08,S090,Base,0,0,4
L08,S091,Base,1,0,4
L08,S092,Base,1,0,4
L08,S093,Base,0,1,4
L08,S094,Base,1,0,4
L08,S095,Base,0,0,4
L08,S096,Base,0,0,4
L08,S097,Base,0,1,4
L08,S098,Base,1,0,4
L08,S099,Base,1,0,4
L08,S100,Base,1,0,4
L08,S101,Base,1,0,4
L08,S102,Base,0,1,4
L08,S103,Base,0,0,4
L08,S104,Base,1,0,4
L08,S105,Base,1,0,4
L08,S106,Base,0,0,4
L08,S107,Base,1,0,4
L08,S108,Base,0,1,4
L08,S109,Base,0,0,4
L08,S110,Base,1,0,4
L08,S111,Base,1,0,4
L08,S112,Base,1,0,4
L08,S113,Base,0,1,4
L08,S114,Base,1,0,4
L08,S115,Base,1,0,4
L08,S116,Base,1,0,4
L08,S117,Base,1,0,4
L08,S118,Base,1,0,4
L08,S119,Base,1,0,4
L08,S120,Base,1,0,4
L09,S001,Base,0,0,4
L09,S002,Base,1,0,4
L09,S003,Base,0,0,4
L09,S004,Base,0,1,4
L09,S005,Base,0,0,4
L09,S006,Base,0,1,4
L09,S007,Base,0,0,4
L09,S008,Base,1,0,4
L09,S009,Base,1,0,5
L09,S010,Base,1,0,4
L09,S011,Base,1,0,4
L09,S012,Base,1,0,4
L09,S013,Base,1,0,4
L09,S014,Base,1,0,4
L09,S015,Base,0,1,4
L09,S016,Base,1,0,4
L09,S017,Base,0,1,4
L09,S018,Base,1,0,4
L09,S019,Base,0,0,4
L09,S020,Base,0,1,4
L09,S021,Base,0,0,4
L09,S022,Base,1,0,4
L09,S023,Base,0,1,4
L09,S024,Base,1,0,4
L09,S025,Base,1,0,4
L09,S026,Base,1,0,4
L09,S027,Base,0,0,4
L09,S028,Base,0,1,4
L09,S029,Base,1,0,4
L09,S030,Base,0,0,4
L09,S031,Base,0,0,4
L09,S032,Base,1,0,4
L09,S033,Base,1,0,4
L09,S034,Base,0,1,4
L09,S035,Base,0,1,4
L09,S036,Base,0,1,4
L09,S037,Base,1,0,4
L09,S038,Base,0,0,4
L09,S039,Base,0,1,4
L09,S040,Base,0,1,4
L09,S041,Base,1,0,4
L09,S042,Base,1,0,5
L09,S043,Base,0,0,4
L09,S044,Base,0,1,4
L09,S045,Base,1,0,4
L09,S046,Base,1,0,4
L09,S047,Base,1,0,4
L09,S048,Base,0,0,4
L09,S049,Base,1,0,4
L09,S050,Base,0,0,4
L09,S051,Base,0,1,4
L09,S052,Base,1,0,4
L09,S053,Base,1,0,4
L09,S054,Base,0,1,4
L09,S055,Base,1,0,4
L09,S056,Base,0,1,4
L09,S057,Base,0,0,4
L09,S058,Base,1,0,4
L09,S059,Base,1,0,4
L09,S060,Base,1,0,4
L09,S061,Base,1,0,4
L09,S062,Base,1,0,4
L09,S063,Base,1,0,4
L09,S064,Base,0,1,4
L09,S065,Base,1,0,4
L09,S066,Base,0,1,4
L09,S067,Base,0,1,4
L09,S068,Base,1,0,4
L09,S069,Base,0,0,4
L09,S070,Base,1,0,4
L09,S071,Base,1,0,4
L09,S072,Base,1,0,4
L09,S073,Base,1,0,4
L09,S074,Base,1,0,4
L09,S075,Base,0,0,4
L09,S076,Base,1,0,4
L09,S077,Base,0,1,4
L09,S078,Base,0,0,4
L09,S079,Base,0,0,4
L09,S080,Base,0,1,4
L09,S081,Base,0,1,4
L09,S082,Base,0,0,4
L09,S083,Base,0,0,4
L09,S084,Base,1,0,4
L09,S085,Base,0,1,4
L09,S086,Base,0,0,4
L09,S087,Base,0,1,4
L09,S088,Base,1,0,4
L09,S089,Base,1,0,4
L09,S090,Base,0,0,4
L09,S091,Base,0,0,4
L09,S092,Base,1,0,4
L09,S093,Base,0,1,4
L09,S094,Base,0,1,4
L09,S095,Base,1,0,4
L09,S096,Base,0,1,4
L09,S097,Base,0,0,4
L09,S098,Base,1,0,4
L09,S099,Base,1,0,4
L09,S100,Base,1,0,4
L09,S101,Base,1,0,5
L09,S102,Base,0,0,4
L09,S103,Base,0,0,4
L09,S104,Base,1,0,4
L09,S105,Base,0,1,4
L09,S106,Base,1,0,4
L09,S107,Base,1,0,4
L09,S108,Base,0,0,4
L09,S109,Base,1,0,4
L09,S110,Base,1,0,4
L09,S111,Base,1,0,4
L09,S112,Base,1,0,4
L09,S113,Base,1,0,5
L09,S114,Base,0,0,5
L09,S115,Base,1,0,4
L09,S116,Base,0,0,4
L09,S117,Base,0,0,4
L09,S118,Base,0,1,4
L09,S119,Base,0,1,4
L09,S120,Base,1,0,5
L10,S001,Base,1,0,4
L10,S002,Base,1,0,4
L10,S003,Base,1,0,4
L10,S004,Base,1,0,4
L10,S005,Base,1,0,4
L10,S006,Base,0,0,4
L10,S007,Base,1,0,4
L10,S008,Base,0,0,4
L10,S009,Base,0,1,4
L10,S010,Base,1,0,4
L10,S011,Base,1,0,4
L10,S012,Base,0,0,4
L10,S013,Base,1,0,4
L10,S014,Base,1,0,4
L10,S015,Base,0,1,4
L10,S016,Base,1,0,4
L10,S017,Base,1,0,4
L10,S018,Base,1,0,4
L10,S019,Base,1,0,4
L10,S020,Base,1,0,4
L10,S021,Base,1,0,4
L10,S022,Base,0,0,4
L10,S023,Base,1,0,4
L10,S024,Base,0,0,4
L10,S025,Base,1,0,4
L10,S026,Base,1,0,4
L10,S027,Base,0,1,4
L10,S028,Base,1,0,4
L10,S029,Base,1,0,4
L10,S030,Base,0,0,4
L10,S031,Base,1,0,4
L10,S032,Base,1,0,4
L10,S033,Base,0,0,4
L10,S034,Base,1,0,4
L10,S035,Base,0,1,4
L10,S036,Base,1,0,4
L10,S037,Base,1,0,4
L10,S038,Base,0,0,4
L10,S039,Base,1,0,4
L10,S040,Base,0,0,4
L10,S041,Base,1,0,5
L10,S042,Base,1,0,4
L10,S043,Base,0,0,4
L10,S044,Base,0,1,4
L10,S045,Base,0,0,4
L10,S046,Base,1,0,4
L10,S047,Base,1,0,4
L10,S048,Base,0,0,4
L10,S049,Base,1,0,4
L10,S050,Base,1,0,4
L10,S051,Base,0,0,4
L10,S052,Base,1,0,4
L10,S053,Base,1,0,4
L10,S054,Base,1,0,4
L10,S055,Base,1,0,4
L10,S056,Base,0,0,4
L10,S057,Base,1,0,4
L10,S058,Base,1,0,4
L10,S059,Base,0,0,4
L10,S060,Base,1,0,4
L10,S061,Base,1,0,4
L10,S062,Base,1,0,4
L10,S063,Base,0,0,4
L10,S064,Base,0,1,4
L10,S065,Base,0,0,4
L10,S066,Base,0,0,4
L10,S067,Base,1,0,4
L10,S068,Base,0,0,4
L10,S069,Base,1,0,4
L10,S070,Base,1,0,4
L10,S071,Base,1,0,4
L10,S072,Base,0,1,4
L10,S073,Base,1,0,4
L10,S074,Base,0,1,4
L10,S075,Base,1,0,4
L10,S076,Base,0,0,4
L10,S077,Base,0,0,4
L10,S078,Base,1,0,4
L10,S079,Base,1,0,4
L10,S080,Base,1,0,4
L10,S081,Base,1,0,4
L10,S082,Base,1,0,4
L10,S083,Base,1,0,4
L10,S084,Base,1,0,4
L10,S085,Base,0,0,4
L10,S086,Base,1,0,4
L10,S087,Base,1,0,4
L10,S088,Base,1,0,4
L10,S089,Base,1,0,4
L10,S090,Base,1,0,4
L10,S091,Base,0,0,4
L10,S092,Base,1,0,4
L10,S093,Base,1,0,4
L10,S094,Base,1,0,4
L10,S095,Base,0,0,4
L10,S096,Base,1,0,4
L10,S097,Base,0,0,4
L10,S098,Base,1,0,4
L10,S099,Base,0,1,4
L10,S100,Base,0,1,4
L10,S101,Base,1,0,4
L10,S102,Base,1,0,4
L10,S103,Base,1,0,4
L10,S104,Base,1,0,4
L10,S105,Base,1,0,4
L10,S106,Base,1,0,4
L10,S107,Base,1,0,4
L10,S108,Base,1,0,4
L10,S109,Base,1,0,4
L10,S110,Base,0,1,4
L10,S111,Base,0,1,4
L10,S112,Base,1,0,5
L10,S113,Base,1,0,4
L10,S114,Base,0,1,4
L10,S115,Base,1,0,4
L10,S116,Base,1,0,4
L10,S117,Base,1,0,4
L10,S118,Base,1,0,4
L10,S119,Base,1,0,4
L10,S120,Base,0,1,4
L01,S001,Full-SD,0,1,4
L01,S002,Full-SD,1,0,4
L01,S003,Full-SD,1,0,4
L01,S004,Full-SD,1,0,4
L01,S005,Full-SD,1,0,4
L01,S006,Full-SD,1,0,4
L01,S007,Full-SD,1,0,4
L01,S008,Full-SD,1,0,4
L01,S009,Full-SD,0,1,4
L01,S010,Full-SD,1,0,4
L01,S011,Full-SD,1,0,4
L01,S012,Full-SD,1,0,5
L01,S013,Full-SD,1,0,5
L01,S014,Full-SD,1,0,4
L01,S015,Full-SD,1,0,4
L01,S016,Full-SD,0,1,4
L01,S017,Full-SD,1,0,4
L01,S018,Full-SD,1,0,4
L01,S019,Full-SD,1,0,4
L01,S020,Full-SD,1,0,4
L01,S021,Full-SD,1,0,5
L01,S022,Full-SD,1,0,4
L01,S023,Full-SD,0,0,4
L01,S024,Full-SD,0,0,4
L01,S025,Full-SD,0,1,4
L01,S026,Full-SD,1,0,4
L01,S027,Full-SD,1,0,4
L01,S028,Full-SD,1,0,4
L01,S029,Full-SD,1,0,4
L01,S030,Full-SD,1,0,4
L01,S031,Full-SD,1,0,4
L01,S032,Full-SD,1,0,4
L01,S033,Full-SD,0,0,4
L01,S034,Full-SD,1,0,4
L01,S035,Full-SD,1,0,4
L01,S036,Full-SD,1,0,4
L01,S037,Full-SD,1,0,4
L01,S038,Full-SD,0,0,5
L01,S039,Full-SD,0,1,4
L01,S040,Full-SD,0,0,4
L01,S041,Full-SD,1,0,4
L01,S042,Full-SD,1,0,4
L01,S043,Full-SD,1,0,4
L01,S044,Full-SD,1,0,4
L01,S045,Full-SD,0,1,4
L01,S046,Full-SD,0,0,4
L01,S047,Full-SD,0,1,4
L01,S048,Full-SD,1,0,4
L01,S049,Full-SD,1,0,4
L01,S050,Full-SD,0,1,4
L01,S051,Full-SD,1,0,4
L01,S052,Full-SD,1,0,4
L01,S053,Full-SD,1,0,4
L01,S054,Full-SD,1,0,4
L01,S055,Full-SD,0,1,4
L01,S056,Full-SD,1,0,5
L01,S057,Full-SD,1,0,4
L01,S058,Full-SD,1,0,4
L01,S059,Full-SD,1,0,4
L01,S060,Full-SD,1,0,4
L01,S061,Full-SD,0,0,4
L01,S062,Full-SD,0,0,4
L01,S063,Full-SD,1,0,4
L01,S064,Full-SD,1,0,4
L01,S065,Full-SD,0,0,5
L01,S066,Full-SD,0,0,4
L01,S067,Full-SD,0,0,4
L01,S068,Full-SD,1,0,4
L01,S069,Full-SD,1,0,4
L01,S070,Full-SD,0,0,4
L01,S071,Full-SD,1,0,4
L01,S072,Full-SD,1,0,4
L01,S073,Full-SD,0,0,4
L01,S074,Full-SD,1,0,4
L01,S075,Full-SD,0,1,4
L01,S076,Full-SD,1,0,4
L01,S077,Full-SD,1,0,4
L01,S078,Full-SD,1,0,4
L01,S079,Full-SD,1,0,4
L01,S080,Full-SD,1,0,4
L01,S081,Full-SD,1,0,4
L01,S082,Full-SD,1,0,4
L01,S083,Full-SD,1,0,4
L01,S084,Full-SD,1,0,4
L01,S085,Full-SD,1,0,4
L01,S086,Full-SD,1,0,4
L01,S087,Full-SD,0,0,4
L01,S088,Full-SD,1,0,4
L01,S089,Full-SD,1,0,4
L01,S090,Full-SD,0,0,4
L01,S091,Full-SD,1,0,4
L01,S092,Full-SD,1,0,4
L01,S093,Full-SD,1,0,4
L01,S094,Full-SD,0,1,4
L01,S095,Full-SD,1,0,4
L01,S096,Full-SD,1,0,4
L01,S097,Full-SD,0,1,5
L01,S098,Full-SD,1,0,4
L01,S099,Full-SD,0,0,4
L01,S100,Full-SD,1,0,4
L01,S101,Full-SD,1,0,4
L01,S102,Full-SD,0,1,4
L01,S103,Full-SD,0,0,4
L01,S104,Full-SD,1,0,4
L01,S105,Full-SD,1,0,4
L01,S106,Full-SD,1,0,4
L01,S107,Full-SD,1,0,4
L01,S108,Full-SD,1,0,4
L01,S109,Full-SD,1,0,4
L01,S110,Full-SD,1,0,4
L01,S111,Full-SD,1,0,4
L01,S112,Full-SD,1,0,4
L01,S113,Full-SD,1,0,4
L01,S114,Full-SD,1,0,4
L01,S115,Full-SD,0,1,4
L01,S116,Full-SD,0,0,4
L01,S117,Full-SD,1,0,4
L01,S118,Full-SD,0,0,4
L01,S119,Full-SD,1,0,4
L01,S120,Full-SD,0,0,4
L02,S001,Full-SD,1,0,4
L02,S002,Full-SD,1,0,5
L02,S003,Full-SD,1,0,4
L02,S004,Full-SD,0,1,4
L02,S005,Full-SD,1,0,4
L02,S006,Full-SD,1,0,4
L02,S007,Full-SD,0,0,4
L02,S008,Full-SD,0,0,4
L02,S009,Full-SD,1,0,4
L02,S010,Full-SD,1,0,4
L02,S011,Full-SD,1,0,5
L02,S012,Full-SD,0,0,4
L02,S013,Full-SD,0,0,4
L02,S014,Full-SD,1,0,4
L02,S015,Full-SD,0,1,4
L02,S016,Full-SD,0,1,4
L02,S017,Full-SD,1,0,4
L02,S018,Full-SD,1,0,4
L02,S019,Full-SD,1,0,4
L02,S020,Full-SD,1,0,4
L02,S021,Full-SD,1,0,4
L02,S022,Full-SD,1,0,4
L02,S023,Full-SD,1,0,4
L02,S024,Full-SD,1,0,4
L02,S025,Full-SD,0,1,4
L02,S026,Full-SD,1,0,4
L02,S027,Full-SD,1,0,4
L02,S028,Full-SD,1,0,4
L02,S029,Full-SD,1,0,4
L02,S030,Full-SD,1,0,5
L02,S031,Full-SD,1,0,4
L02,S032,Full-SD,0,1,4
L02,S033,Full-SD,1,0,4
L02,S034,Full-SD,1,0,4
L02,S035,Full-SD,1,0,4
L02,S036,Full-SD,0,1,4
L02,S037,Full-SD,1,0,4
L02,S038,Full-SD,1,0,4
L02,S039,Full-SD,1,0,4
L02,S040,Full-SD,0,0,4
L02,S041,Full-SD,1,0,4
L02,S042,Full-SD,1,0,4
L02,S043,Full-SD,1,0,4
L02,S044,Full-SD,1,0,4
L02,S045,Full-SD,1,0,4
L02,S046,Full-SD,0,1,4
L02,S047,Full-SD,1,0,4
L02,S048,Full-SD,1,0,4
L02,S049,Full-SD,1,0,4
L02,S050,Full-SD,1,0,4
L02,S051,Full-SD,1,0,4
L02,S052,Full-SD,1,0,4
L02,S053,Full-SD,1,0,4
L02,S054,Full-SD,1,0,4
L02,S055,Full-SD,1,0,4
L02,S056,Full-SD,1,0,4
L02,S057,Full-SD,1,0,4
L02,S058,Full-SD,1,0,4
L02,S059,Full-SD,0,1,4
L02,S060,Full-SD,0,0,4
L02,S061,Full-SD,1,0,4
L02,S062,Full-SD,1,0,4
L02,S063,Full-SD,1,0,4
L02,S064,Full-SD,1,0,4
L02,S065,Full-SD,1,0,4
L02,S066,Full-SD,0,0,4
L02,S067,Full-SD,1,0,4
L02,S068,Full-SD,0,1,4
L02,S069,Full-SD,1,0,4
L02,S070,Full-SD,1,0,5
L02,S071,Full-SD,1,0,4
L02,S072,Full-SD,1,0,4
L02,S073,Full-SD,0,0,4
L02,S074,Full-SD,1,0,4
L02,S075,Full-SD,1,0,4
L02,S076,Full-SD,1,0,4
L02,S077,Full-SD,1,0,5
L02,S078,Full-SD,0,0,4
L02,S079,Full-SD,1,0,4
L02,S080,Full-SD,1,0,4
L02,S081,Full-SD,1,0,4
L02,S082,Full-SD,1,0,4
L02,S083,Full-SD,0,0,4
L02,S084,Full-SD,1,0,4
L02,S085,Full-SD,1,0,4
L02,S086,Full-SD,0,1,4
L02,S087,Full-SD,1,0,4
L02,S088,Full-SD,0,1,5
L02,S089,Full-SD,0,0,4
L02,S090,Full-SD,1,0,4
L02,S091,Full-SD,1,0,4
L02,S092,Full-SD,1,0,4
L02,S093,Full-SD,1,0,4
L02,S094,Full-SD,0,1,4
L02,S095,Full-SD,0,1,4
L02,S096,Full-SD,1,0,4
L02,S097,Full-SD,1,0,4
L02,S098,Full-SD,1,0,4
L02,S099,Full-SD,0,0,4
L02,S100,Full-SD,1,0,4
L02,S101,Full-SD,0,0,4
L02,S102,Full-SD,0,0,4
L02,S103,Full-SD,1,0,4
L02,S104,Full-SD,0,1,4
L02,S105,Full-SD,0,0,4
L02,S106,Full-SD,1,0,4
L02,S107,Full-SD,1,0,4
L02,S108,Full-SD,1,0,4
L02,S109,Full-SD,1,0,4
L02,S110,Full-SD,1,0,4
L02,S111,Full-SD,1,0,5
L02,S112,Full-SD,1,0,4
L02,S113,Full-SD,1,0,4
L02,S114,Full-SD,1,0,4
L02,S115,Full-SD,1,0,4
L02,S116,Full-SD,1,0,4
L02,S117,Full-SD,1,0,4
L02,S118,Full-SD,1,0,4
L02,S119,Full-SD,0,0,4
L02,S120,Full-SD,1,0,4
L03,S001,Full-SD,0,0,5
L03,S002,Full-SD,1,0,4
L03,S003,Full-SD,1,0,4
L03,S004,Full-SD,1,0,4
L03,S005,Full-SD,0,0,4
L03,S006,Full-SD,1,0,4
L03,S007,Full-SD,1,0,5
L03,S008,Full-SD,1,0,4
L03,S009,Full-SD,0,1,4
L03,S010,Full-SD,0,0,4
L03,S011,Full-SD,0,0,4
L03,S012,Full-SD,1,0,4
L03,S013,Full-SD,0,0,4
L03,S014,Full-SD,1,0,4
L03,S015,Full-SD,1,0,4
L03,S016,Full-SD,1,0,4
L03,S017,Full-SD,0,1,4
L03,S018,Full-SD,1,0,4
L03,S019,Full-SD,0,0,5
L03,S020,Full-SD,1,0,4
L03,S021,Full-SD,1,0,4
L03,S022,Full-SD,1,0,4
L03,S023,Full-SD,1,0,4
L03,S024,Full-SD,1,0,4
L03,S025,Full-SD,0,0,4
L03,S026,Full-SD,0,1,4
L03,S027,Full-SD,1,0,4
L03,S028,Full-SD,1,0,4
L03,S029,Full-SD,1,0,4
L03,S030,Full-SD,0,1,5
L03,S031,Full-SD,1,0,5
L03,S032,Full-SD,0,0,4
L03,S033,Full-SD,0,0,4
L03,S034,Full-SD,1,0,4
L03,S035,Full-SD,0,0,4
L03,S036,Full-SD,1,0,4
L03,S037,Full-SD,1,0,5
L03,S038,Full-SD,1,0,4
L03,S039,Full-SD,1,0,4
L03,S040,Full-SD,1,0,4
L03,S041,Full-SD,1,0,4
L03,S042,Full-SD,1,0,4
L03,S043,Full-SD,1,0,4
L03,S044,Full-SD,1,0,4
L03,S045,Full-SD,1,0,4
L03,S046,Full-SD,1,0,4
L03,S047,Full-SD,1,0,4
L03,S048,Full-SD,1,0,4
L03,S049,Full-SD,1,0,4
L03,S050,Full-SD,0,0,5
L03,S051,Full-SD,1,0,4
L03,S052,Full-SD,1,0,4
L03,S053,Full-SD,1,0,4
L03,S054,Full-SD,1,0,4
L03,S055,Full-SD,1,0,4
L03,S056,Full-SD,1,0,4
L03,S057,Full-SD,0,0,4
L03,S058,Full-SD,1,0,4
L03,S059,Full-SD,1,0,4
L03,S060,Full-SD,0,1,4
L03,S061,Full-SD,1,0,4
L03,S062,Full-SD,0,0,4
L03,S063,Full-SD,1,0,4
L03,S064,Full-SD,0,0,4
L03,S065,Full-SD,0,1,5
L03,S066,Full-SD,1,0,4
L03,S067,Full-SD,1,0,4
L03,S068,Full-SD,1,0,4
L03,S069,Full-SD,1,0,4
L03,S070,Full-SD,0,0,4
L03,S071,Full-SD,1,0,4
L03,S072,Full-SD,1,0,4
L03,S073,Full-SD,1,0,4
L03,S074,Full-SD,1,0,5
L03,S075,Full-SD,0,1,4
L03,S076,Full-SD,0,0,4
L03,S077,Full-SD,1,0,4
L03,S078,Full-SD,1,0,4
L03,S079,Full-SD,0,1,4
L03,S080,Full-SD,0,1,4
L03,S081,Full-SD,1,0,4
L03,S082,Full-SD,1,0,5
L03,S083,Full-SD,1,0,4
L03,S084,Full-SD,1,0,4
L03,S085,Full-SD,1,0,4
L03,S086,Full-SD,0,0,4
L03,S087,Full-SD,1,0,4
L03,S088,Full-SD,1,0,4
L03,S089,Full-SD,1,0,4
L03,S090,Full-SD,1,0,4
L03,S091,Full-SD,1,0,4
L03,S092,Full-SD,0,0,4
L03,S093,Full-SD,1,0,4
L03,S094,Full-SD,1,0,4
L03,S095,Full-SD,1,0,4
L03,S096,Full-SD,1,0,4
L03,S097,Full-SD,1,0,4
L03,S098,Full-SD,1,0,4
L03,S099,Full-SD,1,0,4
L03,S100,Full-SD,1,0,5
L03,S101,Full-SD,1,0,4
L03,S102,Full-SD,1,0,4
L03,S103,Full-SD,0,0,4
L03,S104,Full-SD,1,0,4
L03,S105,Full-SD,1,0,4
L03,S106,Full-SD,1,0,4
L03,S107,Full-SD,0,0,4
L03,S108,Full-SD,0,1,4
L03,S109,Full-SD,1,0,4
L03,S110,Full-SD,0,1,4
L03,S111,Full-SD,0,0,5
L03,S112,Full-SD,0,0,4
L03,S113,Full-SD,1,0,4
L03,S114,Full-SD,1,0,4
L03,S115,Full-SD,1,0,4
L03,S116,Full-SD,1,0,4
L03,S117,Full-SD,0,0,4
L03,S118,Full-SD,1,0,5
L03,S119,Full-SD,1,0,4
L03,S120,Full-SD,1,0,4
L04,S001,Full-SD,1,0,4
L04,S002,Full-SD,1,0,4
L04,S003,Full-SD,1,0,4
L04,S004,Full-SD,0,0,4
L04,S005,Full-SD,1,0,4
L04,S006,Full-SD,0,0,4
L04,S007,Full-SD,1,0,4
L04,S008,Full-SD,1,0,5
L04,S009,Full-SD,1,0,4
L04,S010,Full-SD,1,0,4
L04,S011,Full-SD,1,0,4
L04,S012,Full-SD,1,0,4
L04,S013,Full-SD,1,0,4
L04,S014,Full-SD,0,1,4
L04,S015,Full-SD,0,0,4
L04,S016,Full-SD,1,0,4
L04,S017,Full-SD,1,0,4
L04,S018,Full-SD,1,0,4
L04,S019,Full-SD,0,1,4
L04,S020,Full-SD,1,0,4
L04,S021,Full-SD,1,0,4
L04,S022,Full-SD,1,0,4
L04,S023,Full-SD,1,0,4
L04,S024,Full-SD,0,0,4
L04,S025,Full-SD,1,0,4
L04,S026,Full-SD,1,0,5
L04,S027,Full-SD,1,0,5
L04,S028,Full-SD,1,0,4
L04,S029,Full-SD,0,0,4
L04,S030,Full-SD,1,0,4
L04,S031,Full-SD,0,0,4
L04,S032,Full-SD,1,0,4
L04,S033,Full-SD,1,0,4
L04,S034,Full-SD,1,0,4
L04,S035,Full-SD,1,0,4
L04,S036,Full-SD,1,0,4
L04,S037,Full-SD,1,0,4
L04,S038,Full-SD,1,0,4
L04,S039,Full-SD,1,0,5
L04,S040,Full-SD,1,0,4
L04,S041,Full-SD,1,0,4
L04,S042,Full-SD,1,0,4
L04,S043,Full-SD,1,0,4
L04,S044,Full-SD,1,0,4
L04,S045,Full-SD,1,0,4
L04,S046,Full-SD,1,0,4
L04,S047,Full-SD,1,0,5
L04,S048,Full-SD,1,0,4
L04,S049,Full-SD,1,0,4
L04,S050,Full-SD,1,0,4
L04,S051,Full-SD,1,0,4
L04,S052,Full-SD,0,0,4
L04,S053,Full-SD,1,0,4
L04,S054,Full-SD,0,0,4
L04,S055,Full-SD,0,0,4
L04,S056,Full-SD,1,0,4
L04,S057,Full-SD,1,0,4
L04,S058,Full-SD,1,0,4
L04,S059,Full-SD,0,0,4
L04,S060,Full-SD,1,0,4
L04,S061,Full-SD,1,0,4
L04,S062,Full-SD,1,0,4
L04,S063,Full-SD,1,0,4
L04,S064,Full-SD,1,0,4
L04,S065,Full-SD,1,0,4
L04,S066,Full-SD,1,0,4
L04,S067,Full-SD,0,1,4
L04,S068,Full-SD,0,0,4
L04,S069,Full-SD,0,0,5
L04,S070,Full-SD,0,1,4
L04,S071,Full-SD,1,0,4
L04,S072,Full-SD,1,0,4
L04,S073,Full-SD,0,0,4
L04,S074,Full-SD,0,0,4
L04,S075,Full-SD,1,0,4
L04,S076,Full-SD,1,0,4
L04,S077,Full-SD,0,0,4
L04,S078,Full-SD,0,0,4
L04,S079,Full-SD,1,0,4
L04,S080,Full-SD,1,0,4
L04,S081,Full-SD,0,0,4
L04,S082,Full-SD,1,0,4
L04,S083,Full-SD,1,0,4
L04,S084,Full-SD,0,1,5
L04,S085,Full-SD,1,0,4
L04,S086,Full-SD,1,0,4
L04,S087,Full-SD,1,0,4
L04,S088,Full-SD,1,0,4
L04,S089,Full-SD,1,0,4
L04,S090,Full-SD,0,0,4
L04,S091,Full-SD,0,0,4
L04,S092,Full-SD,1,0,4
L04,S093,Full-SD,1,0,4
L04,S094,Full-SD,0,0,4
L04,S095,Full-SD,1,0,4
L04,S096,Full-SD,0,0,4
L04,S097,Full-SD,1,0,4
L04,S098,Full-SD,1,0,4
L04,S099,Full-SD,0,1,4
L04,S100,Full-SD,0,1,5
L04,S101,Full-SD,1,0,4
L04,S102,Full-SD,0,0,5
L04,S103,Full-SD,0,0,4
L04,S104,Full-SD,1,0,4
L04,S105,Full-SD,1,0,5
L04,S106,Full-SD,1,0,4
L04,S107,Full-SD,0,1,4
L04,S108,Full-SD,0,0,5
L04,S109,Full-SD,1,0,4
L04,S110,Full-SD,1,0,4
L04,S111,Full-SD,1,0,4
L04,S112,Full-SD,1,0,4
L04,S113,Full-SD,1,0,4
L04,S114,Full-SD,1,0,4
L04,S115,Full-SD,0,0,4
L04,S116,Full-SD,1,0,4
L04,S117,Full-SD,1,0,4
L04,S118,Full-SD,1,0,4
L04,S119,Full-SD,1,0,4
L04,S120,Full-SD,1,0,4
L05,S001,Full-SD,1,0,4
L05,S002,Full-SD,1,0,4
L05,S003,Full-SD,1,0,4
L05,S004,Full-SD,1,0,4
L05,S005,Full-SD,0,1,4
L05,S006,Full-SD,0,0,4
L05,S007,Full-SD,1,0,4
L05,S008,Full-SD,0,0,4
L05,S009,Full-SD,1,0,4
L05,S010,Full-SD,0,0,4
L05,S011,Full-SD,1,0,4
L05,S012,Full-SD,1,0,4
L05,S013,Full-SD,1,0,4
L05,S014,Full-SD,1,0,4
L05,S015,Full-SD,1,0,4
L05,S016,Full-SD,1,0,4
L05,S017,Full-SD,1,0,4
L05,S018,Full-SD,1,0,4
L05,S019,Full-SD,1,0,4
L05,S020,Full-SD,1,0,4
L05,S021,Full-SD,1,0,4
L05,S022,Full-SD,1,0,4
L05,S023,Full-SD,1,0,4
L05,S024,Full-SD,0,1,4
L05,S025,Full-SD,1,0,4
L05,S026,Full-SD,0,0,4
L05,S027,Full-SD,0,0,5
L05,S028,Full-SD,1,0,4
L05,S029,Full-SD,1,0,4
L05,S030,Full-SD,1,0,4
L05,S031,Full-SD,1,0,4
L05,S032,Full-SD,1,0,4
L05,S033,Full-SD,0,0,4
L05,S034,Full-SD,1,0,4
L05,S035,Full-SD,0,1,4
L05,S036,Full-SD,1,0,4
L05,S037,Full-SD,1,0,4
L05,S038,Full-SD,1,0,4
L05,S039,Full-SD,0,1,4
L05,S040,Full-SD,1,0,4
L05,S041,Full-SD,1,0,4
L05,S042,Full-SD,1,0,4
L05,S043,Full-SD,0,0,5
L05,S044,Full-SD,1,0,4
L05,S045,Full-SD,1,0,4
L05,S046,Full-SD,1,0,4
L05,S047,Full-SD,1,0,4
L05,S048,Full-SD,1,0,4
L05,S049,Full-SD,1,0,4
L05,S050,Full-SD,1,0,4
L05,S051,Full-SD,1,0,4
L05,S052,Full-SD,0,0,4
L05,S053,Full-SD,1,0,4
L05,S054,Full-SD,0,0,4
L05,S055,Full-SD,0,0,4
L05,S056,Full-SD,1,0,4
L05,S057,Full-SD,1,0,5
L05,S058,Full-SD,1,0,4
L05,S059,Full-SD,1,0,4
L05,S060,Full-SD,1,0,4
L05,S061,Full-SD,0,0,4
L05,S062,Full-SD,1,0,4
L05,S063,Full-SD,0,0,4
L05,S064,Full-SD,0,1,4
L05,S065,Full-SD,0,0,5
L05,S066,Full-SD,0,1,4
L05,S067,Full-SD,1,0,4
L05,S068,Full-SD,0,0,5
L05,S069,Full-SD,0,1,4
L05,S070,Full-SD,1,0,4
L05,S071,Full-SD,1,0,4
L05,S072,Full-SD,1,0,4
L05,S073,Full-SD,0,0,4
L05,S074,Full-SD,0,1,4
L05,S075,Full-SD,0,1,4
L05,S076,Full-SD,1,0,4
L05,S077,Full-SD,1,0,4
L05,S078,Full-SD,1,0,4
L05,S079,Full-SD,1,0,4
L05,S080,Full-SD,1,0,4
L05,S081,Full-SD,1,0,4
L05,S082,Full-SD,1,0,4
L05,S083,Full-SD,1,0,4
L05,S084,Full-SD,0,1,4
L05,S085,Full-SD,1,0,4
L05,S086,Full-SD,1,0,5
L05,S087,Full-SD,1,0,5
L05,S088,Full-SD,1,0,4
L05,S089,Full-SD,1,0,4
L05,S090,Full-SD,1,0,4
L05,S091,Full-SD,0,1,4
L05,S092,Full-SD,1,0,4
L05,S093,Full-SD,0,1,4
L05,S094,Full-SD,0,0,4
L05,S095,Full-SD,0,0,4
L05,S096,Full-SD,0,0,4
L05,S097,Full-SD,1,0,4
L05,S098,Full-SD,0,0,4
L05,S099,Full-SD,1,0,4
L05,S100,Full-SD,1,0,4
L05,S101,Full-SD,0,0,4
L05,S102,Full-SD,0,1,4
L05,S103,Full-SD,1,0,4
L05,S104,Full-SD,1,0,4
L05,S105,Full-SD,1,0,4
L05,S106,Full-SD,1,0,4
L05,S107,Full-SD,1,0,4
L05,S108,Full-SD,1,0,4
L05,S109,Full-SD,1,0,4
L05,S110,Full-SD,0,1,4
L05,S111,Full-SD,0,1,4
L05,S112,Full-SD,1,0,4
L05,S113,Full-SD,0,1,4
L05,S114,Full-SD,0,0,4
L05,S115,Full-SD,0,0,4
L05,S116,Full-SD,0,0,5
L05,S117,Full-SD,1,0,4
L05,S118,Full-SD,1,0,5
L05,S119,Full-SD,1,0,4
L05,S120,Full-SD,1,0,5
L06,S001,Full-SD,1,0,4
L06,S002,Full-SD,0,1,4
L06,S003,Full-SD,1,0,4
L06,S004,Full-SD,1,0,4
L06,S005,Full-SD,0,1,4
L06,S006,Full-SD,0,0,4
L06,S007,Full-SD,0,0,4
L06,S008,Full-SD,0,1,4
L06,S009,Full-SD,0,0,4
L06,S010,Full-SD,1,0,4
L06,S011,Full-SD,0,0,4
L06,S012,Full-SD,1,0,4
L06,S013,Full-SD,0,0,4
L06,S014,Full-SD,1,0,4
L06,S015,Full-SD,1,0,4
L06,S016,Full-SD,1,0,4
L06,S017,Full-SD,1,0,4
L06,S018,Full-SD,1,0,4
L06,S019,Full-SD,1,0,4
L06,S020,Full-SD,1,0,4
L06,S021,Full-SD,1,0,4
L06,S022,Full-SD,1,0,4
L06,S023,Full-SD,0,0,4
L06,S024,Full-SD,1,0,5
L06,S025,Full-SD,1,0,4
L06,S026,Full-SD,1,0,4
L06,S027,Full-SD,1,0,4
L06,S028,Full-SD,0,0,5
L06,S029,Full-SD,1,0,4
L06,S030,Full-SD,1,0,4
L06,S031,Full-SD,0,1,4
L06,S032,Full-SD,1,0,4
L06,S033,Full-SD,1,0,4
L06,S034,Full-SD,1,0,4
L06,S035,Full-SD,1,0,4
L06,S036,Full-SD,0,1,4
L06,S037,Full-SD,1,0,4
L06,S038,Full-SD,1,0,4
L06,S039,Full-SD,0,1,4
L06,S040,Full-SD,0,1,4
L06,S041,Full-SD,1,0,4
L06,S042,Full-SD,1,0,4
L06,S043,Full-SD,1,0,4
L06,S044,Full-SD,1,0,4
L06,S045,Full-SD,1,0,4
L06,S046,Full-SD,0,1,4
L06,S047,Full-SD,0,1,4
L06,S048,Full-SD,1,0,4
L06,S049,Full-SD,1,0,4
L06,S050,Full-SD,0,1,4
L06,S051,Full-SD,0,0,4
L06,S052,Full-SD,1,0,4
L06,S053,Full-SD,1,0,4
L06,S054,Full-SD,1,0,4
L06,S055,Full-SD,1,0,4
L06,S056,Full-SD,1,0,4
L06,S057,Full-SD,1,0,4
L06,S058,Full-SD,1,0,4
L06,S059,Full-SD,1,0,4
L06,S060,Full-SD,0,0,4
L06,S061,Full-SD,1,0,4
L06,S062,Full-SD,0,1,4
L06,S063,Full-SD,0,0,4
L06,S064,Full-SD,1,0,4
L06,S065,Full-SD,1,0,4
L06,S066,Full-SD,1,0,4
L06,S067,Full-SD,1,0,4
L06,S068,Full-SD,1,0,4
L06,S069,Full-SD,0,1,4
L06,S070,Full-SD,0,0,4
L06,S071,Full-SD,1,0,4
L06,S072,Full-SD,1,0,4
L06,S073,Full-SD,1,0,4
L06,S074,Full-SD,0,1,4
L06,S075,Full-SD,1,0,4
L06,S076,Full-SD,0,1,4
L06,S077,Full-SD,0,0,4
L06,S078,Full-SD,1,0,4
L06,S079,Full-SD,0,0,4
L06,S080,Full-SD,1,0,4
L06,S081,Full-SD,0,0,4
L06,S082,Full-SD,0,0,4
L06,S083,Full-SD,0,1,4
L06,S084,Full-SD,1,0,4
L06,S085,Full-SD,1,0,4
L06,S086,Full-SD,1,0,4
L06,S087,Full-SD,1,0,4
L06,S088,Full-SD,1,0,4
L06,S089,Full-SD,0,1,4
L06,S090,Full-SD,1,0,4
L06,S091,Full-SD,0,0,4
L06,S092,Full-SD,0,1,4
L06,S093,Full-SD,0,0,4
L06,S094,Full-SD,1,0,4
L06,S095,Full-SD,1,0,4
L06,S096,Full-SD,1,0,4
L06,S097,Full-SD,1,0,4
L06,S098,Full-SD,0,0,4
L06,S099,Full-SD,1,0,5
L06,S100,Full-SD,0,0,4
L06,S101,Full-SD,1,0,4
L06,S102,Full-SD,0,1,4
L06,S103,Full-SD,1,0,4
L06,S104,Full-SD,1,0,4
L06,S105,Full-SD,0,0,4
L06,S106,Full-SD,0,0,4
L06,S107,Full-SD,1,0,5
L06,S108,Full-SD,1,0,4
L06,S109,Full-SD,1,0,4
L06,S110,Full-SD,0,0,4
L06,S111,Full-SD,1,0,4
L06,S112,Full-SD,0,1,4
L06,S113,Full-SD,1,0,4
L06,S114,Full-SD,1,0,4
L06,S115,Full-SD,1,0,4
L06,S116,Full-SD,0,1,4
L06,S117,Full-SD,1,0,4
L06,S118,Full-SD,0,0,4
L06,S119,Full-SD,1,0,4
L06,S120,Full-SD,1,0,4
L07,S001,Full-SD,1,0,4
L07,S002,Full-SD,1,0,4
L07,S003,Full-SD,0,1,4
L07,S004,Full-SD,1,0,4
L07,S005,Full-SD,1,0,4
L07,S006,Full-SD,1,0,4
L07,S007,Full-SD,0,0,4
L07,S008,Full-SD,1,0,4
L07,S009,Full-SD,0,0,4
L07,S010,Full-SD,0,0,4
L07,S011,Full-SD,0,0,4
L07,S012,Full-SD,1,0,4
L07,S013,Full-SD,0,0,4
L07,S014,Full-SD,0,0,4
L07,S015,Full-SD,0,0,4
L07,S016,Full-SD,0,1,4
L07,S017,Full-SD,1,0,4
L07,S018,Full-SD,1,0,5
L07,S019,Full-SD,1,0,4
L07,S020,Full-SD,0,0,4
L07,S021,Full-SD,0,0,4
L07,S022,Full-SD,1,0,4
L07,S023,Full-SD,1,0,4
L07,S024,Full-SD,1,0,4
L07,S025,Full-SD,1,0,4
L07,S026,Full-SD,1,0,4
L07,S027,Full-SD,0,1,4
L07,S028,Full-SD,1,0,4
L07,S029,Full-SD,1,0,4
L07,S030,Full-SD,1,0,4
L07,S031,Full-SD,0,1,4
L07,S032,Full-SD,1,0,4
L07,S033,Full-SD,1,0,4
L07,S034,Full-SD,1,0,4
L07,S035,Full-SD,1,0,4
L07,S036,Full-SD,1,0,4
L07,S037,Full-SD,1,0,5
L07,S038,Full-SD,0,0,4
L07,S039,Full-SD,1,0,4
L07,S040,Full-SD,1,0,4
L07,S041,Full-SD,1,0,4
L07,S042,Full-SD,1,0,4
L07,S043,Full-SD,0,0,4
L07,S044,Full-SD,1,0,4
L07,S045,Full-SD,1,0,4
L07,S046,Full-SD,0,0,4
L07,S047,Full-SD,1,0,4
L07,S048,Full-SD,0,1,4
L07,S049,Full-SD,1,0,4
L07,S050,Full-SD,1,0,4
L07,S051,Full-SD,1,0,4
L07,S052,Full-SD,1,0,5
L07,S053,Full-SD,1,0,4
L07,S054,Full-SD,0,0,4
L07,S055,Full-SD,1,0,4
L07,S056,Full-SD,1,0,4
L07,S057,Full-SD,1,0,4
L07,S058,Full-SD,1,0,4
L07,S059,Full-SD,1,0,4
L07,S060,Full-SD,0,1,4
L07,S061,Full-SD,1,0,4
L07,S062,Full-SD,0,1,4
L07,S063,Full-SD,0,0,4
L07,S064,Full-SD,1,0,4
L07,S065,Full-SD,1,0,4
L07,S066,Full-SD,0,0,4
L07,S067,Full-SD,0,0,4
L07,S068,Full-SD,0,0,4
L07,S069,Full-SD,1,0,4
L07,S070,Full-SD,0,0,4
L07,S071,Full-SD,1,0,4
L07,S072,Full-SD,1,0,4
L07,S073,Full-SD,0,0,4
L07,S074,Full-SD,1,0,4
L07,S075,Full-SD,0,1,4
L07,S076,Full-SD,1,0,4
L07,S077,Full-SD,1,0,4
L07,S078,Full-SD,0,0,4
L07,S079,Full-SD,1,0,4
L07,S080,Full-SD,1,0,4
L07,S081,Full-SD,0,1,4
L07,S082,Full-SD,1,0,4
L07,S083,Full-SD,0,0,4
L07,S084,Full-SD,0,0,4
L07,S085,Full-SD,1,0,4
L07,S086,Full-SD,0,1,4
L07,S087,Full-SD,1,0,4
L07,S088,Full-SD,1,0,4
L07,S089,Full-SD,1,0,4
L07,S090,Full-SD,1,0,4
L07,S091,Full-SD,0,1,4
L07,S092,Full-SD,1,0,4
L07,S093,Full-SD,1,0,4
L07,S094,Full-SD,1,0,4
L07,S095,Full-SD,1,0,4
L07,S096,Full-SD,1,0,4
L07,S097,Full-SD,1,0,4
L07,S098,Full-SD,0,0,4
L07,S099,Full-SD,0,0,4
L07,S100,Full-SD,0,0,4
L07,S101,Full-SD,1,0,4
L07,S102,Full-SD,0,0,4
L07,S103,Full-SD,1,0,4
L07,S104,Full-SD,1,0,4
L07,S105,Full-SD,0,0,4
L07,S106,Full-SD,0,0,4
L07,S107,Full-SD,0,0,4
L07,S108,Full-SD,1,0,4
L07,S109,Full-SD,1,0,4
L07,S110,Full-SD,1,0,4
L07,S111,Full-SD,1,0,4
L07,S112,Full-SD,1,0,4
L07,S113,Full-SD,0,0,4
L07,S114,Full-SD,1,0,4
L07,S115,Full-SD,1,0,4
L07,S116,Full-SD,0,1,4
L07,S117,Full-SD,1,0,4
L07,S118,Full-SD,0,0,4
L07,S119,Full-SD,0,1,4
L07,S120,Full-SD,1,0,4
L08,S001,Full-SD,0,0,4
L08,S002,Full-SD,1,0,4
L08,S003,Full-SD,0,1,4
L08,S004,Full-SD,0,1,4
L08,S005,Full-SD,0,0,4
L08,S006,Full-SD,1,0,4
L08,S007,Full-SD,0,1,4
L08,S008,Full-SD,1,0,5
L08,S009,Full-SD,1,0,4
L08,S010,Full-SD,0,0,4
L08,S011,Full-SD,0,1,4
L08,S012,Full-SD,1,0,4
L08,S013,Full-SD,0,0,4
L08,S014,Full-SD,1,0,4
L08,S015,Full-SD,1,0,4
L08,S016,Full-SD,1,0,4
L08,S017,Full-SD,1,0,4
L08,S018,Full-SD,1,0,4
L08,S019,Full-SD,1,0,4
L08,S020,Full-SD,1,0,4
L08,S021,Full-SD,1,0,4
L08,S022,Full-SD,1,0,4
L08,S023,Full-SD,0,1,4
L08,S024,Full-SD,1,0,4
L08,S025,Full-SD,0,0,5
L08,S026,Full-SD,1,0,4
L08,S027,Full-SD,1,0,4
L08,S028,Full-SD,1,0,4
L08,S029,Full-SD,1,0,4
L08,S030,Full-SD,1,0,4
L08,S031,Full-SD,0,0,4
L08,S032,Full-SD,0,1,4
L08,S033,Full-SD,1,0,4
L08,S034,Full-SD,0,1,4
L08,S035,Full-SD,0,0,4
L08,S036,Full-SD,0,0,4
L08,S037,Full-SD,1,0,4
L08,S038,Full-SD,1,0,4
L08,S039,Full-SD,1,0,4
L08,S040,Full-SD,1,0,4
L08,S041,Full-SD,1,0,4
L08,S042,Full-SD,0,0,4
L08,S043,Full-SD,0,1,4
L08,S044,Full-SD,1,0,4
L08,S045,Full-SD,0,0,4
L08,S046,Full-SD,1,0,4
L08,S047,Full-SD,0,0,5
L08,S048,Full-SD,0,0,4
L08,S049,Full-SD,1,0,4
L08,S050,Full-SD,1,0,4
L08,S051,Full-SD,1,0,4
L08,S052,Full-SD,1,0,4
L08,S053,Full-SD,1,0,4
L08,S054,Full-SD,0,0,4
L08,S055,Full-SD,1,0,4
L08,S056,Full-SD,1,0,4
L08,S057,Full-SD,1,0,4
L08,S058,Full-SD,0,1,4
L08,S059,Full-SD,0,0,4
L08,S060,Full-SD,1,0,4
L08,S061,Full-SD,1,0,4
L08,S062,Full-SD,0,0,4
L08,S063,Full-SD,0,0,4
L08,S064,Full-SD,1,0,4
L08,S065,Full-SD,1,0,4
L08,S066,Full-SD,0,0,4
L08,S067,Full-SD,1,0,4
L08,S068,Full-SD,1,0,4
L08,S069,Full-SD,1,0,4
L08,S070,Full-SD,0,1,4
L08,S071,Full-SD,1,0,4
L08,S072,Full-SD,1,0,4
L08,S073,Full-SD,1,0,4
L08,S074,Full-SD,0,0,4
L08,S075,Full-SD,1,0,4
L08,S076,Full-SD,0,0,4
L08,S077,Full-SD,0,1,4
L08,S078,Full-SD,1,0,4
L08,S079,Full-SD,1,0,4
L08,S080,Full-SD,0,0,4
L08,S081,Full-SD,1,0,4
L08,S082,Full-SD,1,0,4
L08,S083,Full-SD,0,0,4
L08,S084,Full-SD,1,0,4
L08,S085,Full-SD,1,0,4
L08,S086,Full-SD,1,0,4
L08,S087,Full-SD,1,0,4
L08,S088,Full-SD,1,0,4
L08,S089,Full-SD,0,1,4
L08,S090,Full-SD,0,0,5
L08,S091,Full-SD,1,0,4
L08,S092,Full-SD,1,0,4
L08,S093,Full-SD,1,0,4
L08,S094,Full-SD,0,0,4
L08,S095,Full-SD,1,0,4
L08,S096,Full-SD,1,0,4
L08,S097,Full-SD,0,0,4
L08,S098,Full-SD,1,0,4
L08,S099,Full-SD,1,0,4
L08,S100,Full-SD,1,0,4
L08,S101,Full-SD,1,0,4
L08,S102,Full-SD,0,0,4
L08,S103,Full-SD,1,0,4
L08,S104,Full-SD,1,0,4
L08,S105,Full-SD,0,0,4
L08,S106,Full-SD,1,0,4
L08,S107,Full-SD,1,0,4
L08,S108,Full-SD,1,0,4
L08,S109,Full-SD,1,0,4
L08,S110,Full-SD,1,0,4
L08,S111,Full-SD,0,0,4
L08,S112,Full-SD,1,0,4
L08,S113,Full-SD,1,0,4
L08,S114,Full-SD,1,0,4
L08,S115,Full-SD,1,0,4
L08,S116,Full-SD,1,0,4
L08,S117,Full-SD,1,0,4
L08,S118,Full-SD,0,0,4
L08,S119,Full-SD,1,0,4
L08,S120,Full-SD,1,0,4
L09,S001,Full-SD,1,0,4
L09,S002,Full-SD,1,0,4
L09,S003,Full-SD,0,1,4
L09,S004,Full-SD,0,0,4
L09,S005,Full-SD,1,0,4
L09,S006,Full-SD,1,0,4
L09,S007,Full-SD,1,0,4
L09,S008,Full-SD,1,0,4
L09,S009,Full-SD,1,0,4
L09,S010,Full-SD,1,0,4
L09,S011,Full-SD,0,0,4
L09,S012,Full-SD,1,0,4
L09,S013,Full-SD,0,0,4
L09,S014,Full-SD,1,0,4
L09,S015,Full-SD,1,0,4
L09,S016,Full-SD,1,0,4
L09,S017,Full-SD,1,0,4
L09,S018,Full-SD,1,0,4
L09,S019,Full-SD,1,0,4
L09,S020,Full-SD,1,0,4
L09,S021,Full-SD,1,0,4
L09,S022,Full-SD,1,0,4
L09,S023,Full-SD,1,0,4
L09,S024,Full-SD,1,0,4
L09,S025,Full-SD,0,1,4
L09,S026,Full-SD,1,0,4
L09,S027,Full-SD,0,1,4
L09,S028,Full-SD,1,0,4
L09,S029,Full-SD,0,0,4
L09,S030,Full-SD,1,0,4
L09,S031,Full-SD,1,0,4
L09,S032,Full-SD,1,0,4
L09,S033,Full-SD,1,0,4
L09,S034,Full-SD,1,0,4
L09,S035,Full-SD,1,0,4
L09,S036,Full-SD,0,0,4
L09,S037,Full-SD,0,0,4
L09,S038,Full-SD,1,0,4
L09,S039,Full-SD,1,0,4
L09,S040,Full-SD,1,0,4
L09,S041,Full-SD,1,0,4
L09,S042,Full-SD,0,0,4
L09,S043,Full-SD,0,1,4
L09,S044,Full-SD,0,0,4
L09,S045,Full-SD,1,0,4
L09,S046,Full-SD,0,0,4
L09,S047,Full-SD,1,0,4
L09,S048,Full-SD,0,0,4
L09,S049,Full-SD,1,0,4
L09,S050,Full-SD,1,0,4
L09,S051,Full-SD,1,0,4
L09,S052,Full-SD,1,0,4
L09,S053,Full-SD,1,0,5
L09,S054,Full-SD,1,0,4
L09,S055,Full-SD,0,0,4
L09,S056,Full-SD,1,0,4
L09,S057,Full-SD,1,0,4
L09,S058,Full-SD,1,0,4
L09,S059,Full-SD,0,0,4
L09,S060,Full-SD,0,0,4
L09,S061,Full-SD,1,0,4
L09,S062,Full-SD,0,0,4
L09,S063,Full-SD,1,0,4
L09,S064,Full-SD,1,0,4
L09,S065,Full-SD,0,0,4
L09,S066,Full-SD,1,0,4
L09,S067,Full-SD,0,0,4
L09,S068,Full-SD,0,1,5
L09,S069,Full-SD,1,0,4
L09,S070,Full-SD,1,0,4
L09,S071,Full-SD,0,1,4
L09,S072,Full-SD,0,0,4
L09,S073,Full-SD,1,0,4
L09,S074,Full-SD,0,1,4
L09,S075,Full-SD,0,0,4
L09,S076,Full-SD,1,0,4
L09,S077,Full-SD,1,0,4
L09,S078,Full-SD,1,0,4
L09,S079,Full-SD,1,0,4
L09,S080,Full-SD,1,0,4
L09,S081,Full-SD,1,0,4
L09,S082,Full-SD,1,0,4
L09,S083,Full-SD,0,0,4
L09,S084,Full-SD,1,0,4
L09,S085,Full-SD,1,0,4
L09,S086,Full-SD,1,0,4
L09,S087,Full-SD,1,0,4
L09,S088,Full-SD,1,0,4
L09,S089,Full-SD,1,0,4
L09,S090,Full-SD,0,1,4
L09,S091,Full-SD,1,0,4
L09,S092,Full-SD,1,0,4
L09,S093,Full-SD,0,0,4
L09,S094,Full-SD,1,0,5
L09,S095,Full-SD,0,0,4
L09,S096,Full-SD,1,0,4
L09,S097,Full-SD,1,0,4
L09,S098,Full-SD,0,0,4
L09,S099,Full-SD,1,0,4
L09,S100,Full-SD,1,0,4
L09,S101,Full-SD,0,0,4
L09,S102,Full-SD,1,0,4
L09,S103,Full-SD,1,0,4
L09,S104,Full-SD,1,0,4
L09,S105,Full-SD,0,0,5
L09,S106,Full-SD,1,0,4
L09,S107,Full-SD,1,0,4
L09,S108,Full-SD,1,0,4
L09,S109,Full-SD,1,0,4
L09,S110,Full-SD,0,0,5
L09,S111,Full-SD,0,0,4
L09,S112,Full-SD,1,0,4
L09,S113,Full-SD,0,0,4
L09,S114,Full-SD,1,0,4
L09,S115,Full-SD,0,1,4
L09,S116,Full-SD,1,0,4
L09,S117,Full-SD,0,0,4
L09,S118,Full-SD,1,0,4
L09,S119,Full-SD,0,1,4
L09,S120,Full-SD,1,0,4
L10,S001,Full-SD,0,0,4
L10,S002,Full-SD,1,0,4
L10,S003,Full-SD,1,0,4
L10,S004,Full-SD,0,0,4
L10,S005,Full-SD,1,0,4
L10,S006,Full-SD,1,0,4
L10,S007,Full-SD,1,0,4
L10,S008,Full-SD,0,1,4
L10,S009,Full-SD,0,1,4
L10,S010,Full-SD,1,0,4
L10,S011,Full-SD,0,0,4
L10,S012,Full-SD,1,0,4
L10,S013,Full-SD,1,0,4
L10,S014,Full-SD,1,0,4
L10,S015,Full-SD,1,0,4
L10,S016,Full-SD,1,0,4
L10,S017,Full-SD,1,0,4
L10,S018,Full-SD,1,0,4
L10,S019,Full-SD,0,0,4
L10,S020,Full-SD,1,0,5
L10,S021,Full-SD,0,1,4
L10,S022,Full-SD,1,0,4
L10,S023,Full-SD,1,0,4
L10,S024,Full-SD,0,1,4
L10,S025,Full-SD,0,0,4
L10,S026,Full-SD,0,0,4
L10,S027,Full-SD,1,0,4
L10,S028,Full-SD,1,0,4
L10,S029,Full-SD,1,0,4
L10,S030,Full-SD,0,1,5
L10,S031,Full-SD,1,0,4
L10,S032,Full-SD,0,0,4
L10,S033,Full-SD,1,0,4
L10,S034,Full-SD,1,0,4
L10,S035,Full-SD,0,0,4
L10,S036,Full-SD,0,1,4
L10,S037,Full-SD,1,0,4
L10,S038,Full-SD,0,1,5
L10,S039,Full-SD,1,0,4
L10,S040,Full-SD,1,0,4
L10,S041,Full-SD,0,1,4
L10,S042,Full-SD,1,0,4
L10,S043,Full-SD,1,0,4
L10,S044,Full-SD,1,0,4
L10,S045,Full-SD,1,0,4
L10,S046,Full-SD,0,0,4
L10,S047,Full-SD,1,0,4
L10,S048,Full-SD,0,0,4
L10,S049,Full-SD,1,0,4
L10,S050,Full-SD,0,0,5
L10,S051,Full-SD,1,0,4
L10,S052,Full-SD,1,0,4
L10,S053,Full-SD,1,0,4
L10,S054,Full-SD,1,0,4
L10,S055,Full-SD,0,0,4
L10,S056,Full-SD,1,0,4
L10,S057,Full-SD,1,0,4
L10,S058,Full-SD,1,0,5
L10,S059,Full-SD,1,0,4
L10,S060,Full-SD,1,0,4
L10,S061,Full-SD,0,1,4
L10,S062,Full-SD,1,0,4
L10,S063,Full-SD,0,0,4
L10,S064,Full-SD,0,1,4
L10,S065,Full-SD,1,0,4
L10,S066,Full-SD,0,0,4
L10,S067,Full-SD,1,0,4
L10,S068,Full-SD,1,0,4
L10,S069,Full-SD,1,0,4
L10,S070,Full-SD,1,0,4
L10,S071,Full-SD,1,0,4
L10,S072,Full-SD,1,0,4
L10,S073,Full-SD,1,0,5
L10,S074,Full-SD,1,0,4
L10,S075,Full-SD,1,0,4
L10,S076,Full-SD,1,0,4
L10,S077,Full-SD,1,0,4
L10,S078,Full-SD,0,1,4
L10,S079,Full-SD,0,0,4
L10,S080,Full-SD,1,0,4
L10,S081,Full-SD,1,0,4
L10,S082,Full-SD,1,0,4
L10,S083,Full-SD,1,0,4
L10,S084,Full-SD,1,0,4
L10,S085,Full-SD,1,0,4
L10,S086,Full-SD,1,0,4
L10,S087,Full-SD,1,0,5
L10,S088,Full-SD,1,0,4
L10,S089,Full-SD,0,0,4
L10,S090,Full-SD,1,0,4
L10,S091,Full-SD,1,0,4
L10,S092,Full-SD,1,0,4
L10,S093,Full-SD,1,0,4
L10,S094,Full-SD,1,0,4
L10,S095,Full-SD,1,0,4
L10,S096,Full-SD,1,0,4
L10,S097,Full-SD,1,0,5
L10,S098,Full-SD,1,0,4
L10,S099,Full-SD,1,0,4
L10,S100,Full-SD,1,0,4
L10,S101,Full-SD,1,0,4
L10,S102,Full-SD,0,0,4
L10,S103,Full-SD,1,0,4
L10,S104,Full-SD,1,0,4
L10,S105,Full-SD,0,0,4
L10,S106,Full-SD,1,0,4
L10,S107,Full-SD,1,0,4
L10,S108,Full-SD,0,1,4
L10,S109,Full-SD,0,0,4
L10,S110,Full-SD,0,0,4
L10,S111,Full-SD,0,0,4
L10,S112,Full-SD,1,0,4
L10,S113,Full-SD,1,0,4
L10,S114,Full-SD,1,0,4
L10,S115,Full-SD,1,0,4
L10,S116,Full-SD,0,0,4
L10,S117,Full-SD,0,0,4
L10,S118,Full-SD,1,0,4
L10,S119,Full-SD,1,0,4
L10,S120,Full-SD,1,0,4
L01,S001,Random-Local,1,0,4
L01,S002,Random-Local,0,1,4
L01,S003,Random-Local,1,0,4
L01,S004,Random-Local,1,0,4
L01,S005,Random-Local,0,0,4
L01,S006,Random-Local,1,0,4
L01,S007,Random-Local,1,0,4
L01,S008,Random-Local,0,0,4
L01,S009,Random-Local,0,1,4
L01,S010,Random-Local,1,0,5
L01,S011,Random-Local,0,1,4
L01,S012,Random-Local,1,0,4
L01,S013,Random-Local,1,0,4
L01,S014,Random-Local,1,0,4
L01,S015,Random-Local,1,0,4
L01,S016,Random-Local,1,0,4
L01,S017,Random-Local,1,0,4
L01,S018,Random-Local,0,0,4
L01,S019,Random-Local,1,0,4
L01,S020,Random-Local,1,0,4
L01,S021,Random-Local,0,0,4
L01,S022,Random-Local,1,0,4
L01,S023,Random-Local,1,0,4
L01,S024,Random-Local,1,0,4
L01,S025,Random-Local,0,1,4
L01,S026,Random-Local,1,0,4
L01,S027,Random-Local,0,1,4
L01,S028,Random-Local,1,0,4
L01,S029,Random-Local,1,0,4
L01,S030,Random-Local,0,0,4
L01,S031,Random-Local,1,0,4
L01,S032,Random-Local,1,0,4
L01,S033,Random-Local,0,0,4
L01,S034,Random-Local,1,0,5
L01,S035,Random-Local,1,0,4
L01,S036,Random-Local,0,0,4
L01,S037,Random-Local,1,0,4
L01,S038,Random-Local,1,0,4
L01,S039,Random-Local,1,0,4
L01,S040,Random-Local,1,0,4
L01,S041,Random-Local,1,0,4
L01,S042,Random-Local,1,0,4
L01,S043,Random-Local,1,0,4
L01,S044,Random-Local,0,0,5
L01,S045,Random-Local,0,1,4
L01,S046,Random-Local,0,0,4
L01,S047,Random-Local,1,0,4
L01,S048,Random-Local,0,0,4
L01,S049,Random-Local,1,0,4
L01,S050,Random-Local,1,0,4
L01,S051,Random-Local,0,0,4
L01,S052,Random-Local,0,0,4
L01,S053,Random-Local,1,0,4
L01,S054,Random-Local,0,1,4
L01,S055,Random-Local,1,0,4
L01,S056,Random-Local,1,0,4
L01,S057,Random-Local,0,0,4
L01,S058,Random-Local,1,0,4
L01,S059,Random-Local,0,1,4
L01,S060,Random-Local,1,0,4
L01,S061,Random-Local,0,1,4
L01,S062,Random-Local,1,0,4
L01,S063,Random-Local,0,0,4
L01,S064,Random-Local,1,0,4
L01,S065,Random-Local,1,0,5
L01,S066,Random-Local,1,0,4
L01,S067,Random-Local,0,0,4
L01,S068,Random-Local,1,0,4
L01,S069,Random-Local,1,0,4
L01,S070,Random-Local,1,0,4
L01,S071,Random-Local,1,0,4
L01,S072,Random-Local,0,1,4
L01,S073,Random-Local,1,0,4
L01,S074,Random-Local,0,0,4
L01,S075,Random-Local,0,1,4
L01,S076,Random-Local,1,0,4
L01,S077,Random-Local,1,0,4
L01,S078,Random-Local,1,0,4
L01,S079,Random-Local,0,0,4
L01,S080,Random-Local,1,0,4
L01,S081,Random-Local,0,0,4
L01,S082,Random-Local,1,0,4
L01,S083,Random-Local,1,0,4
L01,S084,Random-Local,1,0,4
L01,S085,Random-Local,0,0,4
L01,S086,Random-Local,1,0,4
L01,S087,Random-Local,0,0,4
L01,S088,Random-Local,0,0,4
L01,S089,Random-Local,1,0,5
L01,S090,Random-Local,0,0,4
L01,S091,Random-Local,1,0,4
L01,S092,Random-Local,0,0,4
L01,S093,Random-Local,0,1,4
L01,S094,Random-Local,1,0,4
L01,S095,Random-Local,1,0,4
L01,S096,Random-Local,0,1,4
L01,S097,Random-Local,1,0,4
L01,S098,Random-Local,0,0,4
L01,S099,Random-Local,0,0,4
L01,S100,Random-Local,1,0,4
L01,S101,Random-Local,1,0,4
L01,S102,Random-Local,1,0,4
L01,S103,Random-Local,1,0,4
L01,S104,Random-Local,0,0,4
L01,S105,Random-Local,1,0,4
L01,S106,Random-Local,1,0,4
L01,S107,Random-Local,1,0,4
L01,S108,Random-Local,0,1,4
L01,S109,Random-Local,0,1,4
L01,S110,Random-Local,1,0,4
L01,S111,Random-Local,0,0,4
L01,S112,Random-Local,0,0,4
L01,S113,Random-Local,1,0,4
L01,S114,Random-Local,0,0,4
L01,S115,Random-Local,1,0,4
L01,S116,Random-Local,0,0,4
L01,S117,Random-Local,1,0,4
L01,S118,Random-Local,1,0,4
L01,S119,Random-Local,1,0,4
L01,S120,Random-Local,0,1,4
L02,S001,Random-Local,0,1,4
L02,S002,Random-Local,1,0,4
L02,S003,Random-Local,1,0,4
L02,S004,Random-Local,1,0,4
L02,S005,Random-Local,1,0,4
L02,S006,Random-Local,0,0,4
L02,S007,Random-Local,0,1,4
L02,S008,Random-Local,0,0,4
L02,S009,Random-Local,1,0,4
L02,S010,Random-Local,1,0,4
L02,S011,Random-Local,1,0,4
L02,S012,Random-Local,1,0,4
L02,S013,Random-Local,1,0,5
L02,S014,Random-Local,0,1,4
L02,S015,Random-Local,0,0,4
L02,S016,Random-Local,1,0,4
L02,S017,Random-Local,1,0,4
L02,S018,Random-Local,1,0,4
L02,S019,Random-Local,0,0,4
L02,S020,Random-Local,1,0,4
L02,S021,Random-Local,0,1,4
L02,S022,Random-Local,1,0,4
L02,S023,Random-Local,1,0,4
L02,S024,Random-Local,1,0,4
L02,S025,Random-Local,1,0,4
L02,S026,Random-Local,0,0,4
L02,S027,Random-Local,1,0,4
L02,S028,Random-Local,1,0,4
L02,S029,Random-Local,0,1,4
L02,S030,Random-Local,1,0,4
L02,S031,Random-Local,1,0,4
L02,S032,Random-Local,1,0,4
L02,S033,Random-Local,0,0,4
L02,S034,Random-Local,1,0,4
L02,S035,Random-Local,1,0,4
L02,S036,Random-Local,0,1,4
L02,S037,Random-Local,1,0,4
L02,S038,Random-Local,0,1,4
L02,S039,Random-Local,0,1,4
L02,S040,Random-Local,1,0,4
L02,S041,Random-Local,1,0,4
L02,S042,Random-Local,0,0,4
L02,S043,Random-Local,1,0,4
L02,S044,Random-Local,1,0,4
L02,S045,Random-Local,1,0,4
L02,S046,Random-Local,0,0,4
L02,S047,Random-Local,1,0,4
L02,S048,Random-Local,1,0,4
L02,S049,Random-Local,0,0,4
L02,S050,Random-Local,0,1,4
L02,S051,Random-Local,1,0,4
L02,S052,Random-Local,1,0,4
L02,S053,Random-Local,1,0,4
L02,S054,Random-Local,1,0,4
L02,S055,Random-Local,0,0,4
L02,S056,Random-Local,0,0,4
L02,S057,Random-Local,1,0,4
L02,S058,Random-Local,1,0,4
L02,S059,Random-Local,1,0,4
L02,S060,Random-Local,0,1,4
L02,S061,Random-Local,1,0,4
L02,S062,Random-Local,1,0,4
L02,S063,Random-Local,0,1,4
L02,S064,Random-Local,0,1,4
L02,S065,Random-Local,0,1,4
L02,S066,Random-Local,0,1,4
L02,S067,Random-Local,1,0,4
L02,S068,Random-Local,1,0,4
L02,S069,Random-Local,0,0,4
L02,S070,Random-Local,1,0,4
L02,S071,Random-Local,0,1,4
L02,S072,Random-Local,1,0,4
L02,S073,Random-Local,1,0,4
L02,S074,Random-Local,1,0,4
L02,S075,Random-Local,1,0,4
L02,S076,Random-Local,1,0,4
L02,S077,Random-Local,0,0,4
L02,S078,Random-Local,0,0,4
L02,S079,Random-Local,1,0,4
L02,S080,Random-Local,1,0,4
L02,S081,Random-Local,1,0,4
L02,S082,Random-Local,1,0,4
L02,S083,Random-Local,0,1,4
L02,S084,Random-Local,1,0,4
L02,S085,Random-Local,0,0,4
L02,S086,Random-Local,1,0,4
L02,S087,Random-Local,1,0,4
L02,S088,Random-Local,1,0,4
L02,S089,Random-Local,1,0,4
L02,S090,Random-Local,1,0,4
L02,S091,Random-Local,1,0,4
L02,S092,Random-Local,1,0,4
L02,S093,Random-Local,1,0,4
L02,S094,Random-Local,1,0,4
L02,S095,Random-Local,1,0,4
L02,S096,Random-Local,1,0,4
L02,S097,Random-Local,1,0,4
L02,S098,Random-Local,1,0,4
L02,S099,Random-Local,1,0,4
L02,S100,Random-Local,0,0,4
L02,S101,Random-Local,1,0,4
L02,S102,Random-Local,1,0,4
L02,S103,Random-Local,1,0,4
L02,S104,Random-Local,0,0,4
L02,S105,Random-Local,0,0,4
L02,S106,Random-Local,1,0,5
L02,S107,Random-Local,1,0,4
L02,S108,Random-Local,1,0,4
L02,S109,Random-Local,1,0,4
L02,S110,Random-Local,0,1,4
L02,S111,Random-Local,1,0,4
L02,S112,Random-Local,1,0,4
L02,S113,Random-Local,1,0,4
L02,S114,Random-Local,0,0,4
L02,S115,Random-Local,0,1,4
L02,S116,Random-Local,0,0,4
L02,S117,Random-Local,1,0,4
L02,S118,Random-Local,0,0,4
L02,S119,Random-Local,0,1,4
L02,S120,Random-Local,0,0,4
L03,S001,Random-Local,0,0,4
L03,S002,Random-Local,1,0,4
L03,S003,Random-Local,0,1,4
L03,S004,Random-Local,0,1,4
L03,S005,Random-Local,1,0,4
L03,S006,Random-Local,1,0,4
L03,S007,Random-Local,0,0,4
L03,S008,Random-Local,1,0,4
L03,S009,Random-Local,1,0,4
L03,S010,Random-Local,1,0,4
L03,S011,Random-Local,1,0,4
L03,S012,Random-Local,1,0,4
L03,S013,Random-Local,0,1,4
L03,S014,Random-Local,0,1,4
L03,S015,Random-Local,1,0,4
L03,S016,Random-Local,0,0,4
L03,S017,Random-Local,0,1,4
L03,S018,Random-Local,0,0,4
L03,S019,Random-Local,1,0,4
L03,S020,Random-Local,1,0,4
L03,S021,Random-Local,1,0,4
L03,S022,Random-Local,1,0,4
L03,S023,Random-Local,1,0,5
L03,S024,Random-Local,1,0,4
L03,S025,Random-Local,1,0,4
L03,S026,Random-Local,1,0,4
L03,S027,Random-Local,0,1,4
L03,S028,Random-Local,1,0,4
L03,S029,Random-Local,0,0,4
L03,S030,Random-Local,1,0,4
L03,S031,Random-Local,1,0,4
L03,S032,Random-Local,0,1,4
L03,S033,Random-Local,1,0,4
L03,S034,Random-Local,0,0,4
L03,S035,Random-Local,1,0,4
L03,S036,Random-Local,0,0,4
L03,S037,Random-Local,1,0,4
L03,S038,Random-Local,1,0,4
L03,S039,Random-Local,1,0,4
L03,S040,Random-Local,1,0,4
L03,S041,Random-Local,1,0,5
L03,S042,Random-Local,1,0,4
L03,S043,Random-Local,0,0,4
L03,S044,Random-Local,0,0,4
L03,S045,Random-Local,1,0,4
L03,S046,Random-Local,1,0,4
L03,S047,Random-Local,0,0,4
L03,S048,Random-Local,1,0,4
L03,S049,Random-Local,1,0,4
L03,S050,Random-Local,1,0,4
L03,S051,Random-Local,1,0,4
L03,S052,Random-Local,1,0,4
L03,S053,Random-Local,1,0,4
L03,S054,Random-Local,1,0,4
L03,S055,Random-Local,1,0,5
L03,S056,Random-Local,0,0,4
L03,S057,Random-Local,0,1,4
L03,S058,Random-Local,0,0,4
L03,S059,Random-Local,0,1,4
L03,S060,Random-Local,0,0,4
L03,S061,Random-Local,1,0,4
L03,S062,Random-Local,0,0,4
L03,S063,Random-Local,0,0,4
L03,S064,Random-Local,1,0,4
L03,S065,Random-Local,0,1,4
L03,S066,Random-Local,0,0,4
L03,S067,Random-Local,1,0,4
L03,S068,Random-Local,0,1,4
L03,S069,Random-Local,0,0,4
L03,S070,Random-Local,0,1,4
L03,S071,Random-Local,0,0,4
L03,S072,Random-Local,0,0,4
L03,S073,Random-Local,1,0,4
L03,S074,Random-Local,0,0,4
L03,S075,Random-Local,1,0,4
L03,S076,Random-Local,0,1,4
L03,S077,Random-Local,1,0,4
L03,S078,Random-Local,1,0,4
L03,S079,Random-Local,0,0,4
L03,S080,Random-Local,1,0,4
L03,S081,Random-Local,0,0,4
L03,S082,Random-Local,0,0,4
L03,S083,Random-Local,1,0,4
L03,S084,Random-Local,1,0,4
L03,S085,Random-Local,1,0,4
L03,S086,Random-Local,1,0,4
L03,S087,Random-Local,0,0,4
L03,S088,Random-Local,1,0,4
L03,S089,Random-Local,1,0,4
L03,S090,Random-Local,1,0,4
L03,S091,Random-Local,1,0,4
L03,S092,Random-Local,1,0,4
L03,S093,Random-Local,1,0,4
L03,S094,Random-Local,1,0,4
L03,S095,Random-Local,0,1,4
L03,S096,Random-Local,1,0,4
L03,S097,Random-Local,0,0,4
L03,S098,Random-Local,1,0,4
L03,S099,Random-Local,0,0,4
L03,S100,Random-Local,1,0,4
L03,S101,Random-Local,1,0,4
L03,S102,Random-Local,1,0,4
L03,S103,Random-Local,1,0,4
L03,S104,Random-Local,1,0,4
L03,S105,Random-Local,1,0,4
L03,S106,Random-Local,0,0,4
L03,S107,Random-Local,0,0,4
L03,S108,Random-Local,0,0,4
L03,S109,Random-Local,0,0,5
L03,S110,Random-Local,1,0,4
L03,S111,Random-Local,0,1,4
L03,S112,Random-Local,1,0,4
L03,S113,Random-Local,1,0,4
L03,S114,Random-Local,0,0,4
L03,S115,Random-Local,1,0,4
L03,S116,Random-Local,1,0,4
L03,S117,Random-Local,1,0,4
L03,S118,Random-Local,1,0,4
L03,S119,Random-Local,1,0,4
L03,S120,Random-Local,0,0,4
L04,S001,Random-Local,0,0,4
L04,S002,Random-Local,1,0,4
L04,S003,Random-Local,0,0,4
L04,S004,Random-Local,1,0,4
L04,S005,Random-Local,0,0,4
L04,S006,Random-Local,0,1,4
L04,S007,Random-Local,1,0,4
L04,S008,Random-Local,1,0,4
L04,S009,Random-Local,1,0,4
L04,S010,Random-Local,0,1,5
L04,S011,Random-Local,0,1,4
L04,S012,Random-Local,0,0,4
L04,S013,Random-Local,0,0,4
L04,S014,Random-Local,1,0,4
L04,S015,Random-Local,1,0,4
L04,S016,Random-Local,1,0,4
L04,S017,Random-Local,0,1,4
L04,S018,Random-Local,1,0,4
L04,S019,Random-Local,0,1,4
L04,S020,Random-Local,1,0,4
L04,S021,Random-Local,1,0,4
L04,S022,Random-Local,1,0,5
L04,S023,Random-Local,0,0,4
L04,S024,Random-Local,1,0,4
L04,S025,Random-Local,1,0,4
L04,S026,Random-Local,1,0,4
L04,S027,Random-Local,1,0,4
L04,S028,Random-Local,1,0,4
L04,S029,Random-Local,1,0,4
L04,S030,Random-Local,1,0,5
L04,S031,Random-Local,1,0,4
L04,S032,Random-Local,1,0,4
L04,S033,Random-Local,1,0,4
L04,S034,Random-Local,1,0,4
L04,S035,Random-Local,1,0,4
L04,S036,Random-Local,1,0,4
L04,S037,Random-Local,0,0,4
L04,S038,Random-Local,1,0,4
L04,S039,Random-Local,1,0,4
L04,S040,Random-Local,1,0,4
L04,S041,Random-Local,1,0,4
L04,S042,Random-Local,1,0,4
L04,S043,Random-Local,1,0,4
L04,S044,Random-Local,1,0,4
L04,S045,Random-Local,1,0,4
L04,S046,Random-Local,0,0,4
L04,S047,Random-Local,1,0,4
L04,S048,Random-Local,1,0,4
L04,S049,Random-Local,1,0,4
L04,S050,Random-Local,1,0,4
L04,S051,Random-Local,1,0,4
L04,S052,Random-Local,1,0,4
L04,S053,Random-Local,1,0,4
L04,S054,Random-Local,0,1,4
L04,S055,Random-Local,1,0,5
L04,S056,Random-Local,0,0,4
L04,S057,Random-Local,1,0,4
L04,S058,Random-Local,1,0,4
L04,S059,Random-Local,1,0,4
L04,S060,Random-Local,1,0,4
L04,S061,Random-Local,1,0,4
L04,S062,Random-Local,0,0,4
L04,S063,Random-Local,0,1,4
L04,S064,Random-Local,1,0,4
L04,S065,Random-Local,1,0,4
L04,S066,Random-Local,0,0,4
L04,S067,Random-Local,1,0,4
L04,S068,Random-Local,0,0,4
L04,S069,Random-Local,1,0,4
L04,S070,Random-Local,0,0,4
L04,S071,Random-Local,1,0,4
L04,S072,Random-Local,1,0,4
L04,S073,Random-Local,1,0,4
L04,S074,Random-Local,1,0,4
L04,S075,Random-Local,0,0,4
L04,S076,Random-Local,1,0,4
L04,S077,Random-Local,0,1,4
L04,S078,Random-Local,0,1,4
L04,S079,Random-Local,0,0,4
L04,S080,Random-Local,1,0,4
L04,S081,Random-Local,0,0,4
L04,S082,Random-Local,1,0,4
L04,S083,Random-Local,0,1,4
L04,S084,Random-Local,0,0,4
L04,S085,Random-Local,0,0,4
L04,S086,Random-Local,1,0,4
L04,S087,Random-Local,0,1,4
L04,S088,Random-Local,1,0,4
L04,S089,Random-Local,0,1,4
L04,S090,Random-Local,1,0,4
L04,S091,Random-Local,0,0,4
L04,S092,Random-Local,1,0,4
L04,S093,Random-Local,1,0,4
L04,S094,Random-Local,1,0,4
L04,S095,Random-Local,1,0,4
L04,S096,Random-Local,0,1,4
L04,S097,Random-Local,0,1,4
L04,S098,Random-Local,1,0,4
L04,S099,Random-Local,0,1,4
L04,S100,Random-Local,1,0,4
L04,S101,Random-Local,1,0,4
L04,S102,Random-Local,1,0,4
L04,S103,Random-Local,0,1,4
L04,S104,Random-Local,1,0,4
L04,S105,Random-Local,1,0,4
L04,S106,Random-Local,1,0,4
L04,S107,Random-Local,1,0,4
L04,S108,Random-Local,0,0,4
L04,S109,Random-Local,1,0,4
L04,S110,Random-Local,1,0,4
L04,S111,Random-Local,0,1,4
L04,S112,Random-Local,1,0,4
L04,S113,Random-Local,0,1,4
L04,S114,Random-Local,1,0,4
L04,S115,Random-Local,1,0,4
L04,S116,Random-Local,0,1,4
L04,S117,Random-Local,1,0,4
L04,S118,Random-Local,1,0,4
L04,S119,Random-Local,1,0,4
L04,S120,Random-Local,1,0,4
L05,S001,Random-Local,0,0,4
L05,S002,Random-Local,1,0,4
L05,S003,Random-Local,1,0,4
L05,S004,Random-Local,0,0,4
L05,S005,Random-Local,0,1,4
L05,S006,Random-Local,1,0,4
L05,S007,Random-Local,1,0,4
L05,S008,Random-Local,0,0,4
L05,S009,Random-Local,0,1,4
L05,S010,Random-Local,0,0,4
L05,S011,Random-Local,0,1,4
L05,S012,Random-Local,0,1,4
L05,S013,Random-Local,1,0,5
L05,S014,Random-Local,0,0,4
L05,S015,Random-Local,1,0,4
L05,S016,Random-Local,1,0,4
L05,S017,Random-Local,1,0,4
L05,S018,Random-Local,1,0,4
L05,S019,Random-Local,1,0,4
L05,S020,Random-Local,1,0,4
L05,S021,Random-Local,0,1,4
L05,S022,Random-Local,0,0,4
L05,S023,Random-Local,1,0,4
L05,S024,Random-Local,1,0,4
L05,S025,Random-Local,0,1,4
L05,S026,Random-Local,0,0,4
L05,S027,Random-Local,1,0,4
L05,S028,Random-Local,0,0,4
L05,S029,Random-Local,1,0,4
L05,S030,Random-Local,1,0,4
L05,S031,Random-Local,0,0,4
L05,S032,Random-Local,1,0,4
L05,S033,Random-Local,1,0,4
L05,S034,Random-Local,0,0,4
L05,S035,Random-Local,1,0,4
L05,S036,Random-Local,1,0,4
L05,S037,Random-Local,1,0,4
L05,S038,Random-Local,0,0,4
L05,S039,Random-Local,0,1,5
L05,S040,Random-Local,1,0,4
L05,S041,Random-Local,0,1,4
L05,S042,Random-Local,1,0,4
L05,S043,Random-Local,0,1,5
L05,S044,Random-Local,1,0,4
L05,S045,Random-Local,1,0,4
L05,S046,Random-Local,0,0,4
L05,S047,Random-Local,1,0,4
L05,S048,Random-Local,1,0,4
L05,S049,Random-Local,1,0,4
L05,S050,Random-Local,0,0,4
L05,S051,Random-Local,0,0,4
L05,S052,Random-Local,1,0,4
L05,S053,Random-Local,1,0,4
L05,S054,Random-Local,0,0,4
L05,S055,Random-Local,1,0,4
L05,S056,Random-Local,1,0,4
L05,S057,Random-Local,0,0,4
L05,S058,Random-Local,1,0,5
L05,S059,Random-Local,0,0,5
L05,S060,Random-Local,1,0,4
L05,S061,Random-Local,1,0,4
L05,S062,Random-Local,1,0,4
L05,S063,Random-Local,0,0,4
L05,S064,Random-Local,1,0,4
L05,S065,Random-Local,1,0,4
L05,S066,Random-Local,0,0,4
L05,S067,Random-Local,0,0,4
L05,S068,Random-Local,0,1,4
L05,S069,Random-Local,1,0,4
L05,S070,Random-Local,1,0,4
L05,S071,Random-Local,1,0,5
L05,S072,Random-Local,1,0,4
L05,S073,Random-Local,1,0,4
L05,S074,Random-Local,1,0,4
L05,S075,Random-Local,1,0,4
L05,S076,Random-Local,1,0,4
L05,S077,Random-Local,1,0,4
L05,S078,Random-Local,1,0,4
L05,S079,Random-Local,1,0,4
L05,S080,Random-Local,1,0,4
L05,S081,Random-Local,1,0,4
L05,S082,Random-Local,1,0,4
L05,S083,Random-Local,1,0,4
L05,S084,Random-Local,1,0,4
L05,S085,Random-Local,1,0,4
L05,S086,Random-Local,0,1,4
L05,S087,Random-Local,1,0,4
L05,S088,Random-Local,0,1,4
L05,S089,Random-Local,1,0,4
L05,S090,Random-Local,1,0,4
L05,S091,Random-Local,1,0,4
L05,S092,Random-Local,1,0,4
L05,S093,Random-Local,1,0,4
L05,S094,Random-Local,1,0,4
L05,S095,Random-Local,1,0,4
L05,S096,Random-Local,0,1,4
L05,S097,Random-Local,1,0,4
L05,S098,Random-Local,0,0,4
L05,S099,Random-Local,0,1,4
L05,S100,Random-Local,1,0,4
L05,S101,Random-Local,0,0,4
L05,S102,Random-Local,1,0,4
L05,S103,Random-Local,1,0,4
L05,S104,Random-Local,1,0,4
L05,S105,Random-Local,0,0,4
L05,S106,Random-Local,1,0,4
L05,S107,Random-Local,1,0,4
L05,S108,Random-Local,0,1,4
L05,S109,Random-Local,0,1,4
L05,S110,Random-Local,0,0,4
L05,S111,Random-Local,0,1,4
L05,S112,Random-Local,1,0,4
L05,S113,Random-Local,1,0,4
L05,S114,Random-Local,1,0,4
L05,S115,Random-Local,1,0,4
L05,S116,Random-Local,1,0,4
L05,S117,Random-Local,0,0,4
L05,S118,Random-Local,0,0,4
L05,S119,Random-Local,1,0,4
L05,S120,Random-Local,1,0,4
L06,S001,Random-Local,1,0,4
L06,S002,Random-Local,0,0,4
L06,S003,Random-Local,1,0,4
L06,S004,Random-Local,1,0,4
L06,S005,Random-Local,1,0,4
L06,S006,Random-Local,1,0,4
L06,S007,Random-Local,1,0,4
L06,S008,Random-Local,0,0,4
L06,S009,Random-Local,0,1,4
L06,S010,Random-Local,1,0,4
L06,S011,Random-Local,1,0,4
L06,S012,Random-Local,0,0,4
L06,S013,Random-Local,1,0,4
L06,S014,Random-Local,1,0,4
L06,S015,Random-Local,0,0,4
L06,S016,Random-Local,0,1,4
L06,S017,Random-Local,1,0,4
L06,S018,Random-Local,0,1,4
L06,S019,Random-Local,0,0,4
L06,S020,Random-Local,1,0,4
L06,S021,Random-Local,1,0,4
L06,S022,Random-Local,1,0,4
L06,S023,Random-Local,0,0,4
L06,S024,Random-Local,0,0,4
L06,S025,Random-Local,1,0,4
L06,S026,Random-Local,0,0,4
L06,S027,Random-Local,0,0,4
L06,S028,Random-Local,1,0,4
L06,S029,Random-Local,1,0,4
L06,S030,Random-Local,1,0,4
L06,S031,Random-Local,1,0,4
L06,S032,Random-Local,1,0,4
L06,S033,Random-Local,1,0,4
L06,S034,Random-Local,1,0,4
L06,S035,Random-Local,1,0,4
L06,S036,Random-Local,1,0,4
L06,S037,Random-Local,1,0,4
L06,S038,Random-Local,0,0,4
L06,S039,Random-Local,1,0,4
L06,S040,Random-Local,1,0,4
L06,S041,Random-Local,0,1,4
L06,S042,Random-Local,1,0,4
L06,S043,Random-Local,1,0,4
L06,S044,Random-Local,0,1,4
L06,S045,Random-Local,1,0,4
L06,S046,Random-Local,0,0,4
L06,S047,Random-Local,1,0,4
L06,S048,Random-Local,0,1,4
L06,S049,Random-Local,1,0,4
L06,S050,Random-Local,1,0,4
L06,S051,Random-Local,1,0,4
L06,S052,Random-Local,1,0,4
L06,S053,Random-Local,1,0,4
L06,S054,Random-Local,1,0,4
L06,S055,Random-Local,0,1,4
L06,S056,Random-Local,1,0,4
L06,S057,Random-Local,0,0,4
L06,S058,Random-Local,0,1,4
L06,S059,Random-Local,1,0,4
L06,S060,Random-Local,0,0,4
L06,S061,Random-Local,1,0,4
L06,S062,Random-Local,1,0,4
L06,S063,Random-Local,1,0,5
L06,S064,Random-Local,1,0,5
L06,S065,Random-Local,0,0,4
L06,S066,Random-Local,1,0,4
L06,S067,Random-Local,1,0,4
L06,S068,Random-Local,0,0,4
L06,S069,Random-Local,1,0,4
L06,S070,Random-Local,1,0,4
L06,S071,Random-Local,1,0,4
L06,S072,Random-Local,0,0,4
L06,S073,Random-Local,1,0,4
L06,S074,Random-Local,0,0,4
L06,S075,Random-Local,1,0,4
L06,S076,Random-Local,1,0,4
L06,S077,Random-Local,0,0,4
L06,S078,Random-Local,0,1,4
L06,S079,Random-Local,0,1,4
L06,S080,Random-Local,0,1,4
L06,S081,Random-Local,1,0,4
L06,S082,Random-Local,0,0,4
L06,S083,Random-Local,1,0,4
L06,S084,Random-Local,1,0,4
L06,S085,Random-Local,1,0,4
L06,S086,Random-Local,1,0,4
L06,S087,Random-Local,0,0,4
L06,S088,Random-Local,0,0,4
L06,S089,Random-Local,0,1,4
L06,S090,Random-Local,0,0,4
L06,S091,Random-Local,1,0,4
L06,S092,Random-Local,1,0,4
L06,S093,Random-Local,1,0,4
L06,S094,Random-Local,0,1,4
L06,S095,Random-Local,1,0,4
L06,S096,Random-Local,1,0,4
L06,S097,Random-Local,1,0,4
L06,S098,Random-Local,1,0,4
L06,S099,Random-Local,1,0,4
L06,S100,Random-Local,1,0,4
L06,S101,Random-Local,1,0,4
L06,S102,Random-Local,1,0,4
L06,S103,Random-Local,1,0,4
L06,S104,Random-Local,0,0,4
L06,S105,Random-Local,0,0,4
L06,S106,Random-Local,1,0,4
L06,S107,Random-Local,1,0,4
L06,S108,Random-Local,1,0,4
L06,S109,Random-Local,0,0,4
L06,S110,Random-Local,1,0,4
L06,S111,Random-Local,1,0,4
L06,S112,Random-Local,1,0,4
L06,S113,Random-Local,1,0,4
L06,S114,Random-Local,1,0,4
L06,S115,Random-Local,1,0,4
L06,S116,Random-Local,1,0,4
L06,S117,Random-Local,1,0,4
L06,S118,Random-Local,1,0,4
L06,S119,Random-Local,1,0,4
L06,S120,Random-Local,0,1,4
L07,S001,Random-Local,1,0,4
L07,S002,Random-Local,0,0,4
L07,S003,Random-Local,0,1,4
L07,S004,Random-Local,0,1,4
L07,S005,Random-Local,1,0,4
L07,S006,Random-Local,1,0,4
L07,S007,Random-Local,1,0,4
L07,S008,Random-Local,1,0,4
L07,S009,Random-Local,1,0,4
L07,S010,Random-Local,0,0,4
L07,S011,Random-Local,1,0,4
L07,S012,Random-Local,1,0,4
L07,S013,Random-Local,0,0,4
L07,S014,Random-Local,0,0,4
L07,S015,Random-Local,1,0,4
L07,S016,Random-Local,1,0,4
L07,S017,Random-Local,1,0,4
L07,S018,Random-Local,1,0,4
L07,S019,Random-Local,1,0,4
L07,S020,Random-Local,0,1,4
L07,S021,Random-Local,1,0,4
L07,S022,Random-Local,1,0,4
L07,S023,Random-Local,0,0,4
L07,S024,Random-Local,0,0,4
L07,S025,Random-Local,1,0,4
L07,S026,Random-Local,0,1,4
L07,S027,Random-Local,1,0,4
L07,S028,Random-Local,1,0,4
L07,S029,Random-Local,1,0,5
L07,S030,Random-Local,1,0,4
L07,S031,Random-Local,1,0,4
L07,S032,Random-Local,1,0,4
L07,S033,Random-Local,1,0,4
L07,S034,Random-Local,1,0,4
L07,S035,Random-Local,1,0,4
L07,S036,Random-Local,0,1,4
L07,S037,Random-Local,0,1,4
L07,S038,Random-Local,1,0,4
L07,S039,Random-Local,0,0,4
L07,S040,Random-Local,0,0,4
L07,S041,Random-Local,1,0,4
L07,S042,Random-Local,1,0,4
L07,S043,Random-Local,1,0,4
L07,S044,Random-Local,0,1,4
L07,S045,Random-Local,1,0,4
L07,S046,Random-Local,0,1,4
L07,S047,Random-Local,1,0,4
L07,S048,Random-Local,1,0,4
L07,S049,Random-Local,1,0,4
L07,S050,Random-Local,1,0,4
L07,S051,Random-Local,0,1,4
L07,S052,Random-Local,1,0,4
L07,S053,Random-Local,0,1,4
L07,S054,Random-Local,1,0,4
L07,S055,Random-Local,1,0,4
L07,S056,Random-Local,1,0,4
L07,S057,Random-Local,1,0,4
L07,S058,Random-Local,0,1,4
L07,S059,Random-Local,1,0,4
L07,S060,Random-Local,1,0,4
L07,S061,Random-Local,1,0,4
L07,S062,Random-Local,1,0,4
L07,S063,Random-Local,1,0,4
L07,S064,Random-Local,1,0,4
L07,S065,Random-Local,1,0,4
L07,S066,Random-Local,1,0,4
L07,S067,Random-Local,0,1,4
L07,S068,Random-Local,1,0,4
L07,S069,Random-Local,0,1,4
L07,S070,Random-Local,0,1,4
L07,S071,Random-Local,1,0,4
L07,S072,Random-Local,1,0,4
L07,S073,Random-Local,0,0,4
L07,S074,Random-Local,1,0,4
L07,S075,Random-Local,1,0,4
L07,S076,Random-Local,1,0,4
L07,S077,Random-Local,1,0,4
L07,S078,Random-Local,0,1,4
L07,S079,Random-Local,1,0,4
L07,S080,Random-Local,0,0,4
L07,S081,Random-Local,1,0,4
L07,S082,Random-Local,0,0,4
L07,S083,Random-Local,0,1,4
L07,S084,Random-Local,0,0,4
L07,S085,Random-Local,1,0,4
L07,S086,Random-Local,0,0,4
L07,S087,Random-Local,1,0,4
L07,S088,Random-Local,0,0,4
L07,S089,Random-Local,1,0,4
L07,S090,Random-Local,1,0,4
L07,S091,Random-Local,1,0,4
L07,S092,Random-Local,1,0,4
L07,S093,Random-Local,1,0,4
L07,S094,Random-Local,1,0,4
L07,S095,Random-Local,0,0,4
L07,S096,Random-Local,1,0,4
L07,S097,Random-Local,1,0,4
L07,S098,Random-Local,1,0,4
L07,S099,Random-Local,1,0,4
L07,S100,Random-Local,1,0,4
L07,S101,Random-Local,1,0,5
L07,S102,Random-Local,0,1,5
L07,S103,Random-Local,1,0,4
L07,S104,Random-Local,1,0,4
L07,S105,Random-Local,1,0,4
L07,S106,Random-Local,0,1,4
L07,S107,Random-Local,0,1,5
L07,S108,Random-Local,1,0,4
L07,S109,Random-Local,1,0,4
L07,S110,Random-Local,0,1,4
L07,S111,Random-Local,1,0,4
L07,S112,Random-Local,1,0,4
L07,S113,Random-Local,0,0,4
L07,S114,Random-Local,1,0,4
L07,S115,Random-Local,1,0,4
L07,S116,Random-Local,1,0,4
L07,S117,Random-Local,1,0,4
L07,S118,Random-Local,0,1,4
L07,S119,Random-Local,0,0,4
L07,S120,Random-Local,1,0,4
L08,S001,Random-Local,1,0,4
L08,S002,Random-Local,1,0,4
L08,S003,Random-Local,1,0,4
L08,S004,Random-Local,0,0,4
L08,S005,Random-Local,1,0,4
L08,S006,Random-Local,0,0,4
L08,S007,Random-Local,1,0,4
L08,S008,Random-Local,0,0,4
L08,S009,Random-Local,1,0,4
L08,S010,Random-Local,1,0,4
L08,S011,Random-Local,0,1,4
L08,S012,Random-Local,0,1,4
L08,S013,Random-Local,0,1,4
L08,S014,Random-Local,1,0,4
L08,S015,Random-Local,1,0,4
L08,S016,Random-Local,0,0,4
L08,S017,Random-Local,0,1,4
L08,S018,Random-Local,1,0,4
L08,S019,Random-Local,1,0,4
L08,S020,Random-Local,0,1,4
L08,S021,Random-Local,0,0,4
L08,S022,Random-Local,1,0,4
L08,S023,Random-Local,0,1,4
L08,S024,Random-Local,1,0,4
L08,S025,Random-Local,0,0,4
L08,S026,Random-Local,1,0,4
L08,S027,Random-Local,1,0,4
L08,S028,Random-Local,1,0,4
L08,S029,Random-Local,1,0,4
L08,S030,Random-Local,1,0,4
L08,S031,Random-Local,1,0,4
L08,S032,Random-Local,1,0,5
L08,S033,Random-Local,1,0,4
L08,S034,Random-Local,1,0,4
L08,S035,Random-Local,1,0,4
L08,S036,Random-Local,1,0,4
L08,S037,Random-Local,1,0,4
L08,S038,Random-Local,0,0,4
L08,S039,Random-Local,1,0,4
L08,S040,Random-Local,0,0,4
L08,S041,Random-Local,0,0,4
L08,S042,Random-Local,1,0,4
L08,S043,Random-Local,0,0,4
L08,S044,Random-Local,1,0,4
L08,S045,Random-Local,1,0,4
L08,S046,Random-Local,0,0,4
L08,S047,Random-Local,1,0,4
L08,S048,Random-Local,1,0,4
L08,S049,Random-Local,0,1,4
L08,S050,Random-Local,0,1,4
L08,S051,Random-Local,1,0,4
L08,S052,Random-Local,0,1,4
L08,S053,Random-Local,0,1,4
L08,S054,Random-Local,1,0,4
L08,S055,Random-Local,1,0,4
L08,S056,Random-Local,1,0,4
L08,S057,Random-Local,1,0,4
L08,S058,Random-Local,1,0,4
L08,S059,Random-Local,1,0,4
L08,S060,Random-Local,0,1,4
L08,S061,Random-Local,1,0,4
L08,S062,Random-Local,0,1,4
L08,S063,Random-Local,0,0,4
L08,S064,Random-Local,1,0,4
L08,S065,Random-Local,1,0,4
L08,S066,Random-Local,0,0,4
L08,S067,Random-Local,1,0,4
L08,S068,Random-Local,0,0,4
L08,S069,Random-Local,1,0,4
L08,S070,Random-Local,0,0,4
L08,S071,Random-Local,0,1,4
L08,S072,Random-Local,1,0,4
L08,S073,Random-Local,1,0,4
L08,S074,Random-Local,1,0,4
L08,S075,Random-Local,0,0,4
L08,S076,Random-Local,0,1,4
L08,S077,Random-Local,1,0,4
L08,S078,Random-Local,0,0,4
L08,S079,Random-Local,0,1,4
L08,S080,Random-Local,1,0,4
L08,S081,Random-Local,0,0,4
L08,S082,Random-Local,0,1,4
L08,S083,Random-Local,1,0,4
L08,S084,Random-Local,1,0,4
L08,S085,Random-Local,1,0,4
L08,S086,Random-Local,1,0,4
L08,S087,Random-Local,1,0,4
L08,S088,Random-Local,0,1,4
L08,S089,Random-Local,0,0,4
L08,S090,Random-Local,1,0,4
L08,S091,Random-Local,1,0,4
L08,S092,Random-Local,0,0,4
L08,S093,Random-Local,1,0,4
L08,S094,Random-Local,1,0,4
L08,S095,Random-Local,1,0,4
L08,S096,Random-Local,0,0,4
L08,S097,Random-Local,1,0,4
L08,S098,Random-Local,1,0,4
L08,S099,Random-Local,1,0,4
L08,S100,Random-Local,1,0,4
L08,S101,Random-Local,1,0,4
L08,S102,Random-Local,1,0,4
L08,S103,Random-Local,0,0,4
L08,S104,Random-Local,0,0,4
L08,S105,Random-Local,1,0,4
L08,S106,Random-Local,1,0,4
L08,S107,Random-Local,1,0,4
L08,S108,Random-Local,1,0,4
L08,S109,Random-Local,0,0,4
L08,S110,Random-Local,1,0,4
L08,S111,Random-Local,0,0,4
L08,S112,Random-Local,0,1,4
L08,S113,Random-Local,1,0,4
L08,S114,Random-Local,1,0,4
L08,S115,Random-Local,1,0,4
L08,S116,Random-Local,0,1,4
L08,S117,Random-Local,1,0,4
L08,S118,Random-Local,1,0,4
L08,S119,Random-Local,1,0,4
L08,S120,Random-Local,0,0,4
L09,S001,Random-Local,1,0,4
L09,S002,Random-Local,1,0,4
L09,S003,Random-Local,1,0,4
L09,S004,Random-Local,1,0,4
L09,S005,Random-Local,0,1,4
L09,S006,Random-Local,1,0,4
L09,S007,Random-Local,1,0,4
L09,S008,Random-Local,1,0,4
L09,S009,Random-Local,1,0,4
L09,S010,Random-Local,0,1,4
L09,S011,Random-Local,1,0,4
L09,S012,Random-Local,1,0,4
L09,S013,Random-Local,1,0,4
L09,S014,Random-Local,0,0,4
L09,S015,Random-Local,1,0,4
L09,S016,Random-Local,0,0,4
L09,S017,Random-Local,1,0,4
L09,S018,Random-Local,0,0,4
L09,S019,Random-Local,0,0,4
L09,S020,Random-Local,1,0,4
L09,S021,Random-Local,1,0,4
L09,S022,Random-Local,1,0,5
L09,S023,Random-Local,1,0,5
L09,S024,Random-Local,1,0,4
L09,S025,Random-Local,1,0,4
L09,S026,Random-Local,1,0,4
L09,S027,Random-Local,1,0,4
L09,S028,Random-Local,1,0,4
L09,S029,Random-Local,1,0,4
L09,S030,Random-Local,1,0,4
L09,S031,Random-Local,1,0,4
L09,S032,Random-Local,0,0,4
L09,S033,Random-Local,1,0,4
L09,S034,Random-Local,1,0,4
L09,S035,Random-Local,1,0,4
L09,S036,Random-Local,0,0,4
L09,S037,Random-Local,0,0,4
L09,S038,Random-Local,1,0,4
L09,S039,Random-Local,1,0,4
L09,S040,Random-Local,0,0,4
L09,S041,Random-Local,1,0,4
L09,S042,Random-Local,0,0,4
L09,S043,Random-Local,0,1,4
L09,S044,Random-Local,1,0,4
L09,S045,Random-Local,0,0,4
L09,S046,Random-Local,1,0,4
L09,S047,Random-Local,0,1,4
L09,S048,Random-Local,1,0,4
L09,S049,Random-Local,0,0,4
L09,S050,Random-Local,1,0,4
L09,S051,Random-Local,1,0,4
L09,S052,Random-Local,1,0,4
L09,S053,Random-Local,1,0,4
L09,S054,Random-Local,0,1,4
L09,S055,Random-Local,1,0,4
L09,S056,Random-Local,0,1,4
L09,S057,Random-Local,1,0,4
L09,S058,Random-Local,0,1,4
L09,S059,Random-Local,1,0,4
L09,S060,Random-Local,1,0,4
L09,S061,Random-Local,0,1,4
L09,S062,Random-Local,1,0,4
L09,S063,Random-Local,0,0,4
L09,S064,Random-Local,0,0,4
L09,S065,Random-Local,1,0,4
L09,S066,Random-Local,1,0,4
L09,S067,Random-Local,1,0,4
L09,S068,Random-Local,0,1,4
L09,S069,Random-Local,0,1,4
L09,S070,Random-Local,1,0,4
L09,S071,Random-Local,1,0,4
L09,S072,Random-Local,0,1,5
L09,S073,Random-Local,1,0,4
L09,S074,Random-Local,0,1,4
L09,S075,Random-Local,1,0,4
L09,S076,Random-Local,0,0,4
L09,S077,Random-Local,0,1,4
L09,S078,Random-Local,1,0,4
L09,S079,Random-Local,0,0,4
L09,S080,Random-Local,1,0,4
L09,S081,Random-Local,0,0,4
L09,S082,Random-Local,1,0,4
L09,S083,Random-Local,0,0,4
L09,S084,Random-Local,1,0,4
L09,S085,Random-Local,1,0,4
L09,S086,Random-Local,1,0,4
L09,S087,Random-Local,1,0,4
L09,S088,Random-Local,0,1,4
L09,S089,Random-Local,0,0,4
L09,S090,Random-Local,0,0,4
L09,S091,Random-Local,1,0,4
L09,S092,Random-Local,1,0,4
L09,S093,Random-Local,1,0,4
L09,S094,Random-Local,1,0,4
L09,S095,Random-Local,1,0,4
L09,S096,Random-Local,0,1,4
L09,S097,Random-Local,1,0,4
L09,S098,Random-Local,1,0,4
L09,S099,Random-Local,1,0,4
L09,S100,Random-Local,0,1,4
L09,S101,Random-Local,0,0,4
L09,S102,Random-Local,0,0,4
L09,S103,Random-Local,1,0,4
L09,S104,Random-Local,1,0,4
L09,S105,Random-Local,1,0,4
L09,S106,Random-Local,0,1,4
L09,S107,Random-Local,1,0,4
L09,S108,Random-Local,0,1,4
L09,S109,Random-Local,0,0,4
L09,S110,Random-Local,1,0,4
L09,S111,Random-Local,1,0,4
L09,S112,Random-Local,1,0,4
L09,S113,Random-Local,0,0,4
L09,S114,Random-Local,0,0,4
L09,S115,Random-Local,1,0,4
L09,S116,Random-Local,0,0,4
L09,S117,Random-Local,1,0,4
L09,S118,Random-Local,0,0,4
L09,S119,Random-Local,0,0,4
L09,S120,Random-Local,0,1,4
L10,S001,Random-Local,1,0,4
L10,S002,Random-Local,1,0,4
L10,S003,Random-Local,1,0,4
L10,S004,Random-Local,1,0,4
L10,S005,Random-Local,1,0,5
L10,S006,Random-Local,1,0,4
L10,S007,Random-Local,1,0,4
L10,S008,Random-Local,0,0,4
L10,S009,Random-Local,1,0,4
L10,S010,Random-Local,1,0,4
L10,S011,Random-Local,1,0,4
L10,S012,Random-Local,1,0,4
L10,S013,Random-Local,1,0,4
L10,S014,Random-Local,0,1,4
L10,S015,Random-Local,0,0,4
L10,S016,Random-Local,0,1,4
L10,S017,Random-Local,1,0,4
L10,S018,Random-Local,0,1,4
L10,S019,Random-Local,1,0,4
L10,S020,Random-Local,1,0,4
L10,S021,Random-Local,0,0,4
L10,S022,Random-Local,1,0,4
L10,S023,Random-Local,0,0,4
L10,S024,Random-Local,0,0,4
L10,S025,Random-Local,1,0,4
L10,S026,Random-Local,1,0,4
L10,S027,Random-Local,1,0,4
L10,S028,Random-Local,1,0,4
L10,S029,Random-Local,1,0,4
L10,S030,Random-Local,0,1,4
L10,S031,Random-Local,1,0,4
L10,S032,Random-Local,0,0,4
L10,S033,Random-Local,1,0,4
L10,S034,Random-Local,1,0,4
L10,S035,Random-Local,1,0,4
L10,S036,Random-Local,1,0,5
L10,S037,Random-Local,0,1,4
L10,S038,Random-Local,1,0,4
L10,S039,Random-Local,1,0,4
L10,S040,Random-Local,0,1,4
L10,S041,Random-Local,1,0,4
L10,S042,Random-Local,0,1,4
L10,S043,Random-Local,1,0,4
L10,S044,Random-Local,0,0,4
L10,S045,Random-Local,1,0,4
L10,S046,Random-Local,1,0,4
L10,S047,Random-Local,1,0,4
L10,S048,Random-Local,0,1,4
L10,S049,Random-Local,1,0,4
L10,S050,Random-Local,0,0,4
L10,S051,Random-Local,1,0,4
L10,S052,Random-Local,1,0,4
L10,S053,Random-Local,1,0,4
L10,S054,Random-Local,0,0,4
L10,S055,Random-Local,0,0,4
L10,S056,Random-Local,1,0,4
L10,S057,Random-Local,0,1,4
L10,S058,Random-Local,1,0,4
L10,S059,Random-Local,1,0,4
L10,S060,Random-Local,0,0,4
L10,S061,Random-Local,1,0,4
L10,S062,Random-Local,1,0,5
L10,S063,Random-Local,0,0,4
L10,S064,Random-Local,1,0,5
L10,S065,Random-Local,0,1,4
L10,S066,Random-Local,1,0,4
L10,S067,Random-Local,0,1,4
L10,S068,Random-Local,1,0,4
L10,S069,Random-Local,1,0,4
L10,S070,Random-Local,0,1,4
L10,S071,Random-Local,1,0,4
L10,S072,Random-Local,1,0,5
L10,S073,Random-Local,1,0,4
L10,S074,Random-Local,1,0,4
L10,S075,Random-Local,0,0,4
L10,S076,Random-Local,0,0,4
L10,S077,Random-Local,1,0,4
L10,S078,Random-Local,0,0,4
L10,S079,Random-Local,1,0,4
L10,S080,Random-Local,0,0,4
L10,S081,Random-Local,1,0,4
L10,S082,Random-Local,0,0,4
L10,S083,Random-Local,1,0,4
L10,S084,Random-Local,1,0,4
L10,S085,Random-Local,0,1,4
L10,S086,Random-Local,0,1,4
L10,S087,Random-Local,1,0,4
L10,S088,Random-Local,1,0,4
L10,S089,Random-Local,1,0,4
L10,S090,Random-Local,1,0,4
L10,S091,Random-Local,1,0,4
L10,S092,Random-Local,0,0,4
L10,S093,Random-Local,0,1,4
L10,S094,Random-Local,1,0,4
L10,S095,Random-Local,1,0,4
L10,S096,Random-Local,1,0,4
L10,S097,Random-Local,0,1,4
L10,S098,Random-Local,0,0,4
L10,S099,Random-Local,1,0,4
L10,S100,Random-Local,0,0,4
L10,S101,Random-Local,0,0,4
L10,S102,Random-Local,0,1,4
L10,S103,Random-Local,1,0,4
L10,S104,Random-Local,0,1,4
L10,S105,Random-Local,0,0,4
L10,S106,Random-Local,0,0,4
L10,S107,Random-Local,1,0,4
L10,S108,Random-Local,1,0,4
L10,S109,Random-Local,0,0,4
L10,S110,Random-Local,1,0,4
L10,S111,Random-Local,0,1,4
L10,S112,Random-Local,1,0,4
L10,S113,Random-Local,1,0,4
L10,S114,Random-Local,1,0,4
L10,S115,Random-Local,1,0,4
L10,S116,Random-Local,0,0,4
L10,S117,Random-Local,0,0,4
L10,S118,Random-Local,0,0,4
L10,S119,Random-Local,1,0,4
L10,S120,Random-Local,1,0,4
L01,S001,Tail-30,1,0,4
L01,S002,Tail-30,0,0,4
L01,S003,Tail-30,0,0,4
L01,S004,Tail-30,0,0,4
L01,S005,Tail-30,1,0,4
L01,S006,Tail-30,0,1,4
L01,S007,Tail-30,1,0,4
L01,S008,Tail-30,1,0,4
L01,S009,Tail-30,1,0,4
L01,S010,Tail-30,0,1,4
L01,S011,Tail-30,0,0,4
L01,S012,Tail-30,1,0,4
L01,S013,Tail-30,1,0,4
L01,S014,Tail-30,1,0,4
L01,S015,Tail-30,1,0,4
L01,S016,Tail-30,0,0,4
L01,S017,Tail-30,0,0,4
L01,S018,Tail-30,1,0,4
L01,S019,Tail-30,1,0,4
L01,S020,Tail-30,1,0,4
L01,S021,Tail-30,0,1,5
L01,S022,Tail-30,1,0,4
L01,S023,Tail-30,1,0,4
L01,S024,Tail-30,1,0,4
L01,S025,Tail-30,1,0,4
L01,S026,Tail-30,1,0,4
L01,S027,Tail-30,1,0,4
L01,S028,Tail-30,0,0,5
L01,S029,Tail-30,1,0,4
L01,S030,Tail-30,0,1,4
L01,S031,Tail-30,1,0,4
L01,S032,Tail-30,0,1,4
L01,S033,Tail-30,0,0,4
L01,S034,Tail-30,1,0,4
L01,S035,Tail-30,1,0,4
L01,S036,Tail-30,0,0,4
L01,S037,Tail-30,1,0,4
L01,S038,Tail-30,1,0,4
L01,S039,Tail-30,0,0,4
L01,S040,Tail-30,0,0,4
L01,S041,Tail-30,0,0,4
L01,S042,Tail-30,0,1,4
L01,S043,Tail-30,0,0,4
L01,S044,Tail-30,1,0,4
L01,S045,Tail-30,1,0,4
L01,S046,Tail-30,1,0,4
L01,S047,Tail-30,1,0,5
L01,S048,Tail-30,1,0,4
L01,S049,Tail-30,0,1,4
L01,S050,Tail-30,0,1,4
L01,S051,Tail-30,1,0,4
L01,S052,Tail-30,0,1,5
L01,S053,Tail-30,1,0,5
L01,S054,Tail-30,1,0,4
L01,S055,Tail-30,1,0,5
L01,S056,Tail-30,1,0,5
L01,S057,Tail-30,0,1,4
L01,S058,Tail-30,1,0,4
L01,S059,Tail-30,0,1,4
L01,S060,Tail-30,0,1,4
L01,S061,Tail-30,1,0,4
L01,S062,Tail-30,0,0,4
L01,S063,Tail-30,1,0,4
L01,S064,Tail-30,0,0,4
L01,S065,Tail-30,1,0,4
L01,S066,Tail-30,1,0,4
L01,S067,Tail-30,1,0,4
L01,S068,Tail-30,1,0,4
L01,S069,Tail-30,1,0,4
L01,S070,Tail-30,1,0,4
L01,S071,Tail-30,0,1,4
L01,S072,Tail-30,1,0,5
L01,S073,Tail-30,1,0,5
L01,S074,Tail-30,1,0,4
L01,S075,Tail-30,1,0,4
L01,S076,Tail-30,1,0,4
L01,S077,Tail-30,1,0,4
L01,S078,Tail-30,0,1,4
L01,S079,Tail-30,0,1,4
L01,S080,Tail-30,1,0,4
L01,S081,Tail-30,0,0,4
L01,S082,Tail-30,1,0,4
L01,S083,Tail-30,1,0,4
L01,S084,Tail-30,1,0,4
L01,S085,Tail-30,0,0,4
L01,S086,Tail-30,1,0,4
L01,S087,Tail-30,1,0,5
L01,S088,Tail-30,0,1,4
L01,S089,Tail-30,1,0,4
L01,S090,Tail-30,0,0,4
L01,S091,Tail-30,0,0,4
L01,S092,Tail-30,1,0,4
L01,S093,Tail-30,1,0,4
L01,S094,Tail-30,0,1,4
L01,S095,Tail-30,1,0,4
L01,S096,Tail-30,1,0,4
L01,S097,Tail-30,1,0,4
L01,S098,Tail-30,1,0,4
L01,S099,Tail-30,1,0,4
L01,S100,Tail-30,1,0,4
L01,S101,Tail-30,0,1,4
L01,S102,Tail-30,1,0,4
L01,S103,Tail-30,0,0,4
L01,S104,Tail-30,1,0,4
L01,S105,Tail-30,1,0,4
L01,S106,Tail-30,1,0,4
L01,S107,Tail-30,1,0,4
L01,S108,Tail-30,1,0,4
L01,S109,Tail-30,0,1,4
L01,S110,Tail-30,0,0,4
L01,S111,Tail-30,1,0,4
L01,S112,Tail-30,0,0,4
L01,S113,Tail-30,1,0,4
L01,S114,Tail-30,1,0,4
L01,S115,Tail-30,1,0,4
L01,S116,Tail-30,0,0,4
L01,S117,Tail-30,1,0,4
L01,S118,Tail-30,1,0,4
L01,S119,Tail-30,1,0,4
L01,S120,Tail-30,1,0,4
L02,S001,Tail-30,1,0,4
L02,S002,Tail-30,1,0,4
L02,S003,Tail-30,0,0,4
L02,S004,Tail-30,1,0,4
L02,S005,Tail-30,1,0,4
L02,S006,Tail-30,1,0,4
L02,S007,Tail-30,0,0,5
L02,S008,Tail-30,1,0,4
L02,S009,Tail-30,0,0,4
L02,S010,Tail-30,0,1,4
L02,S011,Tail-30,1,0,4
L02,S012,Tail-30,1,0,4
L02,S013,Tail-30,0,0,4
L02,S014,Tail-30,1,0,4
L02,S015,Tail-30,1,0,4
L02,S016,Tail-30,1,0,4
L02,S017,Tail-30,0,0,4
L02,S018,Tail-30,0,0,5
L02,S019,Tail-30,1,0,4
L02,S020,Tail-30,1,0,4
L02,S021,Tail-30,0,1,4
L02,S022,Tail-30,1,0,4
L02,S023,Tail-30,1,0,4
L02,S024,Tail-30,1,0,4
L02,S025,Tail-30,1,0,4
L02,S026,Tail-30,0,1,4
L02,S027,Tail-30,1,0,4
L02,S028,Tail-30,1,0,4
L02,S029,Tail-30,1,0,4
L02,S030,Tail-30,0,0,4
L02,S031,Tail-30,1,0,4
L02,S032,Tail-30,0,1,4
L02,S033,Tail-30,0,1,4
L02,S034,Tail-30,1,0,4
L02,S035,Tail-30,0,0,4
L02,S036,Tail-30,1,0,4
L02,S037,Tail-30,1,0,4
L02,S038,Tail-30,0,0,5
L02,S039,Tail-30,1,0,4
L02,S040,Tail-30,0,1,4
L02,S041,Tail-30,1,0,4
L02,S042,Tail-30,1,0,4
L02,S043,Tail-30,1,0,4
L02,S044,Tail-30,0,0,4
L02,S045,Tail-30,1,0,4
L02,S046,Tail-30,1,0,4
L02,S047,Tail-30,0,0,4
L02,S048,Tail-30,1,0,4
L02,S049,Tail-30,1,0,4
L02,S050,Tail-30,0,1,4
L02,S051,Tail-30,1,0,4
L02,S052,Tail-30,1,0,4
L02,S053,Tail-30,1,0,4
L02,S054,Tail-30,1,0,4
L02,S055,Tail-30,0,0,4
L02,S056,Tail-30,0,0,4
L02,S057,Tail-30,1,0,4
L02,S058,Tail-30,1,0,5
L02,S059,Tail-30,0,1,4
L02,S060,Tail-30,1,0,4
L02,S061,Tail-30,0,0,4
L02,S062,Tail-30,1,0,4
L02,S063,Tail-30,0,0,4
L02,S064,Tail-30,1,0,4
L02,S065,Tail-30,1,0,5
L02,S066,Tail-30,1,0,4
L02,S067,Tail-30,1,0,4
L02,S068,Tail-30,0,0,4
L02,S069,Tail-30,1,0,4
L02,S070,Tail-30,1,0,4
L02,S071,Tail-30,1,0,4
L02,S072,Tail-30,1,0,4
L02,S073,Tail-30,1,0,4
L02,S074,Tail-30,0,0,4
L02,S075,Tail-30,1,0,4
L02,S076,Tail-30,1,0,4
L02,S077,Tail-30,1,0,4
L02,S078,Tail-30,1,0,4
L02,S079,Tail-30,1,0,4
L02,S080,Tail-30,0,0,4
L02,S081,Tail-30,0,0,4
L02,S082,Tail-30,1,0,4
L02,S083,Tail-30,1,0,4
L02,S084,Tail-30,0,0,4
L02,S085,Tail-30,0,1,4
L02,S086,Tail-30,1,0,4
L02,S087,Tail-30,1,0,4
L02,S088,Tail-30,1,0,4
L02,S089,Tail-30,0,0,4
L02,S090,Tail-30,0,0,4
L02,S091,Tail-30,1,0,4
L02,S092,Tail-30,0,1,4
L02,S093,Tail-30,0,1,4
L02,S094,Tail-30,1,0,4
L02,S095,Tail-30,1,0,4
L02,S096,Tail-30,1,0,4
L02,S097,Tail-30,1,0,4
L02,S098,Tail-30,0,0,4
L02,S099,Tail-30,0,0,4
L02,S100,Tail-30,1,0,4
L02,S101,Tail-30,1,0,4
L02,S102,Tail-30,1,0,5
L02,S103,Tail-30,0,0,4
L02,S104,Tail-30,1,0,4
L02,S105,Tail-30,1,0,4
L02,S106,Tail-30,0,0,4
L02,S107,Tail-30,0,1,4
L02,S108,Tail-30,1,0,4
L02,S109,Tail-30,0,0,4
L02,S110,Tail-30,1,0,4
L02,S111,Tail-30,1,0,4
L02,S112,Tail-30,0,1,4
L02,S113,Tail-30,1,0,5
L02,S114,Tail-30,1,0,4
L02,S115,Tail-30,0,0,4
L02,S116,Tail-30,0,0,4
L02,S117,Tail-30,0,1,4
L02,S118,Tail-30,1,0,4
L02,S119,Tail-30,1,0,4
L02,S120,Tail-30,1,0,4
L03,S001,Tail-30,1,0,4
L03,S002,Tail-30,1,0,4
L03,S003,Tail-30,0,0,4
L03,S004,Tail-30,0,1,4
L03,S005,Tail-30,1,0,4
L03,S006,Tail-30,0,0,4
L03,S007,Tail-30,1,0,4
L03,S008,Tail-30,1,0,4
L03,S009,Tail-30,0,1,4
L03,S010,Tail-30,1,0,4
L03,S011,Tail-30,0,0,4
L03,S012,Tail-30,0,0,4
L03,S013,Tail-30,1,0,4
L03,S014,Tail-30,1,0,4
L03,S015,Tail-30,1,0,4
L03,S016,Tail-30,1,0,4
L03,S017,Tail-30,1,0,4
L03,S018,Tail-30,1,0,4
L03,S019,Tail-30,1,0,4
L03,S020,Tail-30,1,0,4
L03,S021,Tail-30,1,0,4
L03,S022,Tail-30,1,0,4
L03,S023,Tail-30,1,0,4
L03,S024,Tail-30,1,0,4
L03,S025,Tail-30,1,0,4
L03,S026,Tail-30,1,0,4
L03,S027,Tail-30,1,0,4
L03,S028,Tail-30,0,0,4
L03,S029,Tail-30,1,0,5
L03,S030,Tail-30,0,0,4
L03,S031,Tail-30,1,0,4
L03,S032,Tail-30,0,0,4
L03,S033,Tail-30,0,0,4
L03,S034,Tail-30,1,0,4
L03,S035,Tail-30,1,0,4
L03,S036,Tail-30,0,0,4
L03,S037,Tail-30,1,0,4
L03,S038,Tail-30,1,0,4
L03,S039,Tail-30,0,0,4
L03,S040,Tail-30,1,0,4
L03,S041,Tail-30,0,1,4
L03,S042,Tail-30,1,0,4
L03,S043,Tail-30,0,1,4
L03,S044,Tail-30,1,0,4
L03,S045,Tail-30,1,0,4
L03,S046,Tail-30,0,0,4
L03,S047,Tail-30,1,0,4
L03,S048,Tail-30,1,0,4
L03,S049,Tail-30,0,0,4
L03,S050,Tail-30,0,0,4
L03,S051,Tail-30,1,0,4
L03,S052,Tail-30,1,0,5
L03,S053,Tail-30,1,0,4
L03,S054,Tail-30,0,0,4
L03,S055,Tail-30,1,0,4
L03,S056,Tail-30,1,0,4
L03,S057,Tail-30,1,0,4
L03,S058,Tail-30,1,0,4
L03,S059,Tail-30,1,0,4
L03,S060,Tail-30,0,0,4
L03,S061,Tail-30,1,0,4
L03,S062,Tail-30,0,1,4
L03,S063,Tail-30,0,0,4
L03,S064,Tail-30,1,0,4
L03,S065,Tail-30,0,0,4
L03,S066,Tail-30,1,0,4
L03,S067,Tail-30,1,0,4
L03,S068,Tail-30,1,0,4
L03,S069,Tail-30,1,0,4
L03,S070,Tail-30,1,0,4
L03,S071,Tail-30,0,0,4
L03,S072,Tail-30,0,0,4
L03,S073,Tail-30,1,0,4
L03,S074,Tail-30,0,0,4
L03,S075,Tail-30,1,0,4
L03,S076,Tail-30,1,0,4
L03,S077,Tail-30,0,0,4
L03,S078,Tail-30,0,1,4
L03,S079,Tail-30,0,0,4
L03,S080,Tail-30,1,0,4
L03,S081,Tail-30,1,0,4
L03,S082,Tail-30,1,0,4
L03,S083,Tail-30,1,0,5
L03,S084,Tail-30,1,0,4
L03,S085,Tail-30,1,0,4
L03,S086,Tail-30,1,0,4
L03,S087,Tail-30,1,0,4
L03,S088,Tail-30,0,0,4
L03,S089,Tail-30,1,0,4
L03,S090,Tail-30,1,0,4
L03,S091,Tail-30,1,0,4
L03,S092,Tail-30,0,0,4
L03,S093,Tail-30,0,1,4
L03,S094,Tail-30,1,0,4
L03,S095,Tail-30,1,0,4
L03,S096,Tail-30,0,1,4
L03,S097,Tail-30,1,0,4
L03,S098,Tail-30,1,0,4
L03,S099,Tail-30,1,0,4
L03,S100,Tail-30,1,0,4
L03,S101,Tail-30,0,0,4
L03,S102,Tail-30,1,0,4
L03,S103,Tail-30,1,0,4
L03,S104,Tail-30,1,0,4
L03,S105,Tail-30,0,0,4
L03,S106,Tail-30,0,0,4
L03,S107,Tail-30,1,0,4
L03,S108,Tail-30,1,0,4
L03,S109,Tail-30,1,0,4
L03,S110,Tail-30,1,0,4
L03,S111,Tail-30,1,0,4
L03,S112,Tail-30,0,1,4
L03,S113,Tail-30,1,0,4
L03,S114,Tail-30,1,0,4
L03,S115,Tail-30,1,0,4
L03,S116,Tail-30,1,0,4
L03,S117,Tail-30,0,1,4
L03,S118,Tail-30,1,0,4
L03,S119,Tail-30,0,0,4
L03,S120,Tail-30,1,0,4
L04,S001,Tail-30,1,0,5
L04,S002,Tail-30,0,1,4
L04,S003,Tail-30,1,0,4
L04,S004,Tail-30,0,0,4
L04,S005,Tail-30,1,0,4
L04,S006,Tail-30,0,1,4
L04,S007,Tail-30,0,0,4
L04,S008,Tail-30,0,0,4
L04,S009,Tail-30,0,1,4
L04,S010,Tail-30,1,0,4
L04,S011,Tail-30,1,0,4
L04,S012,Tail-30,1,0,4
L04,S013,Tail-30,1,0,4
L04,S014,Tail-30,0,0,4
L04,S015,Tail-30,0,1,4
L04,S016,Tail-30,0,0,4
L04,S017,Tail-30,1,0,4
L04,S018,Tail-30,1,0,4
L04,S019,Tail-30,1,0,4
L04,S020,Tail-30,1,0,4
L04,S021,Tail-30,1,0,4
L04,S022,Tail-30,1,0,4
L04,S023,Tail-30,1,0,4
L04,S024,Tail-30,1,0,4
L04,S025,Tail-30,1,0,4
L04,S026,Tail-30,1,0,4
L04,S027,Tail-30,0,0,4
L04,S028,Tail-30,0,1,4
L04,S029,Tail-30,0,1,4
L04,S030,Tail-30,1,0,4
L04,S031,Tail-30,1,0,4
L04,S032,Tail-30,0,0,4
L04,S033,Tail-30,1,0,4
L04,S034,Tail-30,1,0,4
L04,S035,Tail-30,0,0,4
L04,S036,Tail-30,1,0,4
L04,S037,Tail-30,1,0,4
L04,S038,Tail-30,1,0,4
L04,S039,Tail-30,1,0,4
L04,S040,Tail-30,0,0,4
L04,S041,Tail-30,1,0,4
L04,S042,Tail-30,1,0,4
L04,S043,Tail-30,1,0,4
L04,S044,Tail-30,1,0,4
L04,S045,Tail-30,1,0,4
L04,S046,Tail-30,1,0,4
L04,S047,Tail-30,1,0,4
L04,S048,Tail-30,0,0,4
L04,S049,Tail-30,1,0,4
L04,S050,Tail-30,1,0,4
L04,S051,Tail-30,1,0,4
L04,S052,Tail-30,1,0,4
L04,S053,Tail-30,1,0,4
L04,S054,Tail-30,1,0,4
L04,S055,Tail-30,1,0,4
L04,S056,Tail-30,0,0,4
L04,S057,Tail-30,0,0,4
L04,S058,Tail-30,1,0,5
L04,S059,Tail-30,1,0,4
L04,S060,Tail-30,1,0,4
L04,S061,Tail-30,1,0,4
L04,S062,Tail-30,0,0,4
L04,S063,Tail-30,1,0,4
L04,S064,Tail-30,1,0,4
L04,S065,Tail-30,1,0,4
L04,S066,Tail-30,1,0,4
L04,S067,Tail-30,0,0,4
L04,S068,Tail-30,0,1,4
L04,S069,Tail-30,1,0,5
L04,S070,Tail-30,1,0,4
L04,S071,Tail-30,1,0,4
L04,S072,Tail-30,1,0,4
L04,S073,Tail-30,1,0,4
L04,S074,Tail-30,0,1,4
L04,S075,Tail-30,1,0,4
L04,S076,Tail-30,1,0,4
L04,S077,Tail-30,1,0,4
L04,S078,Tail-30,0,0,4
L04,S079,Tail-30,0,1,4
L04,S080,Tail-30,1,0,4
L04,S081,Tail-30,0,0,4
L04,S082,Tail-30,1,0,4
L04,S083,Tail-30,0,1,4
L04,S084,Tail-30,1,0,4
L04,S085,Tail-30,1,0,4
L04,S086,Tail-30,1,0,4
L04,S087,Tail-30,0,0,4
L04,S088,Tail-30,1,0,4
L04,S089,Tail-30,0,1,4
L04,S090,Tail-30,0,1,4
L04,S091,Tail-30,1,0,4
L04,S092,Tail-30,1,0,4
L04,S093,Tail-30,0,0,4
L04,S094,Tail-30,1,0,4
L04,S095,Tail-30,1,0,5
L04,S096,Tail-30,1,0,4
L04,S097,Tail-30,0,0,4
L04,S098,Tail-30,1,0,4
L04,S099,Tail-30,0,1,4
L04,S100,Tail-30,1,0,4
L04,S101,Tail-30,0,1,4
L04,S102,Tail-30,1,0,4
L04,S103,Tail-30,1,0,4
L04,S104,Tail-30,1,0,4
L04,S105,Tail-30,1,0,4
L04,S106,Tail-30,1,0,4
L04,S107,Tail-30,1,0,4
L04,S108,Tail-30,1,0,4
L04,S109,Tail-30,0,0,4
L04,S110,Tail-30,1,0,4
L04,S111,Tail-30,1,0,5
L04,S112,Tail-30,1,0,4
L04,S113,Tail-30,1,0,4
L04,S114,Tail-30,0,0,4
L04,S115,Tail-30,1,0,4
L04,S116,Tail-30,1,0,4
L04,S117,Tail-30,1,0,4
L04,S118,Tail-30,1,0,4
L04,S119,Tail-30,0,0,4
L04,S120,Tail-30,0,0,4
L05,S001,Tail-30,1,0,4
L05,S002,Tail-30,1,0,4
L05,S003,Tail-30,1,0,4
L05,S004,Tail-30,1,0,4
L05,S005,Tail-30,0,0,4
L05,S006,Tail-30,1,0,4
L05,S007,Tail-30,1,0,4
L05,S008,Tail-30,1,0,4
L05,S009,Tail-30,1,0,4
L05,S010,Tail-30,1,0,4
L05,S011,Tail-30,0,0,4
L05,S012,Tail-30,0,1,4
L05,S013,Tail-30,0,0,4
L05,S014,Tail-30,1,0,4
L05,S015,Tail-30,1,0,4
L05,S016,Tail-30,1,0,4
L05,S017,Tail-30,0,1,4
L05,S018,Tail-30,1,0,4
L05,S019,Tail-30,0,0,4
L05,S020,Tail-30,1,0,4
L05,S021,Tail-30,1,0,4
L05,S022,Tail-30,1,0,4
L05,S023,Tail-30,0,0,4
L05,S024,Tail-30,1,0,4
L05,S025,Tail-30,1,0,4
L05,S026,Tail-30,1,0,4
L05,S027,Tail-30,1,0,4
L05,S028,Tail-30,1,0,4
L05,S029,Tail-30,0,1,4
L05,S030,Tail-30,1,0,4
L05,S031,Tail-30,0,0,4
L05,S032,Tail-30,0,1,4
L05,S033,Tail-30,1,0,4
L05,S034,Tail-30,0,1,5
L05,S035,Tail-30,1,0,4
L05,S036,Tail-30,0,0,4
L05,S037,Tail-30,1,0,4
L05,S038,Tail-30,0,0,4
L05,S039,Tail-30,1,0,4
L05,S040,Tail-30,1,0,4
L05,S041,Tail-30,1,0,4
L05,S042,Tail-30,1,0,4
L05,S043,Tail-30,0,0,4
L05,S044,Tail-30,1,0,4
L05,S045,Tail-30,1,0,4
L05,S046,Tail-30,0,0,4
L05,S047,Tail-30,0,0,4
L05,S048,Tail-30,1,0,4
L05,S049,Tail-30,1,0,5
L05,S050,Tail-30,1,0,4
L05,S051,Tail-30,1,0,4
L05,S052,Tail-30,1,0,4
L05,S053,Tail-30,1,0,4
L05,S054,Tail-30,0,1,4
L05,S055,Tail-30,0,1,4
L05,S056,Tail-30,1,0,4
L05,S057,Tail-30,1,0,4
L05,S058,Tail-30,0,1,4
L05,S059,Tail-30,1,0,4
L05,S060,Tail-30,1,0,4
L05,S061,Tail-30,0,1,4
L05,S062,Tail-30,1,0,4
L05,S063,Tail-30,1,0,4
L05,S064,Tail-30,1,0,4
L05,S065,Tail-30,1,0,4
L05,S066,Tail-30,1,0,4
L05,S067,Tail-30,0,0,5
L05,S068,Tail-30,0,0,4
L05,S069,Tail-30,1,0,4
L05,S070,Tail-30,1,0,4
L05,S071,Tail-30,1,0,4
L05,S072,Tail-30,1,0,5
L05,S073,Tail-30,0,0,4
L05,S074,Tail-30,0,0,4
L05,S075,Tail-30,0,0,4
L05,S076,Tail-30,1,0,4
L05,S077,Tail-30,0,0,4
L05,S078,Tail-30,1,0,4
L05,S079,Tail-30,1,0,4
L05,S080,Tail-30,1,0,4
L05,S081,Tail-30,1,0,4
L05,S082,Tail-30,1,0,4
L05,S083,Tail-30,1,0,4
L05,S084,Tail-30,1,0,4
L05,S085,Tail-30,1,0,4
L05,S086,Tail-30,0,0,4
L05,S087,Tail-30,1,0,4
L05,S088,Tail-30,1,0,4
L05,S089,Tail-30,0,0,4
L05,S090,Tail-30,1,0,4
L05,S091,Tail-30,1,0,5
L05,S092,Tail-30,1,0,4
L05,S093,Tail-30,1,0,4
L05,S094,Tail-30,1,0,4
L05,S095,Tail-30,1,0,4
L05,S096,Tail-30,1,0,4
L05,S097,Tail-30,0,1,5
L05,S098,Tail-30,0,0,4
L05,S099,Tail-30,1,0,4
L05,S100,Tail-30,1,0,4
L05,S101,Tail-30,1,0,4
L05,S102,Tail-30,1,0,4
L05,S103,Tail-30,0,0,4
L05,S104,Tail-30,1,0,4
L05,S105,Tail-30,1,0,4
L05,S106,Tail-30,1,0,4
L05,S107,Tail-30,0,1,4
L05,S108,Tail-30,1,0,4
L05,S109,Tail-30,0,1,4
L05,S110,Tail-30,1,0,4
L05,S111,Tail-30,1,0,4
L05,S112,Tail-30,1,0,4
L05,S113,Tail-30,0,1,4
L05,S114,Tail-30,1,0,4
L05,S115,Tail-30,1,0,4
L05,S116,Tail-30,1,0,4
L05,S117,Tail-30,0,1,4
L05,S118,Tail-30,0,0,4
L05,S119,Tail-30,1,0,4
L05,S120,Tail-30,1,0,4
L06,S001,Tail-30,0,1,4
L06,S002,Tail-30,1,0,4
L06,S003,Tail-30,1,0,4
L06,S004,Tail-30,1,0,5
L06,S005,Tail-30,0,0,4
L06,S006,Tail-30,0,0,4
L06,S007,Tail-30,1,0,4
L06,S008,Tail-30,1,0,4
L06,S009,Tail-30,0,0,4
L06,S010,Tail-30,1,0,4
L06,S011,Tail-30,1,0,4
L06,S012,Tail-30,1,0,4
L06,S013,Tail-30,0,0,4
L06,S014,Tail-30,1,0,4
L06,S015,Tail-30,1,0,4
L06,S016,Tail-30,1,0,4
L06,S017,Tail-30,1,0,5
L06,S018,Tail-30,1,0,4
L06,S019,Tail-30,0,1,4
L06,S020,Tail-30,1,0,4
L06,S021,Tail-30,1,0,4
L06,S022,Tail-30,1,0,4
L06,S023,Tail-30,0,0,4
L06,S024,Tail-30,0,0,4
L06,S025,Tail-30,1,0,4
L06,S026,Tail-30,1,0,4
L06,S027,Tail-30,0,1,4
L06,S028,Tail-30,0,1,4
L06,S029,Tail-30,1,0,4
L06,S030,Tail-30,0,0,4
L06,S031,Tail-30,1,0,4
L06,S032,Tail-30,1,0,4
L06,S033,Tail-30,0,0,4
L06,S034,Tail-30,1,0,4
L06,S035,Tail-30,0,1,4
L06,S036,Tail-30,0,1,4
L06,S037,Tail-30,0,0,5
L06,S038,Tail-30,1,0,4
L06,S039,Tail-30,1,0,4
L06,S040,Tail-30,1,0,4
L06,S041,Tail-30,1,0,4
L06,S042,Tail-30,1,0,4
L06,S043,Tail-30,0,0,4
L06,S044,Tail-30,1,0,4
L06,S045,Tail-30,1,0,4
L06,S046,Tail-30,1,0,4
L06,S047,Tail-30,0,1,4
L06,S048,Tail-30,0,0,4
L06,S049,Tail-30,1,0,5
L06,S050,Tail-30,0,0,4
L06,S051,Tail-30,0,0,4
L06,S052,Tail-30,1,0,4
L06,S053,Tail-30,1,0,4
L06,S054,Tail-30,1,0,4
L06,S055,Tail-30,0,0,4
L06,S056,Tail-30,1,0,4
L06,S057,Tail-30,1,0,4
L06,S058,Tail-30,1,0,4
L06,S059,Tail-30,1,0,4
L06,S060,Tail-30,1,0,4
L06,S061,Tail-30,1,0,4
L06,S062,Tail-30,1,0,4
L06,S063,Tail-30,1,0,4
L06,S064,Tail-30,1,0,4
L06,S065,Tail-30,1,0,4
L06,S066,Tail-30,1,0,4
L06,S067,Tail-30,0,1,4
L06,S068,Tail-30,1,0,4
L06,S069,Tail-30,1,0,4
L06,S070,Tail-30,1,0,4
L06,S071,Tail-30,1,0,4
L06,S072,Tail-30,0,1,4
L06,S073,Tail-30,1,0,4
L06,S074,Tail-30,1,0,4
L06,S075,Tail-30,1,0,4
L06,S076,Tail-30,1,0,4
L06,S077,Tail-30,1,0,4
L06,S078,Tail-30,1,0,4
L06,S079,Tail-30,1,0,4
L06,S080,Tail-30,1,0,4
L06,S081,Tail-30,0,0,4
L06,S082,Tail-30,1,0,4
L06,S083,Tail-30,0,1,4
L06,S084,Tail-30,1,0,4
L06,S085,Tail-30,0,0,4
L06,S086,Tail-30,1,0,4
L06,S087,Tail-30,1,0,4
L06,S088,Tail-30,1,0,4
L06,S089,Tail-30,1,0,4
L06,S090,Tail-30,0,1,4
L06,S091,Tail-30,0,0,4
L06,S092,Tail-30,0,0,4
L06,S093,Tail-30,0,1,4
L06,S094,Tail-30,0,1,4
L06,S095,Tail-30,1,0,4
L06,S096,Tail-30,1,0,4
L06,S097,Tail-30,1,0,4
L06,S098,Tail-30,1,0,4
L06,S099,Tail-30,1,0,5
L06,S100,Tail-30,1,0,4
L06,S101,Tail-30,0,0,4
L06,S102,Tail-30,0,0,4
L06,S103,Tail-30,0,1,4
L06,S104,Tail-30,0,0,4
L06,S105,Tail-30,0,0,4
L06,S106,Tail-30,1,0,4
L06,S107,Tail-30,1,0,4
L06,S108,Tail-30,0,1,4
L06,S109,Tail-30,1,0,5
L06,S110,Tail-30,1,0,4
L06,S111,Tail-30,0,0,4
L06,S112,Tail-30,0,0,4
L06,S113,Tail-30,0,0,4
L06,S114,Tail-30,1,0,4
L06,S115,Tail-30,0,1,4
L06,S116,Tail-30,0,0,4
L06,S117,Tail-30,1,0,4
L06,S118,Tail-30,1,0,4
L06,S119,Tail-30,1,0,4
L06,S120,Tail-30,0,1,4
L07,S001,Tail-30,0,0,4
L07,S002,Tail-30,0,0,4
L07,S003,Tail-30,1,0,4
L07,S004,Tail-30,0,1,4
L07,S005,Tail-30,0,1,5
L07,S006,Tail-30,0,0,4
L07,S007,Tail-30,0,0,4
L07,S008,Tail-30,0,1,4
L07,S009,Tail-30,0,0,4
L07,S010,Tail-30,1,0,4
L07,S011,Tail-30,1,0,4
L07,S012,Tail-30,1,0,4
L07,S013,Tail-30,0,1,4
L07,S014,Tail-30,0,0,4
L07,S015,Tail-30,1,0,4
L07,S016,Tail-30,0,0,4
L07,S017,Tail-30,0,1,4
L07,S018,Tail-30,1,0,4
L07,S019,Tail-30,1,0,4
L07,S020,Tail-30,1,0,4
L07,S021,Tail-30,0,0,4
L07,S022,Tail-30,0,0,4
L07,S023,Tail-30,0,0,4
L07,S024,Tail-30,1,0,4
L07,S025,Tail-30,1,0,4
L07,S026,Tail-30,1,0,4
L07,S027,Tail-30,1,0,4
L07,S028,Tail-30,1,0,4
L07,S029,Tail-30,1,0,4
L07,S030,Tail-30,1,0,4
L07,S031,Tail-30,1,0,4
L07,S032,Tail-30,1,0,4
L07,S033,Tail-30,1,0,4
L07,S034,Tail-30,1,0,4
L07,S035,Tail-30,1,0,4
L07,S036,Tail-30,1,0,4
L07,S037,Tail-30,0,0,4
L07,S038,Tail-30,0,1,4
L07,S039,Tail-30,1,0,4
L07,S040,Tail-30,1,0,4
L07,S041,Tail-30,0,1,4
L07,S042,Tail-30,1,0,4
L07,S043,Tail-30,0,0,4
L07,S044,Tail-30,1,0,4
L07,S045,Tail-30,1,0,4
L07,S046,Tail-30,1,0,4
L07,S047,Tail-30,0,0,4
L07,S048,Tail-30,1,0,4
L07,S049,Tail-30,1,0,4
L07,S050,Tail-30,1,0,4
L07,S051,Tail-30,1,0,4
L07,S052,Tail-30,1,0,4
L07,S053,Tail-30,1,0,4
L07,S054,Tail-30,0,0,4
L07,S055,Tail-30,0,1,4
L07,S056,Tail-30,0,1,4
L07,S057,Tail-30,1,0,4
L07,S058,Tail-30,1,0,4
L07,S059,Tail-30,0,1,4
L07,S060,Tail-30,0,1,4
L07,S061,Tail-30,1,0,4
L07,S062,Tail-30,1,0,4
L07,S063,Tail-30,0,1,4
L07,S064,Tail-30,1,0,4
L07,S065,Tail-30,1,0,4
L07,S066,Tail-30,0,0,4
L07,S067,Tail-30,1,0,4
L07,S068,Tail-30,1,0,4
L07,S069,Tail-30,1,0,4
L07,S070,Tail-30,1,0,4
L07,S071,Tail-30,0,1,4
L07,S072,Tail-30,0,0,4
L07,S073,Tail-30,0,1,4
L07,S074,Tail-30,1,0,4
L07,S075,Tail-30,1,0,4
L07,S076,Tail-30,1,0,4
L07,S077,Tail-30,1,0,4
L07,S078,Tail-30,0,0,4
L07,S079,Tail-30,1,0,4
L07,S080,Tail-30,1,0,4
L07,S081,Tail-30,1,0,4
L07,S082,Tail-30,0,1,4
L07,S083,Tail-30,1,0,4
L07,S084,Tail-30,0,1,4
L07,S085,Tail-30,1,0,4
L07,S086,Tail-30,1,0,4
L07,S087,Tail-30,0,1,4
L07,S088,Tail-30,0,0,5
L07,S089,Tail-30,1,0,4
L07,S090,Tail-30,1,0,4
L07,S091,Tail-30,0,1,4
L07,S092,Tail-30,1,0,4
L07,S093,Tail-30,1,0,4
L07,S094,Tail-30,1,0,4
L07,S095,Tail-30,0,1,4
L07,S096,Tail-30,1,0,4
L07,S097,Tail-30,1,0,4
L07,S098,Tail-30,1,0,4
L07,S099,Tail-30,1,0,4
L07,S100,Tail-30,1,0,4
L07,S101,Tail-30,1,0,4
L07,S102,Tail-30,0,0,4
L07,S103,Tail-30,0,1,4
L07,S104,Tail-30,0,0,4
L07,S105,Tail-30,1,0,4
L07,S106,Tail-30,1,0,4
L07,S107,Tail-30,1,0,4
L07,S108,Tail-30,1,0,4
L07,S109,Tail-30,1,0,4
L07,S110,Tail-30,1,0,4
L07,S111,Tail-30,1,0,4
L07,S112,Tail-30,0,1,4
L07,S113,Tail-30,0,0,5
L07,S114,Tail-30,1,0,4
L07,S115,Tail-30,0,0,4
L07,S116,Tail-30,0,0,4
L07,S117,Tail-30,1,0,4
L07,S118,Tail-30,1,0,4
L07,S119,Tail-30,1,0,4
L07,S120,Tail-30,1,0,4
L08,S001,Tail-30,1,0,4
L08,S002,Tail-30,0,0,4
L08,S003,Tail-30,1,0,4
L08,S004,Tail-30,1,0,4
L08,S005,Tail-30,1,0,4
L08,S006,Tail-30,1,0,4
L08,S007,Tail-30,1,0,4
L08,S008,Tail-30,1,0,4
L08,S009,Tail-30,1,0,4
L08,S010,Tail-30,1,0,4
L08,S011,Tail-30,1,0,4
L08,S012,Tail-30,0,0,4
L08,S013,Tail-30,1,0,4
L08,S014,Tail-30,1,0,4
L08,S015,Tail-30,1,0,4
L08,S016,Tail-30,1,0,4
L08,S017,Tail-30,0,1,4
L08,S018,Tail-30,0,0,4
L08,S019,Tail-30,1,0,4
L08,S020,Tail-30,1,0,4
L08,S021,Tail-30,1,0,4
L08,S022,Tail-30,1,0,4
L08,S023,Tail-30,1,0,4
L08,S024,Tail-30,1,0,4
L08,S025,Tail-30,1,0,4
L08,S026,Tail-30,0,0,4
L08,S027,Tail-30,1,0,4
L08,S028,Tail-30,1,0,4
L08,S029,Tail-30,1,0,4
L08,S030,Tail-30,1,0,4
L08,S031,Tail-30,1,0,4
L08,S032,Tail-30,1,0,4
L08,S033,Tail-30,0,0,4
L08,S034,Tail-30,1,0,4
L08,S035,Tail-30,1,0,4
L08,S036,Tail-30,1,0,5
L08,S037,Tail-30,1,0,4
L08,S038,Tail-30,1,0,4
L08,S039,Tail-30,0,0,4
L08,S040,Tail-30,1,0,4
L08,S041,Tail-30,1,0,4
L08,S042,Tail-30,0,1,4
L08,S043,Tail-30,1,0,4
L08,S044,Tail-30,1,0,4
L08,S045,Tail-30,1,0,4
L08,S046,Tail-30,1,0,4
L08,S047,Tail-30,0,1,4
L08,S048,Tail-30,0,1,4
L08,S049,Tail-30,1,0,5
L08,S050,Tail-30,1,0,4
L08,S051,Tail-30,1,0,4
L08,S052,Tail-30,0,0,5
L08,S053,Tail-30,1,0,4
L08,S054,Tail-30,1,0,4
L08,S055,Tail-30,1,0,4
L08,S056,Tail-30,0,0,4
L08,S057,Tail-30,0,1,4
L08,S058,Tail-30,0,0,4
L08,S059,Tail-30,1,0,4
L08,S060,Tail-30,0,0,4
L08,S061,Tail-30,0,1,4
L08,S062,Tail-30,1,0,4
L08,S063,Tail-30,1,0,4
L08,S064,Tail-30,0,1,4
L08,S065,Tail-30,1,0,4
L08,S066,Tail-30,1,0,4
L08,S067,Tail-30,1,0,4
L08,S068,Tail-30,1,0,5
L08,S069,Tail-30,0,0,4
L08,S070,Tail-30,0,0,4
L08,S071,Tail-30,1,0,4
L08,S072,Tail-30,1,0,4
L08,S073,Tail-30,1,0,4
L08,S074,Tail-30,1,0,4
L08,S075,Tail-30,1,0,4
L08,S076,Tail-30,1,0,4
L08,S077,Tail-30,0,0,4
L08,S078,Tail-30,1,0,4
L08,S079,Tail-30,1,0,4
L08,S080,Tail-30,1,0,4
L08,S081,Tail-30,1,0,4
L08,S082,Tail-30,0,0,4
L08,S083,Tail-30,1,0,4
L08,S084,Tail-30,1,0,4
L08,S085,Tail-30,1,0,4
L08,S086,Tail-30,1,0,4
L08,S087,Tail-30,1,0,4
L08,S088,Tail-30,1,0,4
L08,S089,Tail-30,1,0,4
L08,S090,Tail-30,1,0,4
L08,S091,Tail-30,0,0,4
L08,S092,Tail-30,1,0,4
L08,S093,Tail-30,0,0,4
L08,S094,Tail-30,1,0,4
L08,S095,Tail-30,1,0,4
L08,S096,Tail-30,1,0,4
L08,S097,Tail-30,1,0,4
L08,S098,Tail-30,1,0,4
L08,S099,Tail-30,0,0,4
L08,S100,Tail-30,1,0,4
L08,S101,Tail-30,1,0,4
L08,S102,Tail-30,1,0,4
L08,S103,Tail-30,1,0,4
L08,S104,Tail-30,0,1,4
L08,S105,Tail-30,0,0,4
L08,S106,Tail-30,1,0,4
L08,S107,Tail-30,0,0,4
L08,S108,Tail-30,1,0,4
L08,S109,Tail-30,1,0,4
L08,S110,Tail-30,1,0,4
L08,S111,Tail-30,0,0,4
L08,S112,Tail-30,0,0,4
L08,S113,Tail-30,0,0,4
L08,S114,Tail-30,1,0,4
L08,S115,Tail-30,0,0,4
L08,S116,Tail-30,1,0,4
L08,S117,Tail-30,1,0,4
L08,S118,Tail-30,1,0,4
L08,S119,Tail-30,0,0,5
L08,S120,Tail-30,1,0,4
L09,S001,Tail-30,1,0,4
L09,S002,Tail-30,1,0,4
L09,S003,Tail-30,0,0,4
L09,S004,Tail-30,1,0,4
L09,S005,Tail-30,1,0,4
L09,S006,Tail-30,1,0,4
L09,S007,Tail-30,0,1,4
L09,S008,Tail-30,1,0,4
L09,S009,Tail-30,1,0,4
L09,S010,Tail-30,0,0,4
L09,S011,Tail-30,0,1,4
L09,S012,Tail-30,1,0,4
L09,S013,Tail-30,0,0,4
L09,S014,Tail-30,0,1,5
L09,S015,Tail-30,1,0,4
L09,S016,Tail-30,1,0,4
L09,S017,Tail-30,1,0,4
L09,S018,Tail-30,1,0,5
L09,S019,Tail-30,0,0,4
L09,S020,Tail-30,1,0,4
L09,S021,Tail-30,1,0,4
L09,S022,Tail-30,1,0,4
L09,S023,Tail-30,1,0,4
L09,S024,Tail-30,1,0,4
L09,S025,Tail-30,1,0,4
L09,S026,Tail-30,1,0,4
L09,S027,Tail-30,0,0,4
L09,S028,Tail-30,1,0,4
L09,S029,Tail-30,0,0,4
L09,S030,Tail-30,0,0,4
L09,S031,Tail-30,1,0,4
L09,S032,Tail-30,1,0,4
L09,S033,Tail-30,1,0,4
L09,S034,Tail-30,1,0,4
L09,S035,Tail-30,0,1,4
L09,S036,Tail-30,0,0,4
L09,S037,Tail-30,1,0,4
L09,S038,Tail-30,1,0,4
L09,S039,Tail-30,1,0,4
L09,S040,Tail-30,1,0,4
L09,S041,Tail-30,0,1,4
L09,S042,Tail-30,1,0,4
L09,S043,Tail-30,1,0,4
L09,S044,Tail-30,1,0,4
L09,S045,Tail-30,0,0,4
L09,S046,Tail-30,0,0,4
L09,S047,Tail-30,1,0,4
L09,S048,Tail-30,1,0,4
L09,S049,Tail-30,1,0,4
L09,S050,Tail-30,1,0,4
L09,S051,Tail-30,1,0,4
L09,S052,Tail-30,0,1,4
L09,S053,Tail-30,0,1,4
L09,S054,Tail-30,1,0,4
L09,S055,Tail-30,1,0,4
L09,S056,Tail-30,1,0,4
L09,S057,Tail-30,0,0,4
L09,S058,Tail-30,1,0,4
L09,S059,Tail-30,1,0,4
L09,S060,Tail-30,0,0,4
L09,S061,Tail-30,1,0,4
L09,S062,Tail-30,1,0,4
L09,S063,Tail-30,1,0,4
L09,S064,Tail-30,0,0,4
L09,S065,Tail-30,0,0,4
L09,S066,Tail-30,1,0,4
L09,S067,Tail-30,0,0,4
L09,S068,Tail-30,1,0,4
L09,S069,Tail-30,1,0,4
L09,S070,Tail-30,0,0,4
L09,S071,Tail-30,1,0,4
L09,S072,Tail-30,1,0,4
L09,S073,Tail-30,1,0,4
L09,S074,Tail-30,0,1,4
L09,S075,Tail-30,1,0,4
L09,S076,Tail-30,1,0,5
L09,S077,Tail-30,0,0,4
L09,S078,Tail-30,1,0,4
L09,S079,Tail-30,1,0,4
L09,S080,Tail-30,1,0,5
L09,S081,Tail-30,1,0,4
L09,S082,Tail-30,1,0,4
L09,S083,Tail-30,0,0,4
L09,S084,Tail-30,0,1,4
L09,S085,Tail-30,1,0,4
L09,S086,Tail-30,0,0,5
L09,S087,Tail-30,0,0,4
L09,S088,Tail-30,1,0,4
L09,S089,Tail-30,1,0,4
L09,S090,Tail-30,1,0,4
L09,S091,Tail-30,1,0,4
L09,S092,Tail-30,1,0,4
L09,S093,Tail-30,0,1,4
L09,S094,Tail-30,1,0,4
L09,S095,Tail-30,0,0,4
L09,S096,Tail-30,1,0,4
L09,S097,Tail-30,1,0,5
L09,S098,Tail-30,1,0,4
L09,S099,Tail-30,0,0,5
L09,S100,Tail-30,0,0,5
L09,S101,Tail-30,1,0,4
L09,S102,Tail-30,1,0,4
L09,S103,Tail-30,1,0,4
L09,S104,Tail-30,0,1,4
L09,S105,Tail-30,1,0,4
L09,S106,Tail-30,0,1,4
L09,S107,Tail-30,1,0,4
L09,S108,Tail-30,1,0,4
L09,S109,Tail-30,1,0,4
L09,S110,Tail-30,1,0,4
L09,S111,Tail-30,0,0,4
L09,S112,Tail-30,1,0,4
L09,S113,Tail-30,1,0,4
L09,S114,Tail-30,1,0,4
L09,S115,Tail-30,1,0,4
L09,S116,Tail-30,0,1,4
L09,S117,Tail-30,1,0,4
L09,S118,Tail-30,0,0,4
L09,S119,Tail-30,1,0,4
L09,S120,Tail-30,0,0,4
L10,S001,Tail-30,0,0,4
L10,S002,Tail-30,1,0,4
L10,S003,Tail-30,0,1,4
L10,S004,Tail-30,1,0,4
L10,S005,Tail-30,1,0,4
L10,S006,Tail-30,0,0,5
L10,S007,Tail-30,0,0,4
L10,S008,Tail-30,1,0,4
L10,S009,Tail-30,1,0,4
L10,S010,Tail-30,1,0,4
L10,S011,Tail-30,0,0,4
L10,S012,Tail-30,1,0,4
L10,S013,Tail-30,1,0,4
L10,S014,Tail-30,0,0,4
L10,S015,Tail-30,1,0,4
L10,S016,Tail-30,0,0,5
L10,S017,Tail-30,1,0,4
L10,S018,Tail-30,0,0,4
L10,S019,Tail-30,1,0,4
L10,S020,Tail-30,1,0,4
L10,S021,Tail-30,0,0,4
L10,S022,Tail-30,1,0,4
L10,S023,Tail-30,1,0,4
L10,S024,Tail-30,1,0,4
L10,S025,Tail-30,0,0,4
L10,S026,Tail-30,1,0,4
L10,S027,Tail-30,1,0,4
L10,S028,Tail-30,0,0,5
L10,S029,Tail-30,1,0,4
L10,S030,Tail-30,1,0,4
L10,S031,Tail-30,0,0,4
L10,S032,Tail-30,0,1,4
L10,S033,Tail-30,1,0,4
L10,S034,Tail-30,1,0,4
L10,S035,Tail-30,1,0,4
L10,S036,Tail-30,0,1,5
L10,S037,Tail-30,0,0,4
L10,S038,Tail-30,1,0,4
L10,S039,Tail-30,1,0,4
L10,S040,Tail-30,0,1,4
L10,S041,Tail-30,1,0,4
L10,S042,Tail-30,0,0,4
L10,S043,Tail-30,0,0,4
L10,S044,Tail-30,1,0,4
L10,S045,Tail-30,1,0,4
L10,S046,Tail-30,1,0,4
L10,S047,Tail-30,0,0,4
L10,S048,Tail-30,0,0,4
L10,S049,Tail-30,1,0,4
L10,S050,Tail-30,1,0,4
L10,S051,Tail-30,1,0,4
L10,S052,Tail-30,1,0,4
L10,S053,Tail-30,1,0,4
L10,S054,Tail-30,1,0,4
L10,S055,Tail-30,0,1,4
L10,S056,Tail-30,1,0,4
L10,S057,Tail-30,1,0,4
L10,S058,Tail-30,1,0,4
L10,S059,Tail-30,0,0,5
L10,S060,Tail-30,1,0,4
L10,S061,Tail-30,1,0,4
L10,S062,Tail-30,1,0,5
L10,S063,Tail-30,1,0,4
L10,S064,Tail-30,1,0,4
L10,S065,Tail-30,1,0,4
L10,S066,Tail-30,1,0,4
L10,S067,Tail-30,1,0,4
L10,S068,Tail-30,1,0,4
L10,S069,Tail-30,1,0,4
L10,S070,Tail-30,0,0,4
L10,S071,Tail-30,1,0,4
L10,S072,Tail-30,1,0,4
L10,S073,Tail-30,0,1,4
L10,S074,Tail-30,1,0,4
L10,S075,Tail-30,0,0,4
L10,S076,Tail-30,1,0,4
L10,S077,Tail-30,1,0,4
L10,S078,Tail-30,0,1,4
L10,S079,Tail-30,1,0,4
L10,S080,Tail-30,1,0,4
L10,S081,Tail-30,1,0,4
L10,S082,Tail-30,1,0,4
L10,S083,Tail-30,1,0,4
L10,S084,Tail-30,1,0,4
L10,S085,Tail-30,1,0,4
L10,S086,Tail-30,1,0,4
L10,S087,Tail-30,0,0,4
L10,S088,Tail-30,0,1,5
L10,S089,Tail-30,1,0,4
L10,S090,Tail-30,1,0,4
L10,S091,Tail-30,1,0,4
L10,S092,Tail-30,0,0,4
L10,S093,Tail-30,0,0,4
L10,S094,Tail-30,1,0,4
L10,S095,Tail-30,1,0,4
L10,S096,Tail-30,1,0,4
L10,S097,Tail-30,1,0,4
L10,S098,Tail-30,1,0,4
L10,S099,Tail-30,1,0,4
L10,S100,Tail-30,1,0,4
L10,S101,Tail-30,0,0,4
L10,S102,Tail-30,1,0,4
L10,S103,Tail-30,1,0,4
L10,S104,Tail-30,1,0,4
L10,S105,Tail-30,0,0,4
L10,S106,Tail-30,1,0,4
L10,S107,Tail-30,1,0,4
L10,S108,Tail-30,1,0,4
L10,S109,Tail-30,0,1,4
L10,S110,Tail-30,1,0,4
L10,S111,Tail-30,1,0,4
L10,S112,Tail-30,0,1,4
L10,S113,Tail-30,1,0,4
L10,S114,Tail-30,1,0,4
L10,S115,Tail-30,1,0,4
L10,S116,Tail-30,0,0,4
L10,S117,Tail-30,1,0,4
L10,S118,Tail-30,0,0,4
L10,S119,Tail-30,1,0,4
L10,S120,Tail-30,1,0,4
L01,S001,Tail-SD,0,0,4
L01,S002,Tail-SD,0,0,4
L01,S003,Tail-SD,1,0,4
L01,S004,Tail-SD,1,0,4
L01,S005,Tail-SD,0,1,4
L01,S006,Tail-SD,1,0,4
L01,S007,Tail-SD,1,0,4
L01,S008,Tail-SD,1,0,4
L01,S009,Tail-SD,1,0,5
L01,S010,Tail-SD,1,0,4
L01,S011,Tail-SD,1,0,4
L01,S012,Tail-SD,1,0,4
L01,S013,Tail-SD,0,0,4
L01,S014,Tail-SD,0,1,4
L01,S015,Tail-SD,0,0,4
L01,S016,Tail-SD,1,0,4
L01,S017,Tail-SD,1,0,4
L01,S018,Tail-SD,1,0,4
L01,S019,Tail-SD,1,0,4
L01,S020,Tail-SD,1,0,4
L01,S021,Tail-SD,1,0,4
L01,S022,Tail-SD,0,1,4
L01,S023,Tail-SD,1,0,4
L01,S024,Tail-SD,1,0,4
L01,S025,Tail-SD,0,0,4
L01,S026,Tail-SD,0,1,4
L01,S027,Tail-SD,1,0,4
L01,S028,Tail-SD,1,0,4
L01,S029,Tail-SD,1,0,4
L01,S030,Tail-SD,1,0,4
L01,S031,Tail-SD,1,0,4
L01,S032,Tail-SD,1,0,4
L01,S033,Tail-SD,0,0,4
L01,S034,Tail-SD,1,0,4
L01,S035,Tail-SD,1,0,4
L01,S036,Tail-SD,1,0,4
L01,S037,Tail-SD,1,0,4
L01,S038,Tail-SD,1,0,4
L01,S039,Tail-SD,1,0,4
L01,S040,Tail-SD,0,0,4
L01,S041,Tail-SD,0,1,4
L01,S042,Tail-SD,1,0,4
L01,S043,Tail-SD,1,0,4
L01,S044,Tail-SD,1,0,4
L01,S045,Tail-SD,1,0,4
L01,S046,Tail-SD,1,0,4
L01,S047,Tail-SD,0,1,4
L01,S048,Tail-SD,1,0,4
L01,S049,Tail-SD,0,0,4
L01,S050,Tail-SD,0,0,4
L01,S051,Tail-SD,1,0,5
L01,S052,Tail-SD,1,0,4
L01,S053,Tail-SD,0,0,4
L01,S054,Tail-SD,1,0,4
L01,S055,Tail-SD,1,0,4
L01,S056,Tail-SD,1,0,4
L01,S057,Tail-SD,1,0,4
L01,S058,Tail-SD,1,0,4
L01,S059,Tail-SD,1,0,4
L01,S060,Tail-SD,1,0,4
L01,S061,Tail-SD,0,0,4
L01,S062,Tail-SD,1,0,4
L01,S063,Tail-SD,1,0,4
L01,S064,Tail-SD,0,0,4
L01,S065,Tail-SD,1,0,4
L01,S066,Tail-SD,1,0,4
L01,S067,Tail-SD,1,0,4
L01,S068,Tail-SD,1,0,4
L01,S069,Tail-SD,0,0,4
L01,S070,Tail-SD,1,0,5
L01,S071,Tail-SD,1,0,4
L01,S072,Tail-SD,0,0,4
L01,S073,Tail-SD,1,0,4
L01,S074,Tail-SD,1,0,4
L01,S075,Tail-SD,0,1,4
L01,S076,Tail-SD,1,0,4
L01,S077,Tail-SD,0,0,4
L01,S078,Tail-SD,1,0,4
L01,S079,Tail-SD,1,0,4
L01,S080,Tail-SD,1,0,4
L01,S081,Tail-SD,1,0,4
L01,S082,Tail-SD,1,0,4
L01,S083,Tail-SD,1,0,4
L01,S084,Tail-SD,1,0,4
L01,S085,Tail-SD,1,0,4
L01,S086,Tail-SD,1,0,4
L01,S087,Tail-SD,1,0,4
L01,S088,Tail-SD,1,0,4
L01,S089,Tail-SD,1,0,4
L01,S090,Tail-SD,1,0,4
L01,S091,Tail-SD,1,0,5
L01,S092,Tail-SD,1,0,4
L01,S093,Tail-SD,1,0,4
L01,S094,Tail-SD,1,0,5
L01,S095,Tail-SD,1,0,5
L01,S096,Tail-SD,1,0,4
L01,S097,Tail-SD,1,0,4
L01,S098,Tail-SD,1,0,4
L01,S099,Tail-SD,1,0,4
L01,S100,Tail-SD,1,0,4
L01,S101,Tail-SD,1,0,4
L01,S102,Tail-SD,1,0,4
L01,S103,Tail-SD,1,0,4
L01,S104,Tail-SD,1,0,4
L01,S105,Tail-SD,0,0,4
L01,S106,Tail-SD,1,0,4
L01,S107,Tail-SD,1,0,4
L01,S108,Tail-SD,1,0,4
L01,S109,Tail-SD,1,0,4
L01,S110,Tail-SD,1,0,4
L01,S111,Tail-SD,1,0,4
L01,S112,Tail-SD,0,0,4
L01,S113,Tail-SD,1,0,4
L01,S114,Tail-SD,1,0,4
L01,S115,Tail-SD,0,1,4
L01,S116,Tail-SD,1,0,5
L01,S117,Tail-SD,1,0,4
L01,S118,Tail-SD,0,0,4
L01,S119,Tail-SD,1,0,4
L01,S120,Tail-SD,1,0,4
L02,S001,Tail-SD,1,0,4
L02,S002,Tail-SD,1,0,4
L02,S003,Tail-SD,1,0,4
L02,S004,Tail-SD,1,0,4
L02,S005,Tail-SD,1,0,4
L02,S006,Tail-SD,0,0,4
L02,S007,Tail-SD,1,0,4
L02,S008,Tail-SD,0,0,4
L02,S009,Tail-SD,0,1,4
L02,S010,Tail-SD,1,0,4
L02,S011,Tail-SD,0,1,4
L02,S012,Tail-SD,1,0,4
L02,S013,Tail-SD,1,0,4
L02,S014,Tail-SD,1,0,4
L02,S015,Tail-SD,0,0,4
L02,S016,Tail-SD,0,0,4
L02,S017,Tail-SD,0,1,4
L02,S018,Tail-SD,1,0,4
L02,S019,Tail-SD,0,0,4
L02,S020,Tail-SD,1,0,4
L02,S021,Tail-SD,1,0,4
L02,S022,Tail-SD,0,1,4
L02,S023,Tail-SD,1,0,4
L02,S024,Tail-SD,1,0,4
L02,S025,Tail-SD,1,0,4
L02,S026,Tail-SD,1,0,4
L02,S027,Tail-SD,1,0,4
L02,S028,Tail-SD,1,0,4
L02,S029,Tail-SD,1,0,4
L02,S030,Tail-SD,1,0,5
L02,S031,Tail-SD,1,0,4
L02,S032,Tail-SD,1,0,4
L02,S033,Tail-SD,1,0,4
L02,S034,Tail-SD,0,1,4
L02,S035,Tail-SD,1,0,4
L02,S036,Tail-SD,1,0,4
L02,S037,Tail-SD,1,0,4
L02,S038,Tail-SD,1,0,4
L02,S039,Tail-SD,1,0,4
L02,S040,Tail-SD,1,0,4
L02,S041,Tail-SD,1,0,5
L02,S042,Tail-SD,1,0,4
L02,S043,Tail-SD,1,0,4
L02,S044,Tail-SD,1,0,4
L02,S045,Tail-SD,0,1,4
L02,S046,Tail-SD,1,0,4
L02,S047,Tail-SD,1,0,4
L02,S048,Tail-SD,1,0,4
L02,S049,Tail-SD,1,0,4
L02,S050,Tail-SD,1,0,4
L02,S051,Tail-SD,1,0,4
L02,S052,Tail-SD,0,1,4
L02,S053,Tail-SD,1,0,4
L02,S054,Tail-SD,0,0,4
L02,S055,Tail-SD,1,0,4
L02,S056,Tail-SD,0,0,4
L02,S057,Tail-SD,1,0,4
L02,S058,Tail-SD,0,0,4
L02,S059,Tail-SD,0,1,4
L02,S060,Tail-SD,0,1,4
L02,S061,Tail-SD,0,0,4
L02,S062,Tail-SD,1,0,4
L02,S063,Tail-SD,1,0,4
L02,S064,Tail-SD,1,0,4
L02,S065,Tail-SD,0,0,4
L02,S066,Tail-SD,1,0,4
L02,S067,Tail-SD,0,0,4
L02,S068,Tail-SD,1,0,4
L02,S069,Tail-SD,1,0,4
L02,S070,Tail-SD,1,0,4
L02,S071,Tail-SD,1,0,4
L02,S072,Tail-SD,1,0,5
L02,S073,Tail-SD,0,0,4
L02,S074,Tail-SD,0,1,4
L02,S075,Tail-SD,1,0,4
L02,S076,Tail-SD,1,0,4
L02,S077,Tail-SD,1,0,4
L02,S078,Tail-SD,0,0,4
L02,S079,Tail-SD,1,0,4
L02,S080,Tail-SD,0,0,4
L02,S081,Tail-SD,1,0,4
L02,S082,Tail-SD,1,0,4
L02,S083,Tail-SD,0,1,4
L02,S084,Tail-SD,1,0,4
L02,S085,Tail-SD,0,1,4
L02,S086,Tail-SD,1,0,4
L02,S087,Tail-SD,1,0,4
L02,S088,Tail-SD,0,0,4
L02,S089,Tail-SD,1,0,5
L02,S090,Tail-SD,1,0,4
L02,S091,Tail-SD,0,0,4
L02,S092,Tail-SD,1,0,4
L02,S093,Tail-SD,0,0,4
L02,S094,Tail-SD,0,1,4
L02,S095,Tail-SD,1,0,4
L02,S096,Tail-SD,1,0,4
L02,S097,Tail-SD,1,0,4
L02,S098,Tail-SD,0,1,4
L02,S099,Tail-SD,1,0,4
L02,S100,Tail-SD,1,0,4
L02,S101,Tail-SD,1,0,4
L02,S102,Tail-SD,1,0,4
L02,S103,Tail-SD,1,0,4
L02,S104,Tail-SD,1,0,4
L02,S105,Tail-SD,1,0,4
L02,S106,Tail-SD,1,0,4
L02,S107,Tail-SD,1,0,4
L02,S108,Tail-SD,1,0,4
L02,S109,Tail-SD,0,0,4
L02,S110,Tail-SD,1,0,4
L02,S111,Tail-SD,0,0,4
L02,S112,Tail-SD,0,0,4
L02,S113,Tail-SD,0,0,4
L02,S114,Tail-SD,0,1,4
L02,S115,Tail-SD,1,0,5
L02,S116,Tail-SD,0,0,4
L02,S117,Tail-SD,1,0,4
L02,S118,Tail-SD,1,0,4
L02,S119,Tail-SD,1,0,4
L02,S120,Tail-SD,1,0,4
L03,S001,Tail-SD,1,0,4
L03,S002,Tail-SD,1,0,4
L03,S003,Tail-SD,1,0,4
L03,S004,Tail-SD,1,0,4
L03,S005,Tail-SD,0,1,4
L03,S006,Tail-SD,1,0,4
L03,S007,Tail-SD,1,0,4
L03,S008,Tail-SD,1,0,4
L03,S009,Tail-SD,1,0,4
L03,S010,Tail-SD,0,1,4
L03,S011,Tail-SD,0,1,4
L03,S012,Tail-SD,1,0,5
L03,S013,Tail-SD,1,0,4
L03,S014,Tail-SD,1,0,4
L03,S015,Tail-SD,1,0,4
L03,S016,Tail-SD,1,0,5
L03,S017,Tail-SD,1,0,4
L03,S018,Tail-SD,1,0,4
L03,S019,Tail-SD,1,0,4
L03,S020,Tail-SD,1,0,4
L03,S021,Tail-SD,0,0,4
L03,S022,Tail-SD,0,0,4
L03,S023,Tail-SD,1,0,4
L03,S024,Tail-SD,0,0,4
L03,S025,Tail-SD,0,1,5
L03,S026,Tail-SD,1,0,4
L03,S027,Tail-SD,0,1,4
L03,S028,Tail-SD,1,0,4
L03,S029,Tail-SD,1,0,4
L03,S030,Tail-SD,1,0,4
L03,S031,Tail-SD,0,0,4
L03,S032,Tail-SD,0,0,4
L03,S033,Tail-SD,1,0,4
L03,S034,Tail-SD,0,1,4
L03,S035,Tail-SD,1,0,4
L03,S036,Tail-SD,0,0,4
L03,S037,Tail-SD,1,0,4
L03,S038,Tail-SD,1,0,4
L03,S039,Tail-SD,1,0,4
L03,S040,Tail-SD,0,1,4
L03,S041,Tail-SD,1,0,4
L03,S042,Tail-SD,1,0,4
L03,S043,Tail-SD,1,0,4
L03,S044,Tail-SD,0,0,4
L03,S045,Tail-SD,0,0,4
L03,S046,Tail-SD,0,0,4
L03,S047,Tail-SD,0,0,5
L03,S048,Tail-SD,1,0,4
L03,S049,Tail-SD,1,0,4
L03,S050,Tail-SD,0,0,4
L03,S051,Tail-SD,1,0,4
L03,S052,Tail-SD,0,0,4
L03,S053,Tail-SD,0,0,4
L03,S054,Tail-SD,1,0,4
L03,S055,Tail-SD,0,1,4
L03,S056,Tail-SD,1,0,4
L03,S057,Tail-SD,1,0,4
L03,S058,Tail-SD,0,1,4
L03,S059,Tail-SD,1,0,4
L03,S060,Tail-SD,1,0,4
L03,S061,Tail-SD,1,0,4
L03,S062,Tail-SD,1,0,4
L03,S063,Tail-SD,1,0,4
L03,S064,Tail-SD,1,0,4
L03,S065,Tail-SD,0,0,4
L03,S066,Tail-SD,1,0,4
L03,S067,Tail-SD,1,0,4
L03,S068,Tail-SD,0,0,4
L03,S069,Tail-SD,1,0,4
L03,S070,Tail-SD,1,0,4
L03,S071,Tail-SD,1,0,4
L03,S072,Tail-SD,0,0,4
L03,S073,Tail-SD,1,0,4
L03,S074,Tail-SD,1,0,4
L03,S075,Tail-SD,1,0,5
L03,S076,Tail-SD,1,0,4
L03,S077,Tail-SD,1,0,4
L03,S078,Tail-SD,0,1,4
L03,S079,Tail-SD,0,0,5
L03,S080,Tail-SD,0,0,4
L03,S081,Tail-SD,0,1,4
L03,S082,Tail-SD,1,0,4
L03,S083,Tail-SD,1,0,4
L03,S084,Tail-SD,0,0,5
L03,S085,Tail-SD,0,0,4
L03,S086,Tail-SD,1,0,4
L03,S087,Tail-SD,1,0,4
L03,S088,Tail-SD,1,0,4
L03,S089,Tail-SD,1,0,4
L03,S090,Tail-SD,0,0,4
L03,S091,Tail-SD,1,0,5
L03,S092,Tail-SD,1,0,4
L03,S093,Tail-SD,1,0,4
L03,S094,Tail-SD,1,0,4
L03,S095,Tail-SD,1,0,5
L03,S096,Tail-SD,0,0,4
L03,S097,Tail-SD,0,1,4
L03,S098,Tail-SD,1,0,4
L03,S099,Tail-SD,1,0,4
L03,S100,Tail-SD,1,0,4
L03,S101,Tail-SD,1,0,4
L03,S102,Tail-SD,1,0,4
L03,S103,Tail-SD,0,0,4
L03,S104,Tail-SD,1,0,4
L03,S105,Tail-SD,0,0,4
L03,S106,Tail-SD,0,0,4
L03,S107,Tail-SD,0,1,4
L03,S108,Tail-SD,1,0,4
L03,S109,Tail-SD,0,0,4
L03,S110,Tail-SD,1,0,4
L03,S111,Tail-SD,1,0,4
L03,S112,Tail-SD,0,0,4
L03,S113,Tail-SD,1,0,4
L03,S114,Tail-SD,1,0,4
L03,S115,Tail-SD,1,0,4
L03,S116,Tail-SD,1,0,4
L03,S117,Tail-SD,1,0,4
L03,S118,Tail-SD,1,0,4
L03,S119,Tail-SD,1,0,4
L03,S120,Tail-SD,1,0,4
L04,S001,Tail-SD,0,1,4
L04,S002,Tail-SD,0,0,4
L04,S003,Tail-SD,1,0,4
L04,S004,Tail-SD,1,0,4
L04,S005,Tail-SD,0,1,4
L04,S006,Tail-SD,1,0,4
L04,S007,Tail-SD,1,0,4
L04,S008,Tail-SD,0,0,4
L04,S009,Tail-SD,1,0,4
L04,S010,Tail-SD,0,0,4
L04,S011,Tail-SD,1,0,4
L04,S012,Tail-SD,1,0,4
L04,S013,Tail-SD,1,0,4
L04,S014,Tail-SD,1,0,4
L04,S015,Tail-SD,1,0,4
L04,S016,Tail-SD,1,0,4
L04,S017,Tail-SD,1,0,4
L04,S018,Tail-SD,1,0,4
L04,S019,Tail-SD,0,0,5
L04,S020,Tail-SD,1,0,4
L04,S021,Tail-SD,1,0,4
L04,S022,Tail-SD,1,0,4
L04,S023,Tail-SD,1,0,4
L04,S024,Tail-SD,1,0,4
L04,S025,Tail-SD,0,1,4
L04,S026,Tail-SD,0,0,4
L04,S027,Tail-SD,0,1,4
L04,S028,Tail-SD,0,1,4
L04,S029,Tail-SD,0,0,4
L04,S030,Tail-SD,0,0,4
L04,S031,Tail-SD,0,1,4
L04,S032,Tail-SD,1,0,4
L04,S033,Tail-SD,1,0,4
L04,S034,Tail-SD,0,0,4
L04,S035,Tail-SD,1,0,4
L04,S036,Tail-SD,0,0,4
L04,S037,Tail-SD,1,0,4
L04,S038,Tail-SD,1,0,4
L04,S039,Tail-SD,0,0,4
L04,S040,Tail-SD,1,0,4
L04,S041,Tail-SD,0,1,5
L04,S042,Tail-SD,0,0,4
L04,S043,Tail-SD,1,0,4
L04,S044,Tail-SD,0,0,4
L04,S045,Tail-SD,1,0,4
L04,S046,Tail-SD,0,0,4
L04,S047,Tail-SD,1,0,4
L04,S048,Tail-SD,0,0,4
L04,S049,Tail-SD,1,0,4
L04,S050,Tail-SD,0,0,4
L04,S051,Tail-SD,1,0,4
L04,S052,Tail-SD,1,0,5
L04,S053,Tail-SD,1,0,4
L04,S054,Tail-SD,1,0,4
L04,S055,Tail-SD,1,0,4
L04,S056,Tail-SD,1,0,4
L04,S057,Tail-SD,0,0,4
L04,S058,Tail-SD,1,0,4
L04,S059,Tail-SD,1,0,4
L04,S060,Tail-SD,1,0,4
L04,S061,Tail-SD,1,0,4
L04,S062,Tail-SD,1,0,4
L04,S063,Tail-SD,1,0,4
L04,S064,Tail-SD,1,0,4
L04,S065,Tail-SD,0,1,4
L04,S066,Tail-SD,1,0,4
L04,S067,Tail-SD,1,0,4
L04,S068,Tail-SD,1,0,4
L04,S069,Tail-SD,0,0,4
L04,S070,Tail-SD,1,0,4
L04,S071,Tail-SD,1,0,4
L04,S072,Tail-SD,1,0,4
L04,S073,Tail-SD,0,0,4
L04,S074,Tail-SD,1,0,4
L04,S075,Tail-SD,1,0,4
L04,S076,Tail-SD,0,0,5
L04,S077,Tail-SD,1,0,4
L04,S078,Tail-SD,0,1,4
L04,S079,Tail-SD,1,0,4
L04,S080,Tail-SD,1,0,4
L04,S081,Tail-SD,0,0,4
L04,S082,Tail-SD,0,1,4
L04,S083,Tail-SD,1,0,4
L04,S084,Tail-SD,1,0,4
L04,S085,Tail-SD,1,0,4
L04,S086,Tail-SD,0,0,4
L04,S087,Tail-SD,1,0,4
L04,S088,Tail-SD,1,0,4
L04,S089,Tail-SD,1,0,4
L04,S090,Tail-SD,1,0,4
L04,S091,Tail-SD,0,0,5
L04,S092,Tail-SD,1,0,4
L04,S093,Tail-SD,1,0,4
L04,S094,Tail-SD,0,0,4
L04,S095,Tail-SD,0,1,4
L04,S096,Tail-SD,1,0,4
L04,S097,Tail-SD,0,0,4
L04,S098,Tail-SD,1,0,4
L04,S099,Tail-SD,1,0,5
L04,S100,Tail-SD,1,0,4
L04,S101,Tail-SD,1,0,4
L04,S102,Tail-SD,1,0,4
L04,S103,Tail-SD,0,0,4
L04,S104,Tail-SD,0,0,4
L04,S105,Tail-SD,1,0,4
L04,S106,Tail-SD,1,0,4
L04,S107,Tail-SD,1,0,4
L04,S108,Tail-SD,1,0,5
L04,S109,Tail-SD,0,1,5
L04,S110,Tail-SD,1,0,4
L04,S111,Tail-SD,1,0,4
L04,S112,Tail-SD,1,0,5
L04,S113,Tail-SD,1,0,4
L04,S114,Tail-SD,1,0,4
L04,S115,Tail-SD,1,0,4
L04,S116,Tail-SD,0,1,4
L04,S117,Tail-SD,1,0,4
L04,S118,Tail-SD,0,0,4
L04,S119,Tail-SD,0,0,4
L04,S120,Tail-SD,0,1,5
L05,S001,Tail-SD,1,0,4
L05,S002,Tail-SD,0,0,4
L05,S003,Tail-SD,0,0,4
L05,S004,Tail-SD,1,0,4
L05,S005,Tail-SD,1,0,4
L05,S006,Tail-SD,1,0,4
L05,S007,Tail-SD,0,0,4
L05,S008,Tail-SD,0,0,4
L05,S009,Tail-SD,1,0,4
L05,S010,Tail-SD,1,0,5
L05,S011,Tail-SD,0,0,4
L05,S012,Tail-SD,1,0,5
L05,S013,Tail-SD,1,0,4
L05,S014,Tail-SD,0,0,4
L05,S015,Tail-SD,0,0,4
L05,S016,Tail-SD,1,0,4
L05,S017,Tail-SD,1,0,4
L05,S018,Tail-SD,1,0,4
L05,S019,Tail-SD,1,0,4
L05,S020,Tail-SD,1,0,5
L05,S021,Tail-SD,0,0,4
L05,S022,Tail-SD,1,0,4
L05,S023,Tail-SD,0,0,4
L05,S024,Tail-SD,1,0,4
L05,S025,Tail-SD,1,0,4
L05,S026,Tail-SD,1,0,4
L05,S027,Tail-SD,1,0,4
L05,S028,Tail-SD,1,0,4
L05,S029,Tail-SD,1,0,4
L05,S030,Tail-SD,1,0,4
L05,S031,Tail-SD,1,0,4
L05,S032,Tail-SD,1,0,4
L05,S033,Tail-SD,1,0,4
L05,S034,Tail-SD,1,0,4
L05,S035,Tail-SD,0,0,4
L05,S036,Tail-SD,1,0,4
L05,S037,Tail-SD,1,0,4
L05,S038,Tail-SD,1,0,5
L05,S039,Tail-SD,1,0,4
L05,S040,Tail-SD,1,0,4
L05,S041,Tail-SD,1,0,4
L05,S042,Tail-SD,1,0,4
L05,S043,Tail-SD,0,0,5
L05,S044,Tail-SD,1,0,4
L05,S045,Tail-SD,1,0,4
L05,S046,Tail-SD,0,1,4
L05,S047,Tail-SD,1,0,4
L05,S048,Tail-SD,1,0,4
L05,S049,Tail-SD,1,0,4
L05,S050,Tail-SD,1,0,5
L05,S051,Tail-SD,0,1,4
L05,S052,Tail-SD,1,0,4
L05,S053,Tail-SD,1,0,4
L05,S054,Tail-SD,0,1,4
L05,S055,Tail-SD,1,0,4
L05,S056,Tail-SD,1,0,4
L05,S057,Tail-SD,0,1,4
L05,S058,Tail-SD,0,0,4
L05,S059,Tail-SD,0,1,4
L05,S060,Tail-SD,0,1,4
L05,S061,Tail-SD,0,0,4
L05,S062,Tail-SD,1,0,4
L05,S063,Tail-SD,1,0,4
L05,S064,Tail-SD,1,0,4
L05,S065,Tail-SD,1,0,4
L05,S066,Tail-SD,0,0,4
L05,S067,Tail-SD,1,0,4
L05,S068,Tail-SD,1,0,4
L05,S069,Tail-SD,1,0,4
L05,S070,Tail-SD,1,0,4
L05,S071,Tail-SD,0,0,4
L05,S072,Tail-SD,0,1,4
L05,S073,Tail-SD,1,0,4
L05,S074,Tail-SD,1,0,4
L05,S075,Tail-SD,1,0,4
L05,S076,Tail-SD,1,0,4
L05,S077,Tail-SD,1,0,4
L05,S078,Tail-SD,1,0,4
L05,S079,Tail-SD,0,1,4
L05,S080,Tail-SD,1,0,5
L05,S081,Tail-SD,1,0,4
L05,S082,Tail-SD,1,0,4
L05,S083,Tail-SD,1,0,4
L05,S084,Tail-SD,0,1,4
L05,S085,Tail-SD,1,0,4
L05,S086,Tail-SD,0,1,4
L05,S087,Tail-SD,0,1,4
L05,S088,Tail-SD,1,0,4
L05,S089,Tail-SD,1,0,4
L05,S090,Tail-SD,1,0,4
L05,S091,Tail-SD,1,0,4
L05,S092,Tail-SD,1,0,4
L05,S093,Tail-SD,0,1,4
L05,S094,Tail-SD,1,0,4
L05,S095,Tail-SD,1,0,4
L05,S096,Tail-SD,1,0,5
L05,S097,Tail-SD,1,0,4
L05,S098,Tail-SD,1,0,4
L05,S099,Tail-SD,1,0,4
L05,S100,Tail-SD,0,0,4
L05,S101,Tail-SD,1,0,4
L05,S102,Tail-SD,0,0,4
L05,S103,Tail-SD,1,0,4
L05,S104,Tail-SD,0,0,4
L05,S105,Tail-SD,1,0,4
L05,S106,Tail-SD,0,0,4
L05,S107,Tail-SD,1,0,4
L05,S108,Tail-SD,0,0,4
L05,S109,Tail-SD,1,0,4
L05,S110,Tail-SD,1,0,4
L05,S111,Tail-SD,1,0,4
L05,S112,Tail-SD,1,0,4
L05,S113,Tail-SD,1,0,4
L05,S114,Tail-SD,0,0,4
L05,S115,Tail-SD,1,0,4
L05,S116,Tail-SD,0,0,4
L05,S117,Tail-SD,1,0,4
L05,S118,Tail-SD,1,0,4
L05,S119,Tail-SD,1,0,4
L05,S120,Tail-SD,1,0,4
L06,S001,Tail-SD,1,0,4
L06,S002,Tail-SD,1,0,4
L06,S003,Tail-SD,1,0,4
L06,S004,Tail-SD,1,0,4
L06,S005,Tail-SD,1,0,4
L06,S006,Tail-SD,1,0,4
L06,S007,Tail-SD,0,0,4
L06,S008,Tail-SD,1,0,4
L06,S009,Tail-SD,1,0,4
L06,S010,Tail-SD,1,0,4
L06,S011,Tail-SD,1,0,4
L06,S012,Tail-SD,1,0,4
L06,S013,Tail-SD,1,0,4
L06,S014,Tail-SD,1,0,4
L06,S015,Tail-SD,1,0,4
L06,S016,Tail-SD,1,0,4
L06,S017,Tail-SD,0,0,4
L06,S018,Tail-SD,0,0,4
L06,S019,Tail-SD,1,0,4
L06,S020,Tail-SD,0,1,4
L06,S021,Tail-SD,0,1,4
L06,S022,Tail-SD,0,0,4
L06,S023,Tail-SD,1,0,4
L06,S024,Tail-SD,0,0,4
L06,S025,Tail-SD,1,0,4
L06,S026,Tail-SD,1,0,4
L06,S027,Tail-SD,1,0,5
L06,S028,Tail-SD,0,0,4
L06,S029,Tail-SD,0,0,4
L06,S030,Tail-SD,1,0,4
L06,S031,Tail-SD,0,0,4
L06,S032,Tail-SD,1,0,4
L06,S033,Tail-SD,1,0,4
L06,S034,Tail-SD,1,0,4
L06,S035,Tail-SD,0,1,4
L06,S036,Tail-SD,1,0,4
L06,S037,Tail-SD,1,0,4
L06,S038,Tail-SD,1,0,4
L06,S039,Tail-SD,0,1,4
L06,S040,Tail-SD,1,0,4
L06,S041,Tail-SD,1,0,4
L06,S042,Tail-SD,0,0,4
L06,S043,Tail-SD,0,0,4
L06,S044,Tail-SD,1,0,4
L06,S045,Tail-SD,0,0,4
L06,S046,Tail-SD,0,0,4
L06,S047,Tail-SD,0,0,5
L06,S048,Tail-SD,1,0,4
L06,S049,Tail-SD,1,0,4
L06,S050,Tail-SD,0,1,5
L06,S051,Tail-SD,1,0,4
L06,S052,Tail-SD,0,1,4
L06,S053,Tail-SD,1,0,4
L06,S054,Tail-SD,1,0,4
L06,S055,Tail-SD,1,0,4
L06,S056,Tail-SD,0,0,4
L06,S057,Tail-SD,0,1,4
L06,S058,Tail-SD,1,0,4
L06,S059,Tail-SD,1,0,4
L06,S060,Tail-SD,1,0,4
L06,S061,Tail-SD,1,0,4
L06,S062,Tail-SD,0,0,4
L06,S063,Tail-SD,1,0,4
L06,S064,Tail-SD,1,0,4
L06,S065,Tail-SD,1,0,4
L06,S066,Tail-SD,0,0,4
L06,S067,Tail-SD,1,0,4
L06,S068,Tail-SD,1,0,4
L06,S069,Tail-SD,1,0,4
L06,S070,Tail-SD,0,0,4
L06,S071,Tail-SD,0,0,4
L06,S072,Tail-SD,1,0,4
L06,S073,Tail-SD,1,0,4
L06,S074,Tail-SD,1,0,4
L06,S075,Tail-SD,0,1,4
L06,S076,Tail-SD,0,0,4
L06,S077,Tail-SD,1,0,4
L06,S078,Tail-SD,1,0,4
L06,S079,Tail-SD,1,0,4
L06,S080,Tail-SD,0,0,4
L06,S081,Tail-SD,0,1,4
L06,S082,Tail-SD,1,0,4
L06,S083,Tail-SD,1,0,4
L06,S084,Tail-SD,1,0,4
L06,S085,Tail-SD,1,0,4
L06,S086,Tail-SD,1,0,5
L06,S087,Tail-SD,0,0,4
L06,S088,Tail-SD,1,0,4
L06,S089,Tail-SD,0,0,4
L06,S090,Tail-SD,1,0,4
L06,S091,Tail-SD,1,0,4
L06,S092,Tail-SD,1,0,5
L06,S093,Tail-SD,1,0,4
L06,S094,Tail-SD,1,0,4
L06,S095,Tail-SD,0,1,4
L06,S096,Tail-SD,1,0,4
L06,S097,Tail-SD,1,0,4
L06,S098,Tail-SD,1,0,4
L06,S099,Tail-SD,0,0,4
L06,S100,Tail-SD,0,1,4
L06,S101,Tail-SD,1,0,4
L06,S102,Tail-SD,0,1,4
L06,S103,Tail-SD,1,0,4
L06,S104,Tail-SD,1,0,4
L06,S105,Tail-SD,0,0,4
L06,S106,Tail-SD,1,0,4
L06,S107,Tail-SD,1,0,4
L06,S108,Tail-SD,1,0,4
L06,S109,Tail-SD,1,0,4
L06,S110,Tail-SD,1,0,4
L06,S111,Tail-SD,1,0,4
L06,S112,Tail-SD,1,0,4
L06,S113,Tail-SD,1,0,5
L06,S114,Tail-SD,1,0,4
L06,S115,Tail-SD,1,0,4
L06,S116,Tail-SD,1,0,4
L06,S117,Tail-SD,0,0,4
L06,S118,Tail-SD,1,0,4
L06,S119,Tail-SD,1,0,4
L06,S120,Tail-SD,0,0,4
L07,S001,Tail-SD,0,1,4
L07,S002,Tail-SD,1,0,4
L07,S003,Tail-SD,1,0,4
L07,S004,Tail-SD,1,0,4
L07,S005,Tail-SD,1,0,4
L07,S006,Tail-SD,0,0,4
L07,S007,Tail-SD,1,0,4
L07,S008,Tail-SD,1,0,4
L07,S009,Tail-SD,1,0,4
L07,S010,Tail-SD,1,0,4
L07,S011,Tail-SD,1,0,4
L07,S012,Tail-SD,0,0,4
L07,S013,Tail-SD,0,1,4
L07,S014,Tail-SD,0,0,4
L07,S015,Tail-SD,1,0,4
L07,S016,Tail-SD,0,1,4
L07,S017,Tail-SD,1,0,4
L07,S018,Tail-SD,0,0,4
L07,S019,Tail-SD,1,0,4
L07,S020,Tail-SD,0,1,4
L07,S021,Tail-SD,0,1,4
L07,S022,Tail-SD,0,0,4
L07,S023,Tail-SD,0,0,4
L07,S024,Tail-SD,1,0,4
L07,S025,Tail-SD,1,0,4
L07,S026,Tail-SD,0,0,4
L07,S027,Tail-SD,1,0,4
L07,S028,Tail-SD,0,0,4
L07,S029,Tail-SD,1,0,4
L07,S030,Tail-SD,0,0,4
L07,S031,Tail-SD,0,0,4
L07,S032,Tail-SD,0,0,4
L07,S033,Tail-SD,1,0,4
L07,S034,Tail-SD,1,0,4
L07,S035,Tail-SD,0,1,4
L07,S036,Tail-SD,1,0,4
L07,S037,Tail-SD,1,0,4
L07,S038,Tail-SD,1,0,4
L07,S039,Tail-SD,0,0,4
L07,S040,Tail-SD,1,0,4
L07,S041,Tail-SD,0,1,4
L07,S042,Tail-SD,1,0,4
L07,S043,Tail-SD,0,0,4
L07,S044,Tail-SD,0,0,4
L07,S045,Tail-SD,1,0,4
L07,S046,Tail-SD,1,0,4
L07,S047,Tail-SD,1,0,4
L07,S048,Tail-SD,1,0,4
L07,S049,Tail-SD,0,0,4
L07,S050,Tail-SD,0,0,4
L07,S051,Tail-SD,1,0,4
L07,S052,Tail-SD,1,0,4
L07,S053,Tail-SD,0,0,4
L07,S054,Tail-SD,0,0,4
L07,S055,Tail-SD,1,0,4
L07,S056,Tail-SD,0,1,4
L07,S057,Tail-SD,1,0,4
L07,S058,Tail-SD,1,0,4
L07,S059,Tail-SD,1,0,4
L07,S060,Tail-SD,1,0,4
L07,S061,Tail-SD,1,0,4
L07,S062,Tail-SD,1,0,4
L07,S063,Tail-SD,1,0,4
L07,S064,Tail-SD,0,0,4
L07,S065,Tail-SD,1,0,4
L07,S066,Tail-SD,1,0,4
L07,S067,Tail-SD,1,0,4
L07,S068,Tail-SD,1,0,4
L07,S069,Tail-SD,1,0,4
L07,S070,Tail-SD,1,0,4
L07,S071,Tail-SD,0,0,4
L07,S072,Tail-SD,1,0,5
L07,S073,Tail-SD,1,0,4
L07,S074,Tail-SD,0,1,5
L07,S075,Tail-SD,1,0,4
L07,S076,Tail-SD,1,0,4
L07,S077,Tail-SD,0,0,4
L07,S078,Tail-SD,0,0,4
L07,S079,Tail-SD,1,0,4
L07,S080,Tail-SD,0,0,4
L07,S081,Tail-SD,1,0,4
L07,S082,Tail-SD,0,0,4
L07,S083,Tail-SD,0,1,4
L07,S084,Tail-SD,1,0,4
L07,S085,Tail-SD,0,1,4
L07,S086,Tail-SD,0,0,4
L07,S087,Tail-SD,1,0,4
L07,S088,Tail-SD,0,0,4
L07,S089,Tail-SD,1,0,4
L07,S090,Tail-SD,1,0,4
L07,S091,Tail-SD,0,0,4
L07,S092,Tail-SD,1,0,4
L07,S093,Tail-SD,1,0,4
L07,S094,Tail-SD,1,0,4
L07,S095,Tail-SD,1,0,4
L07,S096,Tail-SD,1,0,4
L07,S097,Tail-SD,1,0,4
L07,S098,Tail-SD,1,0,4
L07,S099,Tail-SD,0,1,4
L07,S100,Tail-SD,1,0,4
L07,S101,Tail-SD,1,0,4
L07,S102,Tail-SD,1,0,4
L07,S103,Tail-SD,0,1,4
L07,S104,Tail-SD,1,0,4
L07,S105,Tail-SD,1,0,4
L07,S106,Tail-SD,1,0,4
L07,S107,Tail-SD,0,0,4
L07,S108,Tail-SD,1,0,4
L07,S109,Tail-SD,1,0,4
L07,S110,Tail-SD,0,0,4
L07,S111,Tail-SD,1,0,4
L07,S112,Tail-SD,0,1,4
L07,S113,Tail-SD,1,0,4
L07,S114,Tail-SD,1,0,4
L07,S115,Tail-SD,1,0,4
L07,S116,Tail-SD,1,0,4
L07,S117,Tail-SD,1,0,4
L07,S118,Tail-SD,1,0,4
L07,S119,Tail-SD,0,1,4
L07,S120,Tail-SD,1,0,4
L08,S001,Tail-SD,1,0,4
L08,S002,Tail-SD,1,0,4
L08,S003,Tail-SD,1,0,4
L08,S004,Tail-SD,1,0,4
L08,S005,Tail-SD,1,0,4
L08,S006,Tail-SD,1,0,4
L08,S007,Tail-SD,0,0,4
L08,S008,Tail-SD,1,0,4
L08,S009,Tail-SD,1,0,4
L08,S010,Tail-SD,1,0,4
L08,S011,Tail-SD,1,0,4
L08,S012,Tail-SD,1,0,4
L08,S013,Tail-SD,0,0,5
L08,S014,Tail-SD,1,0,4
L08,S015,Tail-SD,1,0,4
L08,S016,Tail-SD,1,0,4
L08,S017,Tail-SD,0,0,4
L08,S018,Tail-SD,1,0,4
L08,S019,Tail-SD,0,0,4
L08,S020,Tail-SD,1,0,4
L08,S021,Tail-SD,0,0,4
L08,S022,Tail-SD,1,0,4
L08,S023,Tail-SD,1,0,4
L08,S024,Tail-SD,1,0,4
L08,S025,Tail-SD,1,0,4
L08,S026,Tail-SD,1,0,4
L08,S027,Tail-SD,0,1,4
L08,S028,Tail-SD,0,0,4
L08,S029,Tail-SD,0,0,4
L08,S030,Tail-SD,0,0,4
L08,S031,Tail-SD,0,0,4
L08,S032,Tail-SD,0,1,4
L08,S033,Tail-SD,1,0,4
L08,S034,Tail-SD,1,0,4
L08,S035,Tail-SD,1,0,4
L08,S036,Tail-SD,1,0,4
L08,S037,Tail-SD,1,0,4
L08,S038,Tail-SD,0,0,4
L08,S039,Tail-SD,0,0,5
L08,S040,Tail-SD,1,0,5
L08,S041,Tail-SD,1,0,4
L08,S042,Tail-SD,1,0,5
L08,S043,Tail-SD,1,0,4
L08,S044,Tail-SD,1,0,4
L08,S045,Tail-SD,0,0,4
L08,S046,Tail-SD,0,0,4
L08,S047,Tail-SD,1,0,4
L08,S048,Tail-SD,1,0,4
L08,S049,Tail-SD,1,0,4
L08,S050,Tail-SD,1,0,4
L08,S051,Tail-SD,1,0,4
L08,S052,Tail-SD,1,0,4
L08,S053,Tail-SD,1,0,4
L08,S054,Tail-SD,1,0,4
L08,S055,Tail-SD,1,0,4
L08,S056,Tail-SD,1,0,4
L08,S057,Tail-SD,0,1,4
L08,S058,Tail-SD,1,0,5
L08,S059,Tail-SD,0,0,4
L08,S060,Tail-SD,1,0,4
L08,S061,Tail-SD,1,0,4
L08,S062,Tail-SD,1,0,5
L08,S063,Tail-SD,0,0,4
L08,S064,Tail-SD,0,0,4
L08,S065,Tail-SD,1,0,4
L08,S066,Tail-SD,1,0,4
L08,S067,Tail-SD,1,0,4
L08,S068,Tail-SD,1,0,4
L08,S069,Tail-SD,1,0,4
L08,S070,Tail-SD,1,0,4
L08,S071,Tail-SD,0,0,4
L08,S072,Tail-SD,1,0,4
L08,S073,Tail-SD,1,0,4
L08,S074,Tail-SD,1,0,4
L08,S075,Tail-SD,0,1,5
L08,S076,Tail-SD,1,0,4
L08,S077,Tail-SD,1,0,4
L08,S078,Tail-SD,1,0,4
L08,S079,Tail-SD,1,0,4
L08,S080,Tail-SD,1,0,4
L08,S081,Tail-SD,1,0,4
L08,S082,Tail-SD,1,0,4
L08,S083,Tail-SD,1,0,4
L08,S084,Tail-SD,1,0,4
L08,S085,Tail-SD,1,0,4
L08,S086,Tail-SD,1,0,4
L08,S087,Tail-SD,1,0,4
L08,S088,Tail-SD,0,1,4
L08,S089,Tail-SD,1,0,4
L08,S090,Tail-SD,1,0,4
L08,S091,Tail-SD,1,0,4
L08,S092,Tail-SD,0,1,4
L08,S093,Tail-SD,1,0,4
L08,S094,Tail-SD,1,0,4
L08,S095,Tail-SD,1,0,4
L08,S096,Tail-SD,1,0,4
L08,S097,Tail-SD,1,0,4
L08,S098,Tail-SD,1,0,4
L08,S099,Tail-SD,1,0,4
L08,S100,Tail-SD,1,0,4
L08,S101,Tail-SD,1,0,4
L08,S102,Tail-SD,1,0,4
L08,S103,Tail-SD,0,0,4
L08,S104,Tail-SD,0,0,4
L08,S105,Tail-SD,0,0,5
L08,S106,Tail-SD,1,0,4
L08,S107,Tail-SD,0,0,4
L08,S108,Tail-SD,1,0,4
L08,S109,Tail-SD,0,0,4
L08,S110,Tail-SD,0,1,4
L08,S111,Tail-SD,1,0,4
L08,S112,Tail-SD,1,0,4
L08,S113,Tail-SD,1,0,4
L08,S114,Tail-SD,0,0,4
L08,S115,Tail-SD,1,0,4
L08,S116,Tail-SD,1,0,4
L08,S117,Tail-SD,1,0,4
L08,S118,Tail-SD,1,0,4
L08,S119,Tail-SD,0,0,4
L08,S120,Tail-SD,1,0,5
L09,S001,Tail-SD,1,0,5
L09,S002,Tail-SD,1,0,4
L09,S003,Tail-SD,1,0,4
L09,S004,Tail-SD,1,0,4
L09,S005,Tail-SD,0,0,4
L09,S006,Tail-SD,1,0,4
L09,S007,Tail-SD,0,0,4
L09,S008,Tail-SD,1,0,4
L09,S009,Tail-SD,1,0,4
L09,S010,Tail-SD,1,0,4
L09,S011,Tail-SD,1,0,4
L09,S012,Tail-SD,1,0,4
L09,S013,Tail-SD,1,0,4
L09,S014,Tail-SD,0,1,4
L09,S015,Tail-SD,1,0,4
L09,S016,Tail-SD,1,0,4
L09,S017,Tail-SD,1,0,4
L09,S018,Tail-SD,1,0,4
L09,S019,Tail-SD,0,0,4
L09,S020,Tail-SD,0,1,4
L09,S021,Tail-SD,0,0,4
L09,S022,Tail-SD,1,0,4
L09,S023,Tail-SD,1,0,4
L09,S024,Tail-SD,1,0,4
L09,S025,Tail-SD,1,0,4
L09,S026,Tail-SD,1,0,4
L09,S027,Tail-SD,1,0,4
L09,S028,Tail-SD,1,0,4
L09,S029,Tail-SD,1,0,4
L09,S030,Tail-SD,1,0,4
L09,S031,Tail-SD,1,0,4
L09,S032,Tail-SD,0,0,4
L09,S033,Tail-SD,1,0,4
L09,S034,Tail-SD,1,0,4
L09,S035,Tail-SD,1,0,4
L09,S036,Tail-SD,0,0,4
L09,S037,Tail-SD,1,0,4
L09,S038,Tail-SD,1,0,4
L09,S039,Tail-SD,1,0,4
L09,S040,Tail-SD,0,0,4
L09,S041,Tail-SD,0,0,4
L09,S042,Tail-SD,1,0,4
L09,S043,Tail-SD,0,0,4
L09,S044,Tail-SD,1,0,4
L09,S045,Tail-SD,1,0,4
L09,S046,Tail-SD,0,0,4
L09,S047,Tail-SD,1,0,4
L09,S048,Tail-SD,1,0,4
L09,S049,Tail-SD,1,0,4
L09,S050,Tail-SD,1,0,4
L09,S051,Tail-SD,1,0,4
L09,S052,Tail-SD,1,0,4
L09,S053,Tail-SD,1,0,4
L09,S054,Tail-SD,1,0,4
L09,S055,Tail-SD,0,0,4
L09,S056,Tail-SD,1,0,4
L09,S057,Tail-SD,0,0,5
L09,S058,Tail-SD,1,0,4
L09,S059,Tail-SD,0,1,4
L09,S060,Tail-SD,1,0,4
L09,S061,Tail-SD,0,0,4
L09,S062,Tail-SD,1,0,4
L09,S063,Tail-SD,1,0,4
L09,S064,Tail-SD,1,0,4
L09,S065,Tail-SD,0,0,4
L09,S066,Tail-SD,1,0,4
L09,S067,Tail-SD,1,0,4
L09,S068,Tail-SD,1,0,4
L09,S069,Tail-SD,1,0,4
L09,S070,Tail-SD,1,0,4
L09,S071,Tail-SD,1,0,4
L09,S072,Tail-SD,1,0,4
L09,S073,Tail-SD,1,0,4
L09,S074,Tail-SD,1,0,4
L09,S075,Tail-SD,1,0,4
L09,S076,Tail-SD,1,0,4
L09,S077,Tail-SD,1,0,5
L09,S078,Tail-SD,1,0,4
L09,S079,Tail-SD,1,0,4
L09,S080,Tail-SD,0,1,4
L09,S081,Tail-SD,1,0,4
L09,S082,Tail-SD,1,0,4
L09,S083,Tail-SD,1,0,4
L09,S084,Tail-SD,1,0,4
L09,S085,Tail-SD,0,1,4
L09,S086,Tail-SD,1,0,4
L09,S087,Tail-SD,0,1,4
L09,S088,Tail-SD,1,0,5
L09,S089,Tail-SD,1,0,4
L09,S090,Tail-SD,1,0,5
L09,S091,Tail-SD,1,0,4
L09,S092,Tail-SD,1,0,4
L09,S093,Tail-SD,1,0,4
L09,S094,Tail-SD,1,0,5
L09,S095,Tail-SD,1,0,4
L09,S096,Tail-SD,0,0,4
L09,S097,Tail-SD,1,0,4
L09,S098,Tail-SD,1,0,4
L09,S099,Tail-SD,0,0,4
L09,S100,Tail-SD,1,0,4
L09,S101,Tail-SD,0,1,4
L09,S102,Tail-SD,1,0,4
L09,S103,Tail-SD,1,0,4
L09,S104,Tail-SD,1,0,4
L09,S105,Tail-SD,0,0,4
L09,S106,Tail-SD,1,0,4
L09,S107,Tail-SD,0,0,4
L09,S108,Tail-SD,1,0,4
L09,S109,Tail-SD,0,0,4
L09,S110,Tail-SD,1,0,4
L09,S111,Tail-SD,1,0,4
L09,S112,Tail-SD,1,0,4
L09,S113,Tail-SD,1,0,4
L09,S114,Tail-SD,0,0,4
L09,S115,Tail-SD,1,0,4
L09,S116,Tail-SD,1,0,4
L09,S117,Tail-SD,1,0,4
L09,S118,Tail-SD,0,1,4
L09,S119,Tail-SD,1,0,4
L09,S120,Tail-SD,0,0,4
L10,S001,Tail-SD,1,0,4
L10,S002,Tail-SD,1,0,4
L10,S003,Tail-SD,1,0,4
L10,S004,Tail-SD,1,0,4
L10,S005,Tail-SD,1,0,4
L10,S006,Tail-SD,1,0,4
L10,S007,Tail-SD,1,0,4
L10,S008,Tail-SD,1,0,4
L10,S009,Tail-SD,1,0,4
L10,S010,Tail-SD,1,0,4
L10,S011,Tail-SD,1,0,4
L10,S012,Tail-SD,1,0,4
L10,S013,Tail-SD,1,0,4
L10,S014,Tail-SD,1,0,4
L10,S015,Tail-SD,0,1,4
L10,S016,Tail-SD,1,0,4
L10,S017,Tail-SD,0,1,4
L10,S018,Tail-SD,0,0,4
L10,S019,Tail-SD,0,0,4
L10,S020,Tail-SD,1,0,4
L10,S021,Tail-SD,0,0,4
L10,S022,Tail-SD,1,0,4
L10,S023,Tail-SD,1,0,5
L10,S024,Tail-SD,0,1,4
L10,S025,Tail-SD,0,0,4
L10,S026,Tail-SD,1,0,4
L10,S027,Tail-SD,1,0,4
L10,S028,Tail-SD,0,1,4
L10,S029,Tail-SD,1,0,4
L10,S030,Tail-SD,1,0,4
L10,S031,Tail-SD,0,0,4
L10,S032,Tail-SD,0,0,5
L10,S033,Tail-SD,0,1,4
L10,S034,Tail-SD,1,0,4
L10,S035,Tail-SD,0,0,5
L10,S036,Tail-SD,0,0,5
L10,S037,Tail-SD,0,0,4
L10,S038,Tail-SD,1,0,4
L10,S039,Tail-SD,1,0,4
L10,S040,Tail-SD,1,0,5
L10,S041,Tail-SD,1,0,4
L10,S042,Tail-SD,1,0,4
L10,S043,Tail-SD,1,0,4
L10,S044,Tail-SD,1,0,4
L10,S045,Tail-SD,0,1,4
L10,S046,Tail-SD,0,0,4
L10,S047,Tail-SD,1,0,4
L10,S048,Tail-SD,0,0,4
L10,S049,Tail-SD,1,0,4
L10,S050,Tail-SD,0,0,4
L10,S051,Tail-SD,1,0,4
L10,S052,Tail-SD,1,0,4
L10,S053,Tail-SD,1,0,4
L10,S054,Tail-SD,1,0,4
L10,S055,Tail-SD,1,0,4
L10,S056,Tail-SD,1,0,4
L10,S057,Tail-SD,0,1,4
L10,S058,Tail-SD,1,0,4
L10,S059,Tail-SD,1,0,4
L10,S060,Tail-SD,1,0,4
L10,S061,Tail-SD,1,0,4
L10,S062,Tail-SD,1,0,4
L10,S063,Tail-SD,1,0,4
L10,S064,Tail-SD,0,1,4
L10,S065,Tail-SD,0,0,4
L10,S066,Tail-SD,1,0,4
L10,S067,Tail-SD,1,0,4
L10,S068,Tail-SD,1,0,4
L10,S069,Tail-SD,0,0,4
L10,S070,Tail-SD,1,0,4
L10,S071,Tail-SD,0,0,4
L10,S072,Tail-SD,0,0,4
L10,S073,Tail-SD,0,1,4
L10,S074,Tail-SD,1,0,4
L10,S075,Tail-SD,1,0,4
L10,S076,Tail-SD,1,0,4
L10,S077,Tail-SD,0,0,4
L10,S078,Tail-SD,1,0,4
L10,S079,Tail-SD,0,0,4
L10,S080,Tail-SD,1,0,4
L10,S081,Tail-SD,0,0,4
L10,S082,Tail-SD,0,0,4
L10,S083,Tail-SD,1,0,4
L10,S084,Tail-SD,1,0,4
L10,S085,Tail-SD,1,0,4
L10,S086,Tail-SD,1,0,4
L10,S087,Tail-SD,1,0,4
L10,S088,Tail-SD,1,0,5
L10,S089,Tail-SD,1,0,4
L10,S090,Tail-SD,1,0,4
L10,S091,Tail-SD,1,0,4
L10,S092,Tail-SD,1,0,5
L10,S093,Tail-SD,1,0,4
L10,S094,Tail-SD,1,0,4
L10,S095,Tail-SD,1,0,4
L10,S096,Tail-SD,0,0,4
L10,S097,Tail-SD,1,0,4
L10,S098,Tail-SD,1,0,4
L10,S099,Tail-SD,0,1,5
L10,S100,Tail-SD,1,0,4
L10,S101,Tail-SD,0,0,4
L10,S102,Tail-SD,1,0,4
L10,S103,Tail-SD,1,0,4
L10,S104,Tail-SD,1,0,4
L10,S105,Tail-SD,1,0,4
L10,S106,Tail-SD,0,1,4
L10,S107,Tail-SD,0,1,4
L10,S108,Tail-SD,0,1,4
L10,S109,Tail-SD,0,1,4
L10,S110,Tail-SD,0,0,4
L10,S111,Tail-SD,1,0,4
L10,S112,Tail-SD,0,0,5
L10,S113,Tail-SD,0,1,5
L10,S114,Tail-SD,1,0,4
L10,S115,Tail-SD,1,0,4
L10,S116,Tail-SD,1,0,4
L10,S117,Tail-SD,1,0,4
L10,S118,Tail-SD,0,1,4
L10,S119,Tail-SD,1,0,4
L10,S120,Tail-SD,0,0,4
