source_id,system,audio_path,inference_seed,prompt_id,prompt_duration_sec,reference_text_id,cap_tokens,top_k,top_p,min_speech_text_ratio,checkpoint,lora_adapter,run_id,audio_sha256
S001,Base,human_eval/audio/S001/Base/seed0.wav,0,P01,9.05,T001,3705,25,0.8,2,checkpoints/cv3/Base/final.pt,checkpoints/cv3/Base/lora_final,cv3_Base_seed0_S001,bb02eea428b58b333a24fdae0209a99a03849359606f0ff2a1f426c02b6a2a0d
S001,Full-SD,human_eval/audio/S001/Full-SD/seed0.wav,0,P01,9.05,T001,3705,25,0.8,2,checkpoints/cv3/Full-SD/final.pt,checkpoints/cv3/Full-SD/lora_final,cv3_Full-SD_seed0_S001,c0b58552f41235c45a9f8a6046c759ffdf4dc8b2de28f6c15367e4a34d2d14b0
S001,Random-Local,human_eval/audio/S001/Random-Local/seed0.wav,0,P01,9.05,T001,3705,25,0.8,2,checkpoints/cv3/Random-Local/final.pt,checkpoints/cv3/Random-Local/lora_final,cv3_Random-Local_seed0_S001,b094988d722d536017661b77a1ea93f49232215e69b0c8115d74bffdb61cfa38
S001,Tail-30,human_eval/audio/S001/Tail-30/seed0.wav,0,P01,9.05,T001,3705,25,0.8,2,checkpoints/cv3/Tail-30/final.pt,checkpoints/cv3/Tail-30/lora_final,cv3_Tail-30_seed0_S001,ddac4984501851da5e4d7f1b996228e4eca02e8487cae93385cd1028314412d6
S001,Tail-SD,human_eval/audio/S001/Tail-SD/seed0.wav,0,P01,9.05,T001,3705,25,0.8,2,checkpoints/cv3/Tail-SD/final.pt,checkpoints/cv3/Tail-SD/lora_final,cv3_Tail-SD_seed0_S001,d20017519a03e532d037fbc4a5335d04c536593b9467b96418e2d385ad9036cc
S002,Base,human_eval/audio/S002/Base/seed0.wav,0,P02,4.02,T002,3710,25,0.8,2,checkpoints/cv3/Base/final.pt,checkpoints/cv3/Base/lora_final,cv3_Base_seed0_S002,05e6bf593249008ba960690c88839b8e58a137f44ece0500c5ccbeff9ff0ead6
S002,Full-SD,human_eval/audio/S002/Full-SD/seed0.wav,0,P02,4.02,T002,3710,25,0.8,2,checkpoints/cv3/Full-SD/final.pt,checkpoints/cv3/Full-SD/lora_final,cv3_Full-SD_seed0_S002,28112a1d2668521a7f3747c6740fe28083acce93560002f51d55d0c1d32b54b0
S002,Random-Local,human_eval/audio/S002/Random-Local/seed0.wav,0,P02,4.02,T002,3710,25,0.8,2,checkpoints/cv3/Random-Local/final.pt,checkpoints/cv3/Random-Local/lora_final,cv3_Random-Local_seed0_S002,ad0256316f35ad89ec6b0a8478f16f760f7887c196cb666fca0fc3643500be69
S002,Tail-30,human_eval/audio/S002/Tail-30/seed0.wav,0,P02,4.02,T002,3710,25,0.8,2,checkpoints/cv3/Tail-30/final.pt,checkpoints/cv3/Tail-30/lora_final,cv3_Tail-30_seed0_S002,4e978654bb09d3e634c89246e394763c66bab054db72cb304c702288d1b2303c
S002,Tail-SD,human_eval/audio/S002/Tail-SD/seed0.wav,0,P02,4.02,T002,3710,25,0.8,2,checkpoints/cv3/Tail-SD/final.pt,checkpoints/cv3/Tail-SD/lora_final,cv3_Tail-SD_seed0_S002,3f55afbf5853ba6df6558660db101c51c6c91ee28960e31525eaee6335b6a7c8
S003,Base,human_eval/audio/S003/Base/seed0.wav,0,P03,9.2,T003,3685,25,0.8,2,checkpoints/cv3/Base/final.pt,checkpoints/cv3/Base/lora_final,cv3_Base_seed0_S003,fcf3938ecea3b0a2aaf7491332993b0fdc0cd6e84c9fead8980d05ed8c3d5e71
S003,Full-SD,human_eval/audio/S003/Full-SD/seed0.wav,0,P03,9.2,T003,3685,25,0.8,2,checkpoints/cv3/Full-SD/final.pt,checkpoints/cv3/Full-SD/lora_final,cv3_Full-SD_seed0_S003,b190ec278c03b6c75b88903905f261cdb68294ac8a3fb145090a1ec7d047138d
S003,Random-Local,human_eval/audio/S003/Random-Local/seed0.wav,0,P03,9.2,T003,3685,25,0.8,2,checkpoints/cv3/Random-Local/final.pt,checkpoints/cv3/Random-Local/lora_final,cv3_Random-Local_seed0_S003,68ae9c177ff489e54b06fa5384e489217cc8eb28e8923362cd6bd3b8a26628dd
S003,Tail-30,human_eval/audio/S003/Tail-30/seed0.wav,0,P03,9.2,T003,3685,25,0.8,2,checkpoints/cv3/Tail-30/final.pt,checkpoints/cv3/Tail-30/lora_final,cv3_Tail-30_seed0_S003,202b81381d3289f9dba3d8de2857d444b7045496ca6f1a7e290237013a326d0a
S003,Tail-SD,human_eval/audio/S003/Tail-SD/seed0.wav,0,P03,9.2,T003,3685,25,0.8,2,checkpoints/cv3/Tail-SD/final.pt,checkpoints/cv3/Tail-SD/lora_final,cv3_Tail-SD_seed0_S003,f5f8a183781a974d1a8bca2587578d0cf2dd19d00d8bf45604e1914cd6b377c6
S004,Base,human_eval/audio/S004/Base/seed0.wav,0,P04,9.68,T004,3696,25,0.8,2,checkpoints/cv3/Base/final.pt,checkpoints/cv3/Base/lora_final,cv3_Base_seed0_S004,199628f1ad352092c766c67273b73837b136fdc10771494b71ed6b3008a4ed24
S004,Full-SD,human_eval/audio/S004/Full-SD/seed0.wav,0,P04,9.68,T004,3696,25,0.8,2,checkpoints/cv3/Full-SD/final.pt,checkpoints/cv3/Full-SD/lora_final,cv3_Full-SD_seed0_S004,cf313bb965351e2683761c2b7e8585cfb1f503d0e1df4ed0f47e482cdbc58d27
S004,Random-Local,human_eval/audio/S004/Random-Local/seed0.wav,0,P04,9.68,T004,3696,25,0.8,2,checkpoints/cv3/Random-Local/final.pt,checkpoints/cv3/Random-Local/lora_final,cv3_Random-Local_seed0_S004,d8ba9f34035caa55858bb0135421d727e0f3f950dbed70b4a0a4f94a245440d7
S004,Tail-30,human_eval/audio/S004/Tail-30/seed0.wav,0,P04,9.68,T004,3696,25,0.8,2,checkpoints/cv3/Tail-30/final.pt,checkpoints/cv3/Tail-30/lora_final,cv3_Tail-30_seed0_S004,b6d1c0b857bd6379c5342ada3afe3f7977a1694d9d25f8454d17781bb3f3b0cf
S004,Tail-SD,human_eval/audio/S004/Tail-SD/seed0.wav,0,P04,9.68,T004,3696,25,0.8,2,checkpoints/cv3/Tail-SD/final.pt,checkpoints/cv3/Tail-SD/lora_final,cv3_Tail-SD_seed0_S004,d4634c1ba8f658a9b88ee9b02896eb0a9a1badb15ce009a3829a9ce54be29fcf
S005,Base,human_eval/audio/S005/Base/seed0.wav,0,P05,7.86,T005,3710,25,0.8,2,checkpoints/cv3/Base/final.pt,checkpoints/cv3/Base/lora_final,cv3_Base_seed0_S005,e56d27e6fba7dba64d979ccdb33a159bd2d3a0e23b1379cdfded58894924b439
S005,Full-SD,human_eval/audio/S005/Full-SD/seed0.wav,0,P05,7.86,T005,3710,25,0.8,2,checkpoints/cv3/Full-SD/final.pt,checkpoints/cv3/Full-SD/lora_final,cv3_Full-SD_seed0_S005,6997e2daf89a46e213da3c031938e7319ad1ecb18b6576dd6e95dfd6cb393e4c
S005,Random-Local,human_eval/audio/S005/Random-Local/seed0.wav,0,P05,7.86,T005,3710,25,0.8,2,checkpoints/cv3/Random-Local/final.pt,checkpoints/cv3/Random-Local/lora_final,cv3_Random-Local_seed0_S005,852020b22f7c0c32ebd7aea4404c3b936ba15532953f305c584c09ced99cc0a7
S005,Tail-30,human_eval/audio/S005/Tail-30/seed0.wav,0,P05,7.86,T005,3710,25,0.8,2,checkpoints/cv3/Tail-30/final.pt,checkpoints/cv3/Tail-30/lora_final,cv3_Tail-30_seed0_S005,e4ad318ca0ebd448ddc96c58fb4d33b53e9775ea113cfca7be39ddfafdb82f4c
S005,Tail-SD,human_eval/audio/S005/Tail-SD/seed0.wav,0,P05,7.86,T005,3710,25,0.8,2,checkpoints/cv3/Tail-SD/final.pt,checkpoints/cv3/Tail-SD/lora_final,cv3_Tail-SD_seed0_S005,fcb34300f66b8757ff4ed796cac9df5a4c03d362ee5c7f3e7c414c951cf795d9
S006,Base,human_eval/audio/S006/Base/seed0.wav,0,P06,3.5,T006,3710,25,0.8,2,checkpoints/cv3/Base/final.pt,checkpoints/cv3/Base/lora_final,cv3_Base_seed0_S006,b76b1d41180c1a8cb15ac94e36a60abd5c10123ab1298a4f00499530c8d95c2f
S006,Full-SD,human_eval/audio/S006/Full-SD/seed0.wav,0,P06,3.5,T006,3710,25,0.8,2,checkpoints/cv3/Full-SD/final.pt,checkpoints/cv3/Full-SD/lora_final,cv3_Full-SD_seed0_S006,364968ca5c944a7373fe93ee55aae6f2e1e737add04f4ca1e747f7e1e59b68e6
S006,Random-Local,human_eval/audio/S006/Random-Local/seed0.wav,0,P06,3.5,T006,3710,25,0.8,2,checkpoints/cv3/Random-Local/final.pt,checkpoints/cv3/Random-Local/lora_final,cv3_Random-Local_seed0_S006,d2fcfcd363283d55b8394d8893d0e79666dc682621a1049b4d43be4ddfad42c1
S006,Tail-30,human_eval/audio/S006/Tail-30/seed0.wav,0,P06,3.5,T006,3710,25,0.8,2,checkpoints/cv3/Tail-30/final.pt,checkpoints/cv3/Tail-30/lora_final,cv3_Tail-30_seed0_S006,84d8ccac7b7ae40082ca5bd78001b51b8109f1826e2a50b3650bdb7f6f672aa7
S006,Tail-SD,human_eval/audio/S006/Tail-SD/seed0.wav,0,P06,3.5,T006,3710,25,0.8,2,checkpoints/cv3/Tail-SD/final.pt,checkpoints/cv3/Tail-SD/lora_final,cv3_Tail-SD_seed0_S006,9957d8729e02ab8d98c6a9a79b3b97733f456c65bb51c0db1e2ad15fd626ea1b
S007,Base,human_eval/audio/S007/Base/seed0.wav,0,P07,4.45,T007,3692,25,0.8,2,checkpoints/cv3/Base/final.pt,checkpoints/cv3/Base/lora_final,cv3_Base_seed0_S007,fcb8f891b2bed61db35b3ab78c25faf622f58f0e3a9af614c166e06d2a941709
S007,Full-SD,human_eval/audio/S007/Full-SD/seed0.wav,0,P07,4.45,T007,3692,25,0.8,2,checkpoints/cv3/Full-SD/final.pt,checkpoints/cv3/Full-SD/lora_final,cv3_Full-SD_seed0_S007,6d64f60a374e8fa257d0071e37814a1e8209813770f73f318bcd95abe042bc63
S007,Random-Local,human_eval/audio/S007/Random-Local/seed0.wav,0,P07,4.45,T007,3692,25,0.8,2,checkpoints/cv3/Random-Local/final.pt,checkpoints/cv3/Random-Local/lora_final,cv3_Random-Local_seed0_S007,a95af9df4052f4e481c6d200b08ca466c32ad17f0a24facd72eb8958cb94c960
S007,Tail-30,human_eval/audio/S007/Tail-30/seed0.wav,0,P07,4.45,T007,3692,25,0.8,2,checkpoints/cv3/Tail-30/final.pt,checkpoints/cv3/Tail-30/lora_final,cv3_Tail-30_seed0_S007,f50fda5320f5ba5083cd4ff595b16f4aa4ebdd3855a3e3e200fe97194ef03a9b
S007,Tail-SD,human_eval/audio/S007/Tail-SD/seed0.wav,0,P07,4.45,T007,3692,25,0.8,2,checkpoints/cv3/Tail-SD/final.pt,checkpoints/cv3/Tail-SD/lora_final,cv3_Tail-SD_seed0_S007,817948a61cf036a2a2a6d5053a764aaf277497662503d827b185d154100a3a53
S008,Base,human_eval/audio/S008/Base/seed0.wav,0,P08,8.61,T008,3685,25,0.8,2,checkpoints/cv3/Base/final.pt,checkpoints/cv3/Base/lora_final,cv3_Base_seed0_S008,f4a2809e9cbe1dafa0452efc0f80f4725f9d7660d643763c4987f111edc421ed
S008,Full-SD,human_eval/audio/S008/Full-SD/seed0.wav,0,P08,8.61,T008,3685,25,0.8,2,checkpoints/cv3/Full-SD/final.pt,checkpoints/cv3/Full-SD/lora_final,cv3_Full-SD_seed0_S008,3dde6130a40ec2a42a846530c12fb0cc01e30b2ef4ee10a70adec5ee306dbd00
S008,Random-Local,human_eval/audio/S008/Random-Local/seed0.wav,0,P08,8.61,T008,3685,25,0.8,2,checkpoints/cv3/Random-Local/final.pt,checkpoints/cv3/Random-Local/lora_final,cv3_Random-Local_seed0_S008,07adccfd17e40e6d67bb25a8b9fbbafb315cb24129079894eafab4beaa2a9f72
S008,Tail-30,human_eval/audio/S008/Tail-30/seed0.wav,0,P08,8.61,T008,3685,25,0.8,2,checkpoints/cv3/Tail-30/final.pt,checkpoints/cv3/Tail-30/lora_final,cv3_Tail-30_seed0_S008,d818971a28e273489f83f5e8641b236f78f311392d18eafb8734011144baf3f2
S008,Tail-SD,human_eval/audio/S008/Tail-SD/seed0.wav,0,P08,8.61,T008,3685,25,0.8,2,checkpoints/cv3/Tail-SD/final.pt,checkpoints/cv3/Tail-SD/lora_final,cv3_Tail-SD_seed0_S008,d466700da9eec046548af3cc6b3189e05db2fb0e86d92bb0c604eb2d04616c4c
S009,Base,human_eval/audio/S009/Base/seed0.wav,0,P09,9.3,T009,3685,25,0.8,2,checkpoints/cv3/Base/final.pt,checkpoints/cv3/Base/lora_final,cv3_Base_seed0_S009,495a21173955bae8de643aa0833735a928e86341a7af9ce03feeab6002858615
S009,Full-SD,human_eval/audio/S009/Full-SD/seed0.wav,0,P09,9.3,T009,3685,25,0.8,2,checkpoints/cv3/Full-SD/final.pt,checkpoints/cv3/Full-SD/lora_final,cv3_Full-SD_seed0_S009,4b11f950927e1a05910b0fc658dcace24af14c31c3848461b909ce2d57aa3fc5
S009,Random-Local,human_eval/audio/S009/Random-Local/seed0.wav,0,P09,9.3,T009,3685,25,0.8,2,checkpoints/cv3/Random-Local/final.pt,checkpoints/cv3/Random-Local/lora_final,cv3_Random-Local_seed0_S009,0aca8e6012f2f23b9bf95a97af8a00fe18df0f8406adf6a433f4b12df0bfb546
S009,Tail-30,human_eval/audio/S009/Tail-30/seed0.wav,0,P09,9.3,T009,3685,25,0.8,2,checkpoints/cv3/Tail-30/final.pt,checkpoints/cv3/Tail-30/lora_final,cv3_Tail-30_seed0_S009,9b556143d049cc5246dc6469219f97e9c54119a0f584bc19fc516537acb85519
S009,Tail-SD,human_eval/audio/S009/Tail-SD/seed0.wav,0,P09,9.3,T009,3685,25,0.8,2,checkpoints/cv3/Tail-SD/final.pt,checkpoints/cv3/Tail-SD/lora_final,cv3_Tail-SD_seed0_S009,36abb7cf4e0e9ece8737861220b72d16f49f6c8ffda1eccc13d94f3632f9b7dd
S010,Base,human_eval/audio/S010/Base/seed0.wav,0,P10,8.64,T010,3696,25,0.8,2,checkpoints/cv3/Base/final.pt,checkpoints/cv3/Base/lora_final,cv3_Base_seed0_S010,e72b47e7484914cf45cc49ffcfb665dbc722d57421aeb074ea230810eed8b1dd
S010,Full-SD,human_eval/audio/S010/Full-SD/seed0.wav,0,P10,8.64,T010,3696,25,0.8,2,checkpoints/cv3/Full-SD/final.pt,checkpoints/cv3/Full-SD/lora_final,cv3_Full-SD_seed0_S010,27e139e9502884e8fbf27175b4e8c107f21872323957b7456cc5da249b0f7c8b
S010,Random-Local,human_eval/audio/S010/Random-Local/seed0.wav,0,P10,8.64,T010,3696,25,0.8,2,checkpoints/cv3/Random-Local/final.pt,checkpoints/cv3/Random-Local/lora_final,cv3_Random-Local_seed0_S010,f8757f2fdf681fc0e82da1d3924e3f2f0f10f9c7cd50ae1c1c6b245591d0c751
S010,Tail-30,human_eval/audio/S010/Tail-30/seed0.wav,0,P10,8.64,T010,3696,25,0.8,2,checkpoints/cv3/Tail-30/final.pt,checkpoints/cv3/Tail-30/lora_final,cv3_Tail-30_seed0_S010,dd651eb867e977e7ac0d61218b9503eaa954c7d144a5674ab58d4c6aaefa25f5
S010,Tail-SD,human_eval/audio/S010/Tail-SD/seed0.wav,0,P10,8.64,T010,3696,25,0.8,2,checkpoints/cv3/Tail-SD/final.pt,checkpoints/cv3/Tail-SD/lora_final,cv3_Tail-SD_seed0_S010,039fbf8db28444f813e3c15193c011973d1744729b113f70d544970e6ae7e887
S011,Base,human_eval/audio/S011/Base/seed0.wav,0,P01,7.28,T011,3710,25,0.8,2,checkpoints/cv3/Base/final.pt,checkpoints/cv3/Base/lora_final,cv3_Base_seed0_S011,95d7d53683a87681395305540939509bcf9fb4befa0d49dee0312095822a2c6a
S011,Full-SD,human_eval/audio/S011/Full-SD/seed0.wav,0,P01,7.28,T011,3710,25,0.8,2,checkpoints/cv3/Full-SD/final.pt,checkpoints/cv3/Full-SD/lora_final,cv3_Full-SD_seed0_S011,cfdad75e195fd961f73300715830774b42578074eeeabb5b3ada94d5d0121156
S011,Random-Local,human_eval/audio/S011/Random-Local/seed0.wav,0,P01,7.28,T011,3710,25,0.8,2,checkpoints/cv3/Random-Local/final.pt,checkpoints/cv3/Random-Local/lora_final,cv3_Random-Local_seed0_S011,fdaba4e6a78a4a88156c6a18d60f73f78bd3ae1c9da8e44b44dc63f30538b392
S011,Tail-30,human_eval/audio/S011/Tail-30/seed0.wav,0,P01,7.28,T011,3710,25,0.8,2,checkpoints/cv3/Tail-30/final.pt,checkpoints/cv3/Tail-30/lora_final,cv3_Tail-30_seed0_S011,07e01ca1f7ec9998b2d1f6d2a0943ea80685706419d936232be016e04e816047
S011,Tail-SD,human_eval/audio/S011/Tail-SD/seed0.wav,0,P01,7.28,T011,3710,25,0.8,2,checkpoints/cv3/Tail-SD/final.pt,checkpoints/cv3/Tail-SD/lora_final,cv3_Tail-SD_seed0_S011,e6157dc187daa74dc5d843b5dc7454db5c8be982419d32187e07e803af5992db
S012,Base,human_eval/audio/S012/Base/seed0.wav,0,P02,5.71,T012,3696,25,0.8,2,checkpoints/cv3/Base/final.pt,checkpoints/cv3/Base/lora_final,cv3_Base_seed0_S012,190574bd5b3ecc6cea446c61dd0fcbb3d98d82dd708ea7b6d08bbb1685cd9ca0
S012,Full-SD,human_eval/audio/S012/Full-SD/seed0.wav,0,P02,5.71,T012,3696,25,0.8,2,checkpoints/cv3/Full-SD/final.pt,checkpoints/cv3/Full-SD/lora_final,cv3_Full-SD_seed0_S012,5812f5ca6d6415c9eedbcd6743fb84be959616c8e431418f0d747fdc674de5e2
S012,Random-Local,human_eval/audio/S012/Random-Local/seed0.wav,0,P02,5.71,T012,3696,25,0.8,2,checkpoints/cv3/Random-Local/final.pt,checkpoints/cv3/Random-Local/lora_final,cv3_Random-Local_seed0_S012,ab5e2da581571ca530c659aa6c5b2b7c53bbc187a7691461834f0af9b647ea92
S012,Tail-30,human_eval/audio/S012/Tail-30/seed0.wav,0,P02,5.71,T012,3696,25,0.8,2,checkpoints/cv3/Tail-30/final.pt,checkpoints/cv3/Tail-30/lora_final,cv3_Tail-30_seed0_S012,e6c2a02b9793b33bcbb101f5cf83551a93f0f85d9a9d7990abe141af0fb8e1b4
S012,Tail-SD,human_eval/audio/S012/Tail-SD/seed0.wav,0,P02,5.71,T012,3696,25,0.8,2,checkpoints/cv3/Tail-SD/final.pt,checkpoints/cv3/Tail-SD/lora_final,cv3_Tail-SD_seed0_S012,b2059e00bec0158e5b0f53ab8455e02f64d43486bd4f4a3fb7f4492a665b60ad
S013,Base,human_eval/audio/S013/Base/seed0.wav,0,P03,5.8,T013,3720,25,0.8,2,checkpoints/cv3/Base/final.pt,checkpoints/cv3/Base/lora_final,cv3_Base_seed0_S013,bfba119f0cb439ff5e5a6dd16898b61271cd16f865e7d8f82c8ab18d44c07956
S013,Full-SD,human_eval/audio/S013/Full-SD/seed0.wav,0,P03,5.8,T013,3720,25,0.8,2,checkpoints/cv3/Full-SD/final.pt,checkpoints/cv3/Full-SD/lora_final,cv3_Full-SD_seed0_S013,28c0b6ea82bd449644469e3b87848cc1494ed5e467f0d9c562e9e87a7a5c9c7e
S013,Random-Local,human_eval/audio/S013/Random-Local/seed0.wav,0,P03,5.8,T013,3720,25,0.8,2,checkpoints/cv3/Random-Local/final.pt,checkpoints/cv3/Random-Local/lora_final,cv3_Random-Local_seed0_S013,71dd7f4d3d4d65791882e456abe2699e0ec7919db18a72f53affbdb9eea66d49
S013,Tail-30,human_eval/audio/S013/Tail-30/seed0.wav,0,P03,5.8,T013,3720,25,0.8,2,checkpoints/cv3/Tail-30/final.pt,checkpoints/cv3/Tail-30/lora_final,cv3_Tail-30_seed0_S013,3937ec956221a64443ce673dd4ffda92a30fa628dbc6fac3e4c879052ae9c86f
S013,Tail-SD,human_eval/audio/S013/Tail-SD/seed0.wav,0,P03,5.8,T013,3720,25,0.8,2,checkpoints/cv3/Tail-SD/final.pt,checkpoints/cv3/Tail-SD/lora_final,cv3_Tail-SD_seed0_S013,b11d71965aa7c1dd77cb5cb5217ae3a6332440a5c61ee527d6011f67dc21ba8b
S014,Base,human_eval/audio/S014/Base/seed0.wav,0,P04,4.28,T014,3721,25,0.8,2,checkpoints/cv3/Base/final.pt,checkpoints/cv3/Base/lora_final,cv3_Base_seed0_S014,54c6e1edc8c25c7b481e4084a2df9af956ee18f84de06e91636466625b57f063
S014,Full-SD,human_eval/audio/S014/Full-SD/seed0.wav,0,P04,4.28,T014,3721,25,0.8,2,checkpoints/cv3/Full-SD/final.pt,checkpoints/cv3/Full-SD/lora_final,cv3_Full-SD_seed0_S014,a7d84bd295733c3119547d456b20a08a0aea945585b6be38186638e62278e24d
S014,Random-Local,human_eval/audio/S014/Random-Local/seed0.wav,0,P04,4.28,T014,3721,25,0.8,2,checkpoints/cv3/Random-Local/final.pt,checkpoints/cv3/Random-Local/lora_final,cv3_Random-Local_seed0_S014,911ea3ec0b8984f960b045adc31e8a138695c1c48b37c81176b597850d5f7859
S014,Tail-30,human_eval/audio/S014/Tail-30/seed0.wav,0,P04,4.28,T014,3721,25,0.8,2,checkpoints/cv3/Tail-30/final.pt,checkpoints/cv3/Tail-30/lora_final,cv3_Tail-30_seed0_S014,dd1a2d8d7bfeb59d6d32e1c840a18c1d57f0b528f2f4ab85ca6c247f1c136d36
S014,Tail-SD,human_eval/audio/S014/Tail-SD/seed0.wav,0,P04,4.28,T014,3721,25,0.8,2,checkpoints/cv3/Tail-SD/final.pt,checkpoints/cv3/Tail-SD/lora_final,cv3_Tail-SD_seed0_S014,3c8c60f417143e8dae2201661dacada315cb2d82a4e7d30c9bedb6a0c2e57f29
S015,Base,human_eval/audio/S015/Base/seed0.wav,0,P05,9.73,T015,3712,25,0.8,2,checkpoints/cv3/Base/final.pt,checkpoints/cv3/Base/lora_final,cv3_Base_seed0_S015,ae107616727b47e7888b743c8056031d18491e11d2efa0589d19ec6336628a22
S015,Full-SD,human_eval/audio/S015/Full-SD/seed0.wav,0,P05,9.73,T015,3712,25,0.8,2,checkpoints/cv3/Full-SD/final.pt,checkpoints/cv3/Full-SD/lora_final,cv3_Full-SD_seed0_S015,e3bba1c564628453ce588d3305e587b577c1505547c565417538c7676ad4640c
S015,Random-Local,human_eval/audio/S015/Random-Local/seed0.wav,0,P05,9.73,T015,3712,25,0.8,2,checkpoints/cv3/Random-Local/final.pt,checkpoints/cv3/Random-Local/lora_final,cv3_Random-Local_seed0_S015,5a116c7aeb621ab368625d2c76971533f9f9b5e1ed6206d23609b8b977e29b09
S015,Tail-30,human_eval/audio/S015/Tail-30/seed0.wav,0,P05,9.73,T015,3712,25,0.8,2,checkpoints/cv3/Tail-30/final.pt,checkpoints/cv3/Tail-30/lora_final,cv3_Tail-30_seed0_S015,accb78fdcbadd96f98dcddba471a38f4fac58c3936487f4d56400be0e5c579c0
S015,Tail-SD,human_eval/audio/S015/Tail-SD/seed0.wav,0,P05,9.73,T015,3712,25,0.8,2,checkpoints/cv3/Tail-SD/final.pt,checkpoints/cv3/Tail-SD/lora_final,cv3_Tail-SD_seed0_S015,1867f75a4cd99d667e03601d58e403c76f0ca4aa8adbee0aa97d839b34b8c70d
S016,Base,human_eval/audio/S016/Base/seed0.wav,0,P06,7.08,T016,3721,25,0.8,2,checkpoints/cv3/Base/final.pt,checkpoints/cv3/Base/lora_final,cv3_Base_seed0_S016,00ac80af5a46d670e4cd1891ac638ee859abbdd339b000ac51d2e1772c7709cd
S016,Full-SD,human_eval/audio/S016/Full-SD/seed0.wav,0,P06,7.08,T016,3721,25,0.8,2,checkpoints/cv3/Full-SD/final.pt,checkpoints/cv3/Full-SD/lora_final,cv3_Full-SD_seed0_S016,12a2208a72ee36a013b12b591b7069f106715f7c1b4f0df19be4ae3ebb6f1d56
S016,Random-Local,human_eval/audio/S016/Random-Local/seed0.wav,0,P06,7.08,T016,3721,25,0.8,2,checkpoints/cv3/Random-Local/final.pt,checkpoints/cv3/Random-Local/lora_final,cv3_Random-Local_seed0_S016,04edd90581b6d31f3c4430392b0490d12583baf7149872bfee50262c737aa876
S016,Tail-30,human_eval/audio/S016/Tail-30/seed0.wav,0,P06,7.08,T016,3721,25,0.8,2,checkpoints/cv3/Tail-30/final.pt,checkpoints/cv3/Tail-30/lora_final,cv3_Tail-30_seed0_S016,dda42d1a37eda63291e8ff72b00ee365025dc68ed7425945e4477fdc273dc777
S016,Tail-SD,human_eval/audio/S016/Tail-SD/seed0.wav,0,P06,7.08,T016,3721,25,0.8,2,checkpoints/cv3/Tail-SD/final.pt,checkpoints/cv3/Tail-SD/lora_final,cv3_Tail-SD_seed0_S016,347f393c4ef31c1eeed7a0c8691905a2404fb5dd64664d5a41443a7a7446c297
S017,Base,human_eval/audio/S017/Base/seed0.wav,0,P07,4.37,T017,3721,25,0.8,2,checkpoints/cv3/Base/final.pt,checkpoints/cv3/Base/lora_final,cv3_Base_seed0_S017,4f966fbf260a9b0fea06e90cc344e977c1ad21a32dd812ff1edb29d0b229816e
S017,Full-SD,human_eval/audio/S017/Full-SD/seed0.wav,0,P07,4.37,T017,3721,25,0.8,2,checkpoints/cv3/Full-SD/final.pt,checkpoints/cv3/Full-SD/lora_final,cv3_Full-SD_seed0_S017,2e91569f9b88ac567f2d277c9ed7fe1d375a06e50bcbee3e0eda0388b551e85e
S017,Random-Local,human_eval/audio/S017/Random-Local/seed0.wav,0,P07,4.37,T017,3721,25,0.8,2,checkpoints/cv3/Random-Local/final.pt,checkpoints/cv3/Random-Local/lora_final,cv3_Random-Local_seed0_S017,43130896a1fd5746d0195bda4bc3026ad8a006115d7d1e758bead8fe6f9ce071
S017,Tail-30,human_eval/audio/S017/Tail-30/seed0.wav,0,P07,4.37,T017,3721,25,0.8,2,checkpoints/cv3/Tail-30/final.pt,checkpoints/cv3/Tail-30/lora_final,cv3_Tail-30_seed0_S017,a2ee9cdc58d8d9ab55bc87eaba31c35e4f43064b95d42a4fee7bf494da68f007
S017,Tail-SD,human_eval/audio/S017/Tail-SD/seed0.wav,0,P07,4.37,T017,3721,25,0.8,2,checkpoints/cv3/Tail-SD/final.pt,checkpoints/cv3/Tail-SD/lora_final,cv3_Tail-SD_seed0_S017,47e5a84f8545c387e69938c872d6c09267efb6f4e23db6ced2b84b12fe076a3f
S018,Base,human_eval/audio/S018/Base/seed0.wav,0,P08,9.93,T018,3712,25,0.8,2,checkpoints/cv3/Base/final.pt,checkpoints/cv3/Base/lora_final,cv3_Base_seed0_S018,5a8d2fab6dd5d23cf25c791f3d2064fde052eaffbcbc019df23fb02540211e62
S018,Full-SD,human_eval/audio/S018/Full-SD/seed0.wav,0,P08,9.93,T018,3712,25,0.8,2,checkpoints/cv3/Full-SD/final.pt,checkpoints/cv3/Full-SD/lora_final,cv3_Full-SD_seed0_S018,cab8c56c7b5239af55c50d828950b9acf2dd4ac3786b8676250ae37b328e9dc0
S018,Random-Local,human_eval/audio/S018/Random-Local/seed0.wav,0,P08,9.93,T018,3712,25,0.8,2,checkpoints/cv3/Random-Local/final.pt,checkpoints/cv3/Random-Local/lora_final,cv3_Random-Local_seed0_S018,7dbc8e769faccd7418ce61ff6ead0f62d0478263cb2cce4aee8a53fbfb499ed6
S018,Tail-30,human_eval/audio/S018/Tail-30/seed0.wav,0,P08,9.93,T018,3712,25,0.8,2,checkpoints/cv3/Tail-30/final.pt,checkpoints/cv3/Tail-30/lora_final,cv3_Tail-30_seed0_S018,598f2d5d166d2fac9c9874fe603a05aaae416beac2a7724e6185279a09581d60
S018,Tail-SD,human_eval/audio/S018/Tail-SD/seed0.wav,0,P08,9.93,T018,3712,25,0.8,2,checkpoints/cv3/Tail-SD/final.pt,checkpoints/cv3/Tail-SD/lora_final,cv3_Tail-SD_seed0_S018,53d1cfc78818e0222881536e23614d536a50dbe396962d630b9eaede6f7da77b
S019,Base,human_eval/audio/S019/Base/seed0.wav,0,P09,4.41,T019,3712,25,0.8,2,checkpoints/cv3/Base/final.pt,checkpoints/cv3/Base/lora_final,cv3_Base_seed0_S019,76a3155c12e01dc71f15239977340949d92b42b7ccff71d793dc932f7cb27af3
S019,Full-SD,human_eval/audio/S019/Full-SD/seed0.wav,0,P09,4.41,T019,3712,25,0.8,2,checkpoints/cv3/Full-SD/final.pt,checkpoints/cv3/Full-SD/lora_final,cv3_Full-SD_seed0_S019,6a027df7ad2b3e1d8ff03c7551a7bf659fea2cb4238fec42104de4fd08b4c589
S019,Random-Local,human_eval/audio/S019/Random-Local/seed0.wav,0,P09,4.41,T019,3712,25,0.8,2,checkpoints/cv3/Random-Local/final.pt,checkpoints/cv3/Random-Local/lora_final,cv3_Random-Local_seed0_S019,63d4816f9e9bba68cdeffab9c9f1f5c887bf6e5af9737e58971e8c54fe6eaf16
S019,Tail-30,human_eval/audio/S019/Tail-30/seed0.wav,0,P09,4.41,T019,3712,25,0.8,2,checkpoints/cv3/Tail-30/final.pt,checkpoints/cv3/Tail-30/lora_final,cv3_Tail-30_seed0_S019,b210328989cf2eb33dbc1fc459cfc16a6ed7ccc2c3cd31dcd0560bda5d514caf
S019,Tail-SD,human_eval/audio/S019/Tail-SD/seed0.wav,0,P09,4.41,T019,3712,25,0.8,2,checkpoints/cv3/Tail-SD/final.pt,checkpoints/cv3/Tail-SD/lora_final,cv3_Tail-SD_seed0_S019,2be3a432afd5a48d12a45b9cc765c9658455098cd02ad96984e912e79e29a7b9
S020,Base,human_eval/audio/S020/Base/seed0.wav,0,P10,4.92,T020,3721,25,0.8,2,checkpoints/cv3/Base/final.pt,checkpoints/cv3/Base/lora_final,cv3_Base_seed0_S020,569771a4342ec41c6d21b7ec05287bf5a038569a520bd72822f455e1eee1297b
S020,Full-SD,human_eval/audio/S020/Full-SD/seed0.wav,0,P10,4.92,T020,3721,25,0.8,2,checkpoints/cv3/Full-SD/final.pt,checkpoints/cv3/Full-SD/lora_final,cv3_Full-SD_seed0_S020,afd74ddbc011a30e813246de4c72ce639d0ae5f89113608454af295b5bd4a6ac
S020,Random-Local,human_eval/audio/S020/Random-Local/seed0.wav,0,P10,4.92,T020,3721,25,0.8,2,checkpoints/cv3/Random-Local/final.pt,checkpoints/cv3/Random-Local/lora_final,cv3_Random-Local_seed0_S020,3cb0d39d434ea9e212103f349eec51d54696a5ccf73c72e09951e8716ebc3369
S020,Tail-30,human_eval/audio/S020/Tail-30/seed0.wav,0,P10,4.92,T020,3721,25,0.8,2,checkpoints/cv3/Tail-30/final.pt,checkpoints/cv3/Tail-30/lora_final,cv3_Tail-30_seed0_S020,3e6ddbd7b61b23c278cd4440b38ddb550378b495471425bc00311ce4489405ae
S020,Tail-SD,human_eval/audio/S020/Tail-SD/seed0.wav,0,P10,4.92,T020,3721,25,0.8,2,checkpoints/cv3/Tail-SD/final.pt,checkpoints/cv3/Tail-SD/lora_final,cv3_Tail-SD_seed0_S020,b699e998fb7968f8903f4c873848af38186733f4c8a835bc184122b13d67b829
S021,Base,human_eval/audio/S021/Base/seed0.wav,0,P01,8.3,T021,3712,25,0.8,2,checkpoints/cv3/Base/final.pt,checkpoints/cv3/Base/lora_final,cv3_Base_seed0_S021,f1bd1174399fa14bb56656c65b4d3699235667520a7d75e8ffe93b443fbe9688
S021,Full-SD,human_eval/audio/S021/Full-SD/seed0.wav,0,P01,8.3,T021,3712,25,0.8,2,checkpoints/cv3/Full-SD/final.pt,checkpoints/cv3/Full-SD/lora_final,cv3_Full-SD_seed0_S021,e4532be611c1103b1a7beb4147caf680051ee2e1d5c9f8e1303cd420b7635c81
S021,Random-Local,human_eval/audio/S021/Random-Local/seed0.wav,0,P01,8.3,T021,3712,25,0.8,2,checkpoints/cv3/Random-Local/final.pt,checkpoints/cv3/Random-Local/lora_final,cv3_Random-Local_seed0_S021,10f77ebf6e83cc3d82a0c729b0309e9ea4fe3f2c47caad5b364cbc7d051b7640
S021,Tail-30,human_eval/audio/S021/Tail-30/seed0.wav,0,P01,8.3,T021,3712,25,0.8,2,checkpoints/cv3/Tail-30/final.pt,checkpoints/cv3/Tail-30/lora_final,cv3_Tail-30_seed0_S021,133cbec80e38cc908d933736704a74e6535544193b453615adf5469a8a439bd5
S021,Tail-SD,human_eval/audio/S021/Tail-SD/seed0.wav,0,P01,8.3,T021,3712,25,0.8,2,checkpoints/cv3/Tail-SD/final.pt,checkpoints/cv3/Tail-SD/lora_final,cv3_Tail-SD_seed0_S021,e8a61bf7face91f4c46bb06d3b55b642516ebe6c9be9e18ee9fc10d823df6866
S022,Base,human_eval/audio/S022/Base/seed0.wav,0,P02,9.49,T022,3712,25,0.8,2,checkpoints/cv3/Base/final.pt,checkpoints/cv3/Base/lora_final,cv3_Base_seed0_S022,6ce320cfe8420fa3e94571cc52eca365e7a112f11274386e520bbc791d189279
S022,Full-SD,human_eval/audio/S022/Full-SD/seed0.wav,0,P02,9.49,T022,3712,25,0.8,2,checkpoints/cv3/Full-SD/final.pt,checkpoints/cv3/Full-SD/lora_final,cv3_Full-SD_seed0_S022,80a5caa3c86f5b3af397a38f81e394200c62634c106f4aefd6e2ac4a1f728ec3
S022,Random-Local,human_eval/audio/S022/Random-Local/seed0.wav,0,P02,9.49,T022,3712,25,0.8,2,checkpoints/cv3/Random-Local/final.pt,checkpoints/cv3/Random-Local/lora_final,cv3_Random-Local_seed0_S022,cb6e4b43cc4d39a5cad45d0b3c25eb0563dc084b5e407966c1f7bb9e2ebe6e75
S022,Tail-30,human_eval/audio/S022/Tail-30/seed0.wav,0,P02,9.49,T022,3712,25,0.8,2,checkpoints/cv3/Tail-30/final.pt,checkpoints/cv3/Tail-30/lora_final,cv3_Tail-30_seed0_S022,7bef65aa484ba1c2fb7d75cc10a208d453312c0dbcccf113fda7fd2c3c18fe25
S022,Tail-SD,human_eval/audio/S022/Tail-SD/seed0.wav,0,P02,9.49,T022,3712,25,0.8,2,checkpoints/cv3/Tail-SD/final.pt,checkpoints/cv3/Tail-SD/lora_final,cv3_Tail-SD_seed0_S022,a1d9fd243dd87a745b79df65e4f478decf00e031c374313d2d6480fc7dc7de71
S023,Base,human_eval/audio/S023/Base/seed0.wav,0,P03,7.98,T023,3712,25,0.8,2,checkpoints/cv3/Base/final.pt,checkpoints/cv3/Base/lora_final,cv3_Base_seed0_S023,3a4011f1f8c9d242ef3520f0cb5caef70b6a64f76f879081ee1a7af81b9b18d6
S023,Full-SD,human_eval/audio/S023/Full-SD/seed0.wav,0,P03,7.98,T023,3712,25,0.8,2,checkpoints/cv3/Full-SD/final.pt,checkpoints/cv3/Full-SD/lora_final,cv3_Full-SD_seed0_S023,e22755761947c44151416c694ac22a6039565204a5e66b23aa287ddcf4457335
S023,Random-Local,human_eval/audio/S023/Random-Local/seed0.wav,0,P03,7.98,T023,3712,25,0.8,2,checkpoints/cv3/Random-Local/final.pt,checkpoints/cv3/Random-Local/lora_final,cv3_Random-Local_seed0_S023,356a70ecdb004cae92b89163bec1250631eedbae467464a86520c95d717c9df8
S023,Tail-30,human_eval/audio/S023/Tail-30/seed0.wav,0,P03,7.98,T023,3712,25,0.8,2,checkpoints/cv3/Tail-30/final.pt,checkpoints/cv3/Tail-30/lora_final,cv3_Tail-30_seed0_S023,3171c94972a352eb14acc7940df469e91c85705aa45ed130f15a6a92cb4ba4e4
S023,Tail-SD,human_eval/audio/S023/Tail-SD/seed0.wav,0,P03,7.98,T023,3712,25,0.8,2,checkpoints/cv3/Tail-SD/final.pt,checkpoints/cv3/Tail-SD/lora_final,cv3_Tail-SD_seed0_S023,0d5992960dcf2825816dde69c1c58f734cf8f2c3cae3ae6ee187c0bb6c5cb0de
S024,Base,human_eval/audio/S024/Base/seed0.wav,0,P04,4.42,T024,3720,25,0.8,2,checkpoints/cv3/Base/final.pt,checkpoints/cv3/Base/lora_final,cv3_Base_seed0_S024,9cb807d9b4083bd24a09fecf3b210d440fef56cf9bf7a131f005374ddb741a14
S024,Full-SD,human_eval/audio/S024/Full-SD/seed0.wav,0,P04,4.42,T024,3720,25,0.8,2,checkpoints/cv3/Full-SD/final.pt,checkpoints/cv3/Full-SD/lora_final,cv3_Full-SD_seed0_S024,c582d47968b362e8b4e2a5201b988faab082a9a1bd48174d12cfdb34177ca89a
S024,Random-Local,human_eval/audio/S024/Random-Local/seed0.wav,0,P04,4.42,T024,3720,25,0.8,2,checkpoints/cv3/Random-Local/final.pt,checkpoints/cv3/Random-Local/lora_final,cv3_Random-Local_seed0_S024,1e095ef20554ece6ac9ab35f8f91c006727b552c0ef74bd1b6baa1529f47aa67
S024,Tail-30,human_eval/audio/S024/Tail-30/seed0.wav,0,P04,4.42,T024,3720,25,0.8,2,checkpoints/cv3/Tail-30/final.pt,checkpoints/cv3/Tail-30/lora_final,cv3_Tail-30_seed0_S024,708227ffa06c0864904d0fedaa49e7472a3bd32a2320ce3ac7896d767102299b
S024,Tail-SD,human_eval/audio/S024/Tail-SD/seed0.wav,0,P04,4.42,T024,3720,25,0.8,2,checkpoints/cv3/Tail-SD/final.pt,checkpoints/cv3/Tail-SD/lora_final,cv3_Tail-SD_seed0_S024,b7e1e220dbea408532bbc09e75d2fa1f0b7cd33b8790325f7086320d7067bdd9
S025,Base,human_eval/audio/S025/Base/seed0.wav,0,P05,5.71,T025,3696,25,0.8,2,checkpoints/cv3/Base/final.pt,checkpoints/cv3/Base/lora_final,cv3_Base_seed0_S025,4c0003c8def40d42fccf52fd528a4e50f8afc94822e488fc40dc5cddc23be4c0
S025,Full-SD,human_eval/audio/S025/Full-SD/seed0.wav,0,P05,5.71,T025,3696,25,0.8,2,checkpoints/cv3/Full-SD/final.pt,checkpoints/cv3/Full-SD/lora_final,cv3_Full-SD_seed0_S025,37911edbcbef1eb0e188a031dd7ba07e3ffce90c6f794cfe532581dac25933ce
S025,Random-Local,human_eval/audio/S025/Random-Local/seed0.wav,0,P05,5.71,T025,3696,25,0.8,2,checkpoints/cv3/Random-Local/final.pt,checkpoints/cv3/Random-Local/lora_final,cv3_Random-Local_seed0_S025,b102ecb1f5135e315e27faf1bf570019c9da88e65772135843ba4bc1437a8ec2
S025,Tail-30,human_eval/audio/S025/Tail-30/seed0.wav,0,P05,5.71,T025,3696,25,0.8,2,checkpoints/cv3/Tail-30/final.pt,checkpoints/cv3/Tail-30/lora_final,cv3_Tail-30_seed0_S025,9c4afce6f7da199dcfd2e69e400c5bb51ac2b7721e7d6f26fa39bf9f9a9fa453
S025,Tail-SD,human_eval/audio/S025/Tail-SD/seed0.wav,0,P05,5.71,T025,3696,25,0.8,2,checkpoints/cv3/Tail-SD/final.pt,checkpoints/cv3/Tail-SD/lora_final,cv3_Tail-SD_seed0_S025,f887f0835e3f0f040529a38b95765b245061761f19756d090296aea2635db41b
S026,Base,human_eval/audio/S026/Base/seed0.wav,0,P06,9.37,T026,3672,25,0.8,2,checkpoints/cv3/Base/final.pt,checkpoints/cv3/Base/lora_final,cv3_Base_seed0_S026,66f5e60fe0c7a7882398631fe1826eeaa7c629861d3e6f4870e79025b679a8fa
S026,Full-SD,human_eval/audio/S026/Full-SD/seed0.wav,0,P06,9.37,T026,3672,25,0.8,2,checkpoints/cv3/Full-SD/final.pt,checkpoints/cv3/Full-SD/lora_final,cv3_Full-SD_seed0_S026,1765f9f0c0d01208a0e41708e2ca9231d8175e5a10d8e02d48c67ccdbb24a771
S026,Random-Local,human_eval/audio/S026/Random-Local/seed0.wav,0,P06,9.37,T026,3672,25,0.8,2,checkpoints/cv3/Random-Local/final.pt,checkpoints/cv3/Random-Local/lora_final,cv3_Random-Local_seed0_S026,27059db900fcf3f39fc59abb047698dc85bbee22f969309e4bccdbea5b275762
S026,Tail-30,human_eval/audio/S026/Tail-30/seed0.wav,0,P06,9.37,T026,3672,25,0.8,2,checkpoints/cv3/Tail-30/final.pt,checkpoints/cv3/Tail-30/lora_final,cv3_Tail-30_seed0_S026,5f5a29bada6d72f33773e8d2b9f7e84864c23652839aa6a78207af96f854363d
S026,Tail-SD,human_eval/audio/S026/Tail-SD/seed0.wav,0,P06,9.37,T026,3672,25,0.8,2,checkpoints/cv3/Tail-SD/final.pt,checkpoints/cv3/Tail-SD/lora_final,cv3_Tail-SD_seed0_S026,c2b3309d35783b2a16499a87023aaf59fd90cf8944df1574430a0670bc79cc25
S027,Base,human_eval/audio/S027/Base/seed0.wav,0,P07,10.35,T027,3672,25,0.8,2,checkpoints/cv3/Base/final.pt,checkpoints/cv3/Base/lora_final,cv3_Base_seed0_S027,3598ec85a7d4177297bd0170cadeeae6d4c063d724619cb2fc6a85ea0fdd9f44
S027,Full-SD,human_eval/audio/S027/Full-SD/seed0.wav,0,P07,10.35,T027,3672,25,0.8,2,checkpoints/cv3/Full-SD/final.pt,checkpoints/cv3/Full-SD/lora_final,cv3_Full-SD_seed0_S027,eb1769140b5dd831e1d135b0312a14cefc8615f0281aad1af04044d127421858
S027,Random-Local,human_eval/audio/S027/Random-Local/seed0.wav,0,P07,10.35,T027,3672,25,0.8,2,checkpoints/cv3/Random-Local/final.pt,checkpoints/cv3/Random-Local/lora_final,cv3_Random-Local_seed0_S027,fc1193df28cc164214a746c1e1cb746471a34885ae4d22e7c87d186b1b721a03
S027,Tail-30,human_eval/audio/S027/Tail-30/seed0.wav,0,P07,10.35,T027,3672,25,0.8,2,checkpoints/cv3/Tail-30/final.pt,checkpoints/cv3/Tail-30/lora_final,cv3_Tail-30_seed0_S027,3cc644a33c8e16ecee54a67b92d99f569ea87d01d195b186d0941660183899bf
S027,Tail-SD,human_eval/audio/S027/Tail-SD/seed0.wav,0,P07,10.35,T027,3672,25,0.8,2,checkpoints/cv3/Tail-SD/final.pt,checkpoints/cv3/Tail-SD/lora_final,cv3_Tail-SD_seed0_S027,2c7a7b2ca4f6335831637928fd3a4a29d92e7a59f6567dbca990d29e565d9dd8
S028,Base,human_eval/audio/S028/Base/seed0.wav,0,P08,11.38,T028,3672,25,0.8,2,checkpoints/cv3/Base/final.pt,checkpoints/cv3/Base/lora_final,cv3_Base_seed0_S028,3dc78ce302c0322764ff950c02debb322bc13fbaf652a823e79a228a49e8bed2
S028,Full-SD,human_eval/audio/S028/Full-SD/seed0.wav,0,P08,11.38,T028,3672,25,0.8,2,checkpoints/cv3/Full-SD/final.pt,checkpoints/cv3/Full-SD/lora_final,cv3_Full-SD_seed0_S028,2ad47badd8e7abbd01c3b845f1a411f4093ee4bc12dd7c90ea42895d91e95f12
S028,Random-Local,human_eval/audio/S028/Random-Local/seed0.wav,0,P08,11.38,T028,3672,25,0.8,2,checkpoints/cv3/Random-Local/final.pt,checkpoints/cv3/Random-Local/lora_final,cv3_Random-Local_seed0_S028,2b779bf1bf8cfdd13ddc6e71c35f533cccfc4795f86a72fc6d705441751465fc
S028,Tail-30,human_eval/audio/S028/Tail-30/seed0.wav,0,P08,11.38,T028,3672,25,0.8,2,checkpoints/cv3/Tail-30/final.pt,checkpoints/cv3/Tail-30/lora_final,cv3_Tail-30_seed0_S028,339cd8b87bb6ca02a6b6b7f25271d46629f065dd4cfcbefa75fe943dcd2bba82
S028,Tail-SD,human_eval/audio/S028/Tail-SD/seed0.wav,0,P08,11.38,T028,3672,25,0.8,2,checkpoints/cv3/Tail-SD/final.pt,checkpoints/cv3/Tail-SD/lora_final,cv3_Tail-SD_seed0_S028,cc007b15d7d1aa94737622addd425df1f621dbfacb40eafeb556b750d0176778
S029,Base,human_eval/audio/S029/Base/seed0.wav,0,P09,4.13,T029,3705,25,0.8,2,checkpoints/cv3/Base/final.pt,checkpoints/cv3/Base/lora_final,cv3_Base_seed0_S029,0e12ed33604c5ec987c806085a7b6d65ec1ec3ad705b04eea79b3d5d6d73f321
S029,Full-SD,human_eval/audio/S029/Full-SD/seed0.wav,0,P09,4.13,T029,3705,25,0.8,2,checkpoints/cv3/Full-SD/final.pt,checkpoints/cv3/Full-SD/lora_final,cv3_Full-SD_seed0_S029,91a34a6226c31147a55c167d03f608a2890906a98b53c096ed871b29ea156b8f
S029,Random-Local,human_eval/audio/S029/Random-Local/seed0.wav,0,P09,4.13,T029,3705,25,0.8,2,checkpoints/cv3/Random-Local/final.pt,checkpoints/cv3/Random-Local/lora_final,cv3_Random-Local_seed0_S029,3c9a93311fe73c460bcf1834eab8ac43a8a392ddadf05bcd03f581c0e913ae22
S029,Tail-30,human_eval/audio/S029/Tail-30/seed0.wav,0,P09,4.13,T029,3705,25,0.8,2,checkpoints/cv3/Tail-30/final.pt,checkpoints/cv3/Tail-30/lora_final,cv3_Tail-30_seed0_S029,9e97b7a1e0d7a2b40356c3bc12baff0183f85569658a301bfafe3f0d7f13be8a
S029,Tail-SD,human_eval/audio/S029/Tail-SD/seed0.wav,0,P09,4.13,T029,3705,25,0.8,2,checkpoints/cv3/Tail-SD/final.pt,checkpoints/cv3/Tail-SD/lora_final,cv3_Tail-SD_seed0_S029,9a643d0788a7d270d3cd506827400a809de5a6b958a257df6f5ee6a51991c06e
S030,Base,human_eval/audio/S030/Base/seed0.wav,0,P10,9.73,T030,3705,25,0.8,2,checkpoints/cv3/Base/final.pt,checkpoints/cv3/Base/lora_final,cv3_Base_seed0_S030,6244f0139536f3b6155bfa5d1c5a2f00160853c37214bf9993ccfd409ecf9df5
S030,Full-SD,human_eval/audio/S030/Full-SD/seed0.wav,0,P10,9.73,T030,3705,25,0.8,2,checkpoints/cv3/Full-SD/final.pt,checkpoints/cv3/Full-SD/lora_final,cv3_Full-SD_seed0_S030,226434e010dcede6d6c1a2ffbb456fc8497b85e8ce318a82b1597279067e09bf
S030,Random-Local,human_eval/audio/S030/Random-Local/seed0.wav,0,P10,9.73,T030,3705,25,0.8,2,checkpoints/cv3/Random-Local/final.pt,checkpoints/cv3/Random-Local/lora_final,cv3_Random-Local_seed0_S030,74a4af9aafdeceabf21788729bde02671107ec6cc09e7ef389b48a3c49afa51b
S030,Tail-30,human_eval/audio/S030/Tail-30/seed0.wav,0,P10,9.73,T030,3705,25,0.8,2,checkpoints/cv3/Tail-30/final.pt,checkpoints/cv3/Tail-30/lora_final,cv3_Tail-30_seed0_S030,d455656bd4da8a90390ad79d472de6c93af6b6f10a3058e2d26f0d8c4b7ad07b
S030,Tail-SD,human_eval/audio/S030/Tail-SD/seed0.wav,0,P10,9.73,T030,3705,25,0.8,2,checkpoints/cv3/Tail-SD/final.pt,checkpoints/cv3/Tail-SD/lora_final,cv3_Tail-SD_seed0_S030,c4f6b0837017f44e3190903be1b1a03c90d2eb9591874cc0373eea0eb8946828
S031,Base,human_eval/audio/S031/Base/seed0.wav,0,P01,4.84,T031,3705,25,0.8,2,checkpoints/cv3/Base/final.pt,checkpoints/cv3/Base/lora_final,cv3_Base_seed0_S031,5eec61f8a4a8192a40cbfdd88e79981d77ea839858dca8215fd4ef1877267441
S031,Full-SD,human_eval/audio/S031/Full-SD/seed0.wav,0,P01,4.84,T031,3705,25,0.8,2,checkpoints/cv3/Full-SD/final.pt,checkpoints/cv3/Full-SD/lora_final,cv3_Full-SD_seed0_S031,7733a4a110f7d282d8d38109837392066c4efa8f04b20844aa482ec8402a8dfd
S031,Random-Local,human_eval/audio/S031/Random-Local/seed0.wav,0,P01,4.84,T031,3705,25,0.8,2,checkpoints/cv3/Random-Local/final.pt,checkpoints/cv3/Random-Local/lora_final,cv3_Random-Local_seed0_S031,ccceaa1cd62a2f514a20e386fa35f1364f524eb05b78e617a1bdd115f7ed8f0e
S031,Tail-30,human_eval/audio/S031/Tail-30/seed0.wav,0,P01,4.84,T031,3705,25,0.8,2,checkpoints/cv3/Tail-30/final.pt,checkpoints/cv3/Tail-30/lora_final,cv3_Tail-30_seed0_S031,c17af53403815115e3cec80f287fa051b9bec63ed54cfc0d231465c6edb34d06
S031,Tail-SD,human_eval/audio/S031/Tail-SD/seed0.wav,0,P01,4.84,T031,3705,25,0.8,2,checkpoints/cv3/Tail-SD/final.pt,checkpoints/cv3/Tail-SD/lora_final,cv3_Tail-SD_seed0_S031,6d0cd22cb38deece43c03fdf5c8a8a93496d9ac17ca203885742fcf3e6f5960a
S032,Base,human_eval/audio/S032/Base/seed0.wav,0,P02,3.61,T032,3672,25,0.8,2,checkpoints/cv3/Base/final.pt,checkpoints/cv3/Base/lora_final,cv3_Base_seed0_S032,e88816b8f16b7300232ba12ad1c7685239dd0acdb1625f9a4736a227bb6f1162
S032,Full-SD,human_eval/audio/S032/Full-SD/seed0.wav,0,P02,3.61,T032,3672,25,0.8,2,checkpoints/cv3/Full-SD/final.pt,checkpoints/cv3/Full-SD/lora_final,cv3_Full-SD_seed0_S032,19545118cd62d27c0c679c73beb637c8eeb19ec82a05504408ea7723544b51c1
S032,Random-Local,human_eval/audio/S032/Random-Local/seed0.wav,0,P02,3.61,T032,3672,25,0.8,2,checkpoints/cv3/Random-Local/final.pt,checkpoints/cv3/Random-Local/lora_final,cv3_Random-Local_seed0_S032,e59a1cae6b5f2808272d379aa121e8280096816976ffac3e7baaba0ca2a5ea00
S032,Tail-30,human_eval/audio/S032/Tail-30/seed0.wav,0,P02,3.61,T032,3672,25,0.8,2,checkpoints/cv3/Tail-30/final.pt,checkpoints/cv3/Tail-30/lora_final,cv3_Tail-30_seed0_S032,f092c16fb4ee717003e877de622ef8d6a71d9560f9c19de854481ec6631d4e1f
S032,Tail-SD,human_eval/audio/S032/Tail-SD/seed0.wav,0,P02,3.61,T032,3672,25,0.8,2,checkpoints/cv3/Tail-SD/final.pt,checkpoints/cv3/Tail-SD/lora_final,cv3_Tail-SD_seed0_S032,43957beab02887d882cdb3efa10032b93b94dac0126819d1f50bb04340d26ee3
S033,Base,human_eval/audio/S033/Base/seed0.wav,0,P03,11.24,T033,3726,25,0.8,2,checkpoints/cv3/Base/final.pt,checkpoints/cv3/Base/lora_final,cv3_Base_seed0_S033,2e51598ea215c081691c86ecd1d9c92663ac33b4a2451bef1ce3777d34f74315
S033,Full-SD,human_eval/audio/S033/Full-SD/seed0.wav,0,P03,11.24,T033,3726,25,0.8,2,checkpoints/cv3/Full-SD/final.pt,checkpoints/cv3/Full-SD/lora_final,cv3_Full-SD_seed0_S033,385f4f11601845b06bb990facafd28c3e723291ddc98154e4d0416891e0d4da0
S033,Random-Local,human_eval/audio/S033/Random-Local/seed0.wav,0,P03,11.24,T033,3726,25,0.8,2,checkpoints/cv3/Random-Local/final.pt,checkpoints/cv3/Random-Local/lora_final,cv3_Random-Local_seed0_S033,d47b0147824837f7d7f7fbc305ccc434547f3f7276c7960cfcb4b2d6e7e3645e
S033,Tail-30,human_eval/audio/S033/Tail-30/seed0.wav,0,P03,11.24,T033,3726,25,0.8,2,checkpoints/cv3/Tail-30/final.pt,checkpoints/cv3/Tail-30/lora_final,cv3_Tail-30_seed0_S033,cbe37df6f598dae9a76d3896ab8c04dc816f70891449b584b240f59738e56cdd
S033,Tail-SD,human_eval/audio/S033/Tail-SD/seed0.wav,0,P03,11.24,T033,3726,25,0.8,2,checkpoints/cv3/Tail-SD/final.pt,checkpoints/cv3/Tail-SD/lora_final,cv3_Tail-SD_seed0_S033,95090388183f14d80f1fa1dda8e0102da78986d26f151ca666a0d7ea1a85503d
S034,Base,human_eval/audio/S034/Base/seed0.wav,0,P04,8.76,T034,3696,25,0.8,2,checkpoints/cv3/Base/final.pt,checkpoints/cv3/Base/lora_final,cv3_Base_seed0_S034,adff233efb456080282cecea2e4fffa6c2321a49858fc122fb8dde1ce9bf1f1d
S034,Full-SD,human_eval/audio/S034/Full-SD/seed0.wav,0,P04,8.76,T034,3696,25,0.8,2,checkpoints/cv3/Full-SD/final.pt,checkpoints/cv3/Full-SD/lora_final,cv3_Full-SD_seed0_S034,0ceaef1bfc3990a575db389449c6b2ec1fb0b3919864e3faed0044cc3ea5ac04
S034,Random-Local,human_eval/audio/S034/Random-Local/seed0.wav,0,P04,8.76,T034,3696,25,0.8,2,checkpoints/cv3/Random-Local/final.pt,checkpoints/cv3/Random-Local/lora_final,cv3_Random-Local_seed0_S034,d67c73ec90e8a08f1be222045924cc84c00113b3382fb956eee09040a6a748d8
S034,Tail-30,human_eval/audio/S034/Tail-30/seed0.wav,0,P04,8.76,T034,3696,25,0.8,2,checkpoints/cv3/Tail-30/final.pt,checkpoints/cv3/Tail-30/lora_final,cv3_Tail-30_seed0_S034,490140e8bb9153aca094f8ee6080eed82c487d9ce0229464311c21d1f250c96c
S034,Tail-SD,human_eval/audio/S034/Tail-SD/seed0.wav,0,P04,8.76,T034,3696,25,0.8,2,checkpoints/cv3/Tail-SD/final.pt,checkpoints/cv3/Tail-SD/lora_final,cv3_Tail-SD_seed0_S034,49875878cec20824c020c287d1e0185a319adffa7fa6ef187d833b361949ca96
S035,Base,human_eval/audio/S035/Base/seed0.wav,0,P05,5.49,T035,3710,25,0.8,2,checkpoints/cv3/Base/final.pt,checkpoints/cv3/Base/lora_final,cv3_Base_seed0_S035,51106871d20085ae9a4966c552696fd590206ad7c974d88f2786fd1289e9ed93
S035,Full-SD,human_eval/audio/S035/Full-SD/seed0.wav,0,P05,5.49,T035,3710,25,0.8,2,checkpoints/cv3/Full-SD/final.pt,checkpoints/cv3/Full-SD/lora_final,cv3_Full-SD_seed0_S035,c49c9dab96e93f25f1d63927646f7b052ac1d02658fc6e142e56b13a3e949202
S035,Random-Local,human_eval/audio/S035/Random-Local/seed0.wav,0,P05,5.49,T035,3710,25,0.8,2,checkpoints/cv3/Random-Local/final.pt,checkpoints/cv3/Random-Local/lora_final,cv3_Random-Local_seed0_S035,ba9ba81b2530a857077f878aa5825fc71ca327ade1063467cbb14a460b1a50fb
S035,Tail-30,human_eval/audio/S035/Tail-30/seed0.wav,0,P05,5.49,T035,3710,25,0.8,2,checkpoints/cv3/Tail-30/final.pt,checkpoints/cv3/Tail-30/lora_final,cv3_Tail-30_seed0_S035,8562ff9e90d61f8c24a13a9951e32148cddfe9bf2c77a9b474a997821c8d7c54
S035,Tail-SD,human_eval/audio/S035/Tail-SD/seed0.wav,0,P05,5.49,T035,3710,25,0.8,2,checkpoints/cv3/Tail-SD/final.pt,checkpoints/cv3/Tail-SD/lora_final,cv3_Tail-SD_seed0_S035,27b3b3c252345bc0ea5494d9cb65064b043d103ebbc0cac1f9aafb988496c5f7
S036,Base,human_eval/audio/S036/Base/seed0.wav,0,P06,7.18,T036,3726,25,0.8,2,checkpoints/cv3/Base/final.pt,checkpoints/cv3/Base/lora_final,cv3_Base_seed0_S036,01121a97e25f7c2ad9c28ce88daed6325b4fa77579f5180729e523a97e68493e
S036,Full-SD,human_eval/audio/S036/Full-SD/seed0.wav,0,P06,7.18,T036,3726,25,0.8,2,checkpoints/cv3/Full-SD/final.pt,checkpoints/cv3/Full-SD/lora_final,cv3_Full-SD_seed0_S036,be37acc06b403b566a3e6a7f5a2d2d3a8e75c2548e14e1b75a8516e1fe8118e1
S036,Random-Local,human_eval/audio/S036/Random-Local/seed0.wav,0,P06,7.18,T036,3726,25,0.8,2,checkpoints/cv3/Random-Local/final.pt,checkpoints/cv3/Random-Local/lora_final,cv3_Random-Local_seed0_S036,379caa6c5cd67987d392b570793ff24707302bfb769627d593aff2760a5979b9
S036,Tail-30,human_eval/audio/S036/Tail-30/seed0.wav,0,P06,7.18,T036,3726,25,0.8,2,checkpoints/cv3/Tail-30/final.pt,checkpoints/cv3/Tail-30/lora_final,cv3_Tail-30_seed0_S036,c213752aabbb25877dbfa791a85396779753dab56b029829fa7bab4d873cd6d3
S036,Tail-SD,human_eval/audio/S036/Tail-SD/seed0.wav,0,P06,7.18,T036,3726,25,0.8,2,checkpoints/cv3/Tail-SD/final.pt,checkpoints/cv3/Tail-SD/lora_final,cv3_Tail-SD_seed0_S036,68dc9c90851c60540743237952d97ad63fbe215615197974942f333de088e7c0
S037,Base,human_eval/audio/S037/Base/seed0.wav,0,P07,11.4,T037,3675,25,0.8,2,checkpoints/cv3/Base/final.pt,checkpoints/cv3/Base/lora_final,cv3_Base_seed0_S037,fffff523000891fda342aba370016f9a7239a7554c4e1490a9bf4d38ae9a2ab7
S037,Full-SD,human_eval/audio/S037/Full-SD/seed0.wav,0,P07,11.4,T037,3675,25,0.8,2,checkpoints/cv3/Full-SD/final.pt,checkpoints/cv3/Full-SD/lora_final,cv3_Full-SD_seed0_S037,b796ed7ad284c7ede82782bae0fae37addcfcf41f667e9902e84fbb07fd658bc
S037,Random-Local,human_eval/audio/S037/Random-Local/seed0.wav,0,P07,11.4,T037,3675,25,0.8,2,checkpoints/cv3/Random-Local/final.pt,checkpoints/cv3/Random-Local/lora_final,cv3_Random-Local_seed0_S037,f2ee5d502db4b7fb0c28f5d32054eb67874ffb07d9cda08e76dd5f5882ba700e
S037,Tail-30,human_eval/audio/S037/Tail-30/seed0.wav,0,P07,11.4,T037,3675,25,0.8,2,checkpoints/cv3/Tail-30/final.pt,checkpoints/cv3/Tail-30/lora_final,cv3_Tail-30_seed0_S037,15e951ba8165523f44cafaddaae8436a8bc67a1854819ad1b9e2fd85f721e46e
S037,Tail-SD,human_eval/audio/S037/Tail-SD/seed0.wav,0,P07,11.4,T037,3675,25,0.8,2,checkpoints/cv3/Tail-SD/final.pt,checkpoints/cv3/Tail-SD/lora_final,cv3_Tail-SD_seed0_S037,399660954cc5f8f0143f02cfe3299a15a4d14347d3ef89c19da73face38513ba
S038,Base,human_eval/audio/S038/Base/seed0.wav,0,P08,4.47,T038,3696,25,0.8,2,checkpoints/cv3/Base/final.pt,checkpoints/cv3/Base/lora_final,cv3_Base_seed0_S038,d9e8aee44937eca07cb3e6739365c7f9e1f6904fbafabc03984164bc81f48c3c
S038,Full-SD,human_eval/audio/S038/Full-SD/seed0.wav,0,P08,4.47,T038,3696,25,0.8,2,checkpoints/cv3/Full-SD/final.pt,checkpoints/cv3/Full-SD/lora_final,cv3_Full-SD_seed0_S038,e18d6e232d518d870a9af77428d09bd6f9584a05d74392caa110bb34a6b4d36d
S038,Random-Local,human_eval/audio/S038/Random-Local/seed0.wav,0,P08,4.47,T038,3696,25,0.8,2,checkpoints/cv3/Random-Local/final.pt,checkpoints/cv3/Random-Local/lora_final,cv3_Random-Local_seed0_S038,e3590a49caa767bdf37216bb3f427c731d4b761cc4660d38323f6ee8e79b342a
S038,Tail-30,human_eval/audio/S038/Tail-30/seed0.wav,0,P08,4.47,T038,3696,25,0.8,2,checkpoints/cv3/Tail-30/final.pt,checkpoints/cv3/Tail-30/lora_final,cv3_Tail-30_seed0_S038,a14933bb1114824700b3d79a74d99b9ff53e46fcf1aeacbd6cbfbbf0d9880bf1
S038,Tail-SD,human_eval/audio/S038/Tail-SD/seed0.wav,0,P08,4.47,T038,3696,25,0.8,2,checkpoints/cv3/Tail-SD/final.pt,checkpoints/cv3/Tail-SD/lora_final,cv3_Tail-SD_seed0_S038,ebe5ecff9801238d3d4adf9c484bd11bed10aa231cf8439cea7aae9d41bc8cd0
S039,Base,human_eval/audio/S039/Base/seed0.wav,0,P09,8.24,T039,3672,25,0.8,2,checkpoints/cv3/Base/final.pt,checkpoints/cv3/Base/lora_final,cv3_Base_seed0_S039,55e60cfce3749ff67af1ea3cafbf984b868c386426d2e9c3a2a809e74ab340b5
S039,Full-SD,human_eval/audio/S039/Full-SD/seed0.wav,0,P09,8.24,T039,3672,25,0.8,2,checkpoints/cv3/Full-SD/final.pt,checkpoints/cv3/Full-SD/lora_final,cv3_Full-SD_seed0_S039,9093e5ee2e58e4099b92762d322d68c26c61eae7f50997e4a36f4541f0867062
S039,Random-Local,human_eval/audio/S039/Random-Local/seed0.wav,0,P09,8.24,T039,3672,25,0.8,2,checkpoints/cv3/Random-Local/final.pt,checkpoints/cv3/Random-Local/lora_final,cv3_Random-Local_seed0_S039,9dc721477b4f90b2ebe9df6072386bfeafeeb8f8ff80279e877654875dcc2b08
S039,Tail-30,human_eval/audio/S039/Tail-30/seed0.wav,0,P09,8.24,T039,3672,25,0.8,2,checkpoints/cv3/Tail-30/final.pt,checkpoints/cv3/Tail-30/lora_final,cv3_Tail-30_seed0_S039,647e2ea836156f3029217154452a7038f0b9090c4bf43f3bd39df32b64dcb065
S039,Tail-SD,human_eval/audio/S039/Tail-SD/seed0.wav,0,P09,8.24,T039,3672,25,0.8,2,checkpoints/cv3/Tail-SD/final.pt,checkpoints/cv3/Tail-SD/lora_final,cv3_Tail-SD_seed0_S039,3e4523a75b434fa622cbc270ef79dd9f39fa904d3aa4e430d69e6986804ec8de
S040,Base,human_eval/audio/S040/Base/seed0.wav,0,P10,10.12,T040,3700,25,0.8,2,checkpoints/cv3/Base/final.pt,checkpoints/cv3/Base/lora_final,cv3_Base_seed0_S040,9a282c8c655961b6255fc5d9ae6a9c40f995a2289519c09060133fd22172b4fd
S040,Full-SD,human_eval/audio/S040/Full-SD/seed0.wav,0,P10,10.12,T040,3700,25,0.8,2,checkpoints/cv3/Full-SD/final.pt,checkpoints/cv3/Full-SD/lora_final,cv3_Full-SD_seed0_S040,109b44dce167b924d0b9f0b5cbb0935cf955a9d3a8fb9620deb44013c0bbeda0
S040,Random-Local,human_eval/audio/S040/Random-Local/seed0.wav,0,P10,10.12,T040,3700,25,0.8,2,checkpoints/cv3/Random-Local/final.pt,checkpoints/cv3/Random-Local/lora_final,cv3_Random-Local_seed0_S040,c024a5264846dd43f5643990d5dcd5287d16450219d2b6ed024b85bf9a98926c
S040,Tail-30,human_eval/audio/S040/Tail-30/seed0.wav,0,P10,10.12,T040,3700,25,0.8,2,checkpoints/cv3/Tail-30/final.pt,checkpoints/cv3/Tail-30/lora_final,cv3_Tail-30_seed0_S040,0d3ef7fb4509e5aeb58ec540f2f8692af83fe17573d3dd980551473e307ffc97
S040,Tail-SD,human_eval/audio/S040/Tail-SD/seed0.wav,0,P10,10.12,T040,3700,25,0.8,2,checkpoints/cv3/Tail-SD/final.pt,checkpoints/cv3/Tail-SD/lora_final,cv3_Tail-SD_seed0_S040,0594f6e02b09ab3619218a86c3b4ed2323891f8fd5135bd6c4ca70eae59d55ba
S041,Base,human_eval/audio/S041/Base/seed0.wav,0,P01,9.95,T041,3723,25,0.8,2,checkpoints/cv3/Base/final.pt,checkpoints/cv3/Base/lora_final,cv3_Base_seed0_S041,ba6d855b19016eba77ea8f09fab54c7001ce9aa9a00bd378739e7dd9d9026dda
S041,Full-SD,human_eval/audio/S041/Full-SD/seed0.wav,0,P01,9.95,T041,3723,25,0.8,2,checkpoints/cv3/Full-SD/final.pt,checkpoints/cv3/Full-SD/lora_final,cv3_Full-SD_seed0_S041,500e6445466b0a8be8525d3ad5665e2256b2be747299da35f67fe03a5b5a3224
S041,Random-Local,human_eval/audio/S041/Random-Local/seed0.wav,0,P01,9.95,T041,3723,25,0.8,2,checkpoints/cv3/Random-Local/final.pt,checkpoints/cv3/Random-Local/lora_final,cv3_Random-Local_seed0_S041,77584d5e73e9faecd07f9ce19cb9a4f21854c6541fc2a598ec2ae49432ebd9c6
S041,Tail-30,human_eval/audio/S041/Tail-30/seed0.wav,0,P01,9.95,T041,3723,25,0.8,2,checkpoints/cv3/Tail-30/final.pt,checkpoints/cv3/Tail-30/lora_final,cv3_Tail-30_seed0_S041,7e52c35e9edb87bacb5eb80cc3f674c06e794754ed1c7d44aedc3ea5a5f25a15
S041,Tail-SD,human_eval/audio/S041/Tail-SD/seed0.wav,0,P01,9.95,T041,3723,25,0.8,2,checkpoints/cv3/Tail-SD/final.pt,checkpoints/cv3/Tail-SD/lora_final,cv3_Tail-SD_seed0_S041,467cec92e5064ccf732f1c32a435dd29683795e6be10f6ea19ee75fcdc5aabf9
S042,Base,human_eval/audio/S042/Base/seed0.wav,0,P02,8.59,T042,3675,25,0.8,2,checkpoints/cv3/Base/final.pt,checkpoints/cv3/Base/lora_final,cv3_Base_seed0_S042,a084777165c47bc5eb026d23c1c0ff4e378c71318a62c202bba95c32a9846526
S042,Full-SD,human_eval/audio/S042/Full-SD/seed0.wav,0,P02,8.59,T042,3675,25,0.8,2,checkpoints/cv3/Full-SD/final.pt,checkpoints/cv3/Full-SD/lora_final,cv3_Full-SD_seed0_S042,e6d35e3d254e9049f319547c7beebd1017be012bc228d1faf87ae866b4b05534
S042,Random-Local,human_eval/audio/S042/Random-Local/seed0.wav,0,P02,8.59,T042,3675,25,0.8,2,checkpoints/cv3/Random-Local/final.pt,checkpoints/cv3/Random-Local/lora_final,cv3_Random-Local_seed0_S042,52238007c1ea35ac68dd14442fd9361b34a8f0c4d45abd8f84adbf117ba4e07e
S042,Tail-30,human_eval/audio/S042/Tail-30/seed0.wav,0,P02,8.59,T042,3675,25,0.8,2,checkpoints/cv3/Tail-30/final.pt,checkpoints/cv3/Tail-30/lora_final,cv3_Tail-30_seed0_S042,73d959601bc02e3576fb4a64970119af60e12cf3d40c602cf7e90decc6dbfc51
S042,Tail-SD,human_eval/audio/S042/Tail-SD/seed0.wav,0,P02,8.59,T042,3675,25,0.8,2,checkpoints/cv3/Tail-SD/final.pt,checkpoints/cv3/Tail-SD/lora_final,cv3_Tail-SD_seed0_S042,1403756b8f18bae9d046b4c411e84411d65a83178a4b22fd231ed4e42d011888
S043,Base,human_eval/audio/S043/Base/seed0.wav,0,P03,4.5,T043,3672,25,0.8,2,checkpoints/cv3/Base/final.pt,checkpoints/cv3/Base/lora_final,cv3_Base_seed0_S043,c69e5931ce3f2b51b055deb3b6141bc7db89349bd05aeb953ed3b63d1a6ead81
S043,Full-SD,human_eval/audio/S043/Full-SD/seed0.wav,0,P03,4.5,T043,3672,25,0.8,2,checkpoints/cv3/Full-SD/final.pt,checkpoints/cv3/Full-SD/lora_final,cv3_Full-SD_seed0_S043,2e6257d06d5ab14ee60eeb24722cd9a6a28152c508e8f9a20706d04bea2adca7
S043,Random-Local,human_eval/audio/S043/Random-Local/seed0.wav,0,P03,4.5,T043,3672,25,0.8,2,checkpoints/cv3/Random-Local/final.pt,checkpoints/cv3/Random-Local/lora_final,cv3_Random-Local_seed0_S043,c953ad69a88661d289a12da1e4265c1361cfa7a02e73a0f9ef1be9cde1d1c6e0
S043,Tail-30,human_eval/audio/S043/Tail-30/seed0.wav,0,P03,4.5,T043,3672,25,0.8,2,checkpoints/cv3/Tail-30/final.pt,checkpoints/cv3/Tail-30/lora_final,cv3_Tail-30_seed0_S043,d3b29fc308fd2d9b8541933037744e0b2fd84c1165d310f365627bad059a521a
S043,Tail-SD,human_eval/audio/S043/Tail-SD/seed0.wav,0,P03,4.5,T043,3672,25,0.8,2,checkpoints/cv3/Tail-SD/final.pt,checkpoints/cv3/Tail-SD/lora_final,cv3_Tail-SD_seed0_S043,71cd93aedf2a79aef7a36ab6792f861402288e729c8aa9696cb1aa8cb9959305
S044,Base,human_eval/audio/S044/Base/seed0.wav,0,P04,11.52,T044,3723,25,0.8,2,checkpoints/cv3/Base/final.pt,checkpoints/cv3/Base/lora_final,cv3_Base_seed0_S044,a1cded4233d36d7077814758679bc87063e77e5637ab97ea7ce35b18c4156e05
S044,Full-SD,human_eval/audio/S044/Full-SD/seed0.wav,0,P04,11.52,T044,3723,25,0.8,2,checkpoints/cv3/Full-SD/final.pt,checkpoints/cv3/Full-SD/lora_final,cv3_Full-SD_seed0_S044,c1f6ee0b60283a8c8d1c750e99d469e7b9fa1963f9de5ee9bc1f6f279b8bd085
S044,Random-Local,human_eval/audio/S044/Random-Local/seed0.wav,0,P04,11.52,T044,3723,25,0.8,2,checkpoints/cv3/Random-Local/final.pt,checkpoints/cv3/Random-Local/lora_final,cv3_Random-Local_seed0_S044,5566df7ff0796f082048d16f93f4e7f02587fc321e998cb48e5a6bd73b6e99ec
S044,Tail-30,human_eval/audio/S044/Tail-30/seed0.wav,0,P04,11.52,T044,3723,25,0.8,2,checkpoints/cv3/Tail-30/final.pt,checkpoints/cv3/Tail-30/lora_final,cv3_Tail-30_seed0_S044,ffe89a2817c5c5dd0d467de8bbbe479f7d8a22c80ee401c9b2a297cb097f7928
S044,Tail-SD,human_eval/audio/S044/Tail-SD/seed0.wav,0,P04,11.52,T044,3723,25,0.8,2,checkpoints/cv3/Tail-SD/final.pt,checkpoints/cv3/Tail-SD/lora_final,cv3_Tail-SD_seed0_S044,44da264beacf025f767b63b11e645f20ca01e4713cafef3750ff4464a82c3517
S045,Base,human_eval/audio/S045/Base/seed0.wav,0,P05,11.0,T045,3675,25,0.8,2,checkpoints/cv3/Base/final.pt,checkpoints/cv3/Base/lora_final,cv3_Base_seed0_S045,993922fa4a291f1e6ab08558a9fc6b57ec0b6790afb787d1dd684b2d132930dd
S045,Full-SD,human_eval/audio/S045/Full-SD/seed0.wav,0,P05,11.0,T045,3675,25,0.8,2,checkpoints/cv3/Full-SD/final.pt,checkpoints/cv3/Full-SD/lora_final,cv3_Full-SD_seed0_S045,8d6dc4b13a1dd3605d21dfb7eeb7fd984acd88308d3c2c9efec2aa1e68c2b864
S045,Random-Local,human_eval/audio/S045/Random-Local/seed0.wav,0,P05,11.0,T045,3675,25,0.8,2,checkpoints/cv3/Random-Local/final.pt,checkpoints/cv3/Random-Local/lora_final,cv3_Random-Local_seed0_S045,f2ee8570877479bee2ceee3cba57ac866bdadfbd0566f9b5022da7137441483c
S045,Tail-30,human_eval/audio/S045/Tail-30/seed0.wav,0,P05,11.0,T045,3675,25,0.8,2,checkpoints/cv3/Tail-30/final.pt,checkpoints/cv3/Tail-30/lora_final,cv3_Tail-30_seed0_S045,36ed07ef3b23b2ea78963f579f7a24b15254f87284923e883d16c11f3c4650ed
S045,Tail-SD,human_eval/audio/S045/Tail-SD/seed0.wav,0,P05,11.0,T045,3675,25,0.8,2,checkpoints/cv3/Tail-SD/final.pt,checkpoints/cv3/Tail-SD/lora_final,cv3_Tail-SD_seed0_S045,6698c50347ab00f179ff317e38e16c0f3426748382adaec59e0cb3e9ee8f12a7
S046,Base,human_eval/audio/S046/Base/seed0.wav,0,P06,5.98,T046,3700,25,0.8,2,checkpoints/cv3/Base/final.pt,checkpoints/cv3/Base/lora_final,cv3_Base_seed0_S046,abc27df9354cc351c20facdfb56f4636c4d481b809171a6f82bb69cf44443fed
S046,Full-SD,human_eval/audio/S046/Full-SD/seed0.wav,0,P06,5.98,T046,3700,25,0.8,2,checkpoints/cv3/Full-SD/final.pt,checkpoints/cv3/Full-SD/lora_final,cv3_Full-SD_seed0_S046,bd29cce28cff2048b88e44a7afa2d9f83ccc416a2fe2639e22b46c8ad1ebf316
S046,Random-Local,human_eval/audio/S046/Random-Local/seed0.wav,0,P06,5.98,T046,3700,25,0.8,2,checkpoints/cv3/Random-Local/final.pt,checkpoints/cv3/Random-Local/lora_final,cv3_Random-Local_seed0_S046,b887c4ba4713d299692131e6b205f93194b656863c84ddaa0b9b30b40781fd23
S046,Tail-30,human_eval/audio/S046/Tail-30/seed0.wav,0,P06,5.98,T046,3700,25,0.8,2,checkpoints/cv3/Tail-30/final.pt,checkpoints/cv3/Tail-30/lora_final,cv3_Tail-30_seed0_S046,5ece26d7edd44bd32f91b79e456bfda2238ce362f6e0ac4cb539e836a50e258e
S046,Tail-SD,human_eval/audio/S046/Tail-SD/seed0.wav,0,P06,5.98,T046,3700,25,0.8,2,checkpoints/cv3/Tail-SD/final.pt,checkpoints/cv3/Tail-SD/lora_final,cv3_Tail-SD_seed0_S046,ebf9b42ac3d6e889302cc61b42cb82a6b5222d185d077cf17c697d0fa7346377
S047,Base,human_eval/audio/S047/Base/seed0.wav,0,P07,9.8,T047,3675,25,0.8,2,checkpoints/cv3/Base/final.pt,checkpoints/cv3/Base/lora_final,cv3_Base_seed0_S047,ab6cba2fdafcee9f708a0469b98c26083271642c11d312eb43d6d7c0e3a042fc
S047,Full-SD,human_eval/audio/S047/Full-SD/seed0.wav,0,P07,9.8,T047,3675,25,0.8,2,checkpoints/cv3/Full-SD/final.pt,checkpoints/cv3/Full-SD/lora_final,cv3_Full-SD_seed0_S047,b3f820a702d7d60993208e5ddb62b615b56f28dde04def609ed388fc9ef16b94
S047,Random-Local,human_eval/audio/S047/Random-Local/seed0.wav,0,P07,9.8,T047,3675,25,0.8,2,checkpoints/cv3/Random-Local/final.pt,checkpoints/cv3/Random-Local/lora_final,cv3_Random-Local_seed0_S047,f09e519bd2bdedd27f64bfab7660c2aa42926687ba2c5cdb94aee1b278f2cbb4
S047,Tail-30,human_eval/audio/S047/Tail-30/seed0.wav,0,P07,9.8,T047,3675,25,0.8,2,checkpoints/cv3/Tail-30/final.pt,checkpoints/cv3/Tail-30/lora_final,cv3_Tail-30_seed0_S047,e6342a77c7909f54773a13fea8775b2f8d7f843f70211a5d9b36a3e63cb060f0
S047,Tail-SD,human_eval/audio/S047/Tail-SD/seed0.wav,0,P07,9.8,T047,3675,25,0.8,2,checkpoints/cv3/Tail-SD/final.pt,checkpoints/cv3/Tail-SD/lora_final,cv3_Tail-SD_seed0_S047,84f8d4525493eaccf33f942b1a5df2b2c48be797fb2a0baf86dc380ec36121e5
S048,Base,human_eval/audio/S048/Base/seed0.wav,0,P08,4.32,T048,3696,25,0.8,2,checkpoints/cv3/Base/final.pt,checkpoints/cv3/Base/lora_final,cv3_Base_seed0_S048,b7fec0d081309f14d4bb627607257547ef5b222e90766f24806c952242967316
S048,Full-SD,human_eval/audio/S048/Full-SD/seed0.wav,0,P08,4.32,T048,3696,25,0.8,2,checkpoints/cv3/Full-SD/final.pt,checkpoints/cv3/Full-SD/lora_final,cv3_Full-SD_seed0_S048,b6fa36ec17b5c14535cbce145088cc89b840b947b6ef152924e79846e3bf0042
S048,Random-Local,human_eval/audio/S048/Random-Local/seed0.wav,0,P08,4.32,T048,3696,25,0.8,2,checkpoints/cv3/Random-Local/final.pt,checkpoints/cv3/Random-Local/lora_final,cv3_Random-Local_seed0_S048,92c8ef0883a801a7464ebdb0f40d3a11cf58bba74811f61e2dcdb46824f55c95
S048,Tail-30,human_eval/audio/S048/Tail-30/seed0.wav,0,P08,4.32,T048,3696,25,0.8,2,checkpoints/cv3/Tail-30/final.pt,checkpoints/cv3/Tail-30/lora_final,cv3_Tail-30_seed0_S048,4dc9c24a78a890936f4e54df762a953635e37c0530e79f1ed21e54a4bb33f101
S048,Tail-SD,human_eval/audio/S048/Tail-SD/seed0.wav,0,P08,4.32,T048,3696,25,0.8,2,checkpoints/cv3/Tail-SD/final.pt,checkpoints/cv3/Tail-SD/lora_final,cv3_Tail-SD_seed0_S048,26254593aa5535cc6e95a30697d4653844aad395de72b05fee443de41405b4fc
S049,Base,human_eval/audio/S049/Base/seed0.wav,0,P09,4.09,T049,3666,25,0.8,2,checkpoints/cv3/Base/final.pt,checkpoints/cv3/Base/lora_final,cv3_Base_seed0_S049,f8eeb8690aa561226d5e7a71e9be4e38ca95be0b52f1ac0032061598623fe707
S049,Full-SD,human_eval/audio/S049/Full-SD/seed0.wav,0,P09,4.09,T049,3666,25,0.8,2,checkpoints/cv3/Full-SD/final.pt,checkpoints/cv3/Full-SD/lora_final,cv3_Full-SD_seed0_S049,9198271d4aef3d10b43f06fb548e2f8f6358177765e428ef1ae387dd5489b264
S049,Random-Local,human_eval/audio/S049/Random-Local/seed0.wav,0,P09,4.09,T049,3666,25,0.8,2,checkpoints/cv3/Random-Local/final.pt,checkpoints/cv3/Random-Local/lora_final,cv3_Random-Local_seed0_S049,b4ee4167a7a541e395bbe4eaeb7dad38ee3dd2da70299d559613a2c9958a8c4f
S049,Tail-30,human_eval/audio/S049/Tail-30/seed0.wav,0,P09,4.09,T049,3666,25,0.8,2,checkpoints/cv3/Tail-30/final.pt,checkpoints/cv3/Tail-30/lora_final,cv3_Tail-30_seed0_S049,67b605156c44cd459a6b6b87c1355234a646bad19a82869ebffb57407a943f83
S049,Tail-SD,human_eval/audio/S049/Tail-SD/seed0.wav,0,P09,4.09,T049,3666,25,0.8,2,checkpoints/cv3/Tail-SD/final.pt,checkpoints/cv3/Tail-SD/lora_final,cv3_Tail-SD_seed0_S049,04a7432e9e66da08cc0e3ac95204e6e09db408a848f7ce10d8204ebf5102868a
S050,Base,human_eval/audio/S050/Base/seed0.wav,0,P10,9.87,T050,3652,25,0.8,2,checkpoints/cv3/Base/final.pt,checkpoints/cv3/Base/lora_final,cv3_Base_seed0_S050,8e5b6fe884437aa7f0fffdf004d32b77dea0ff3d4a0bd1a68625eb5b45f6d22d
S050,Full-SD,human_eval/audio/S050/Full-SD/seed0.wav,0,P10,9.87,T050,3652,25,0.8,2,checkpoints/cv3/Full-SD/final.pt,checkpoints/cv3/Full-SD/lora_final,cv3_Full-SD_seed0_S050,d8c65daa3042bba1b0e05c1435f4467b2e44d708f1dd709c64acd0b05c455d30
S050,Random-Local,human_eval/audio/S050/Random-Local/seed0.wav,0,P10,9.87,T050,3652,25,0.8,2,checkpoints/cv3/Random-Local/final.pt,checkpoints/cv3/Random-Local/lora_final,cv3_Random-Local_seed0_S050,4cc31c14314ec4dfbec6cc333c79adc8c863eb0be141811e51381399fc4f28cf
S050,Tail-30,human_eval/audio/S050/Tail-30/seed0.wav,0,P10,9.87,T050,3652,25,0.8,2,checkpoints/cv3/Tail-30/final.pt,checkpoints/cv3/Tail-30/lora_final,cv3_Tail-30_seed0_S050,b5d5e73ef56241a792ecf0f5808a4a12babca2295f0fcbaa02027c2f13001caf
S050,Tail-SD,human_eval/audio/S050/Tail-SD/seed0.wav,0,P10,9.87,T050,3652,25,0.8,2,checkpoints/cv3/Tail-SD/final.pt,checkpoints/cv3/Tail-SD/lora_final,cv3_Tail-SD_seed0_S050,ec01d77329feaf115f449d43f39a4eee188150fd14583bdc00ad3f94327800c3
S051,Base,human_eval/audio/S051/Base/seed0.wav,0,P01,8.48,T051,3726,25,0.8,2,checkpoints/cv3/Base/final.pt,checkpoints/cv3/Base/lora_final,cv3_Base_seed0_S051,c64c3766b3c47a05cc49f58d56284f5f0a875e7f84937b257d3a963737ffb147
S051,Full-SD,human_eval/audio/S051/Full-SD/seed0.wav,0,P01,8.48,T051,3726,25,0.8,2,checkpoints/cv3/Full-SD/final.pt,checkpoints/cv3/Full-SD/lora_final,cv3_Full-SD_seed0_S051,b05ab5237473bc4e5e8be3d2d440b858671ad1b9307ed4a371b5cfb93c3103f3
S051,Random-Local,human_eval/audio/S051/Random-Local/seed0.wav,0,P01,8.48,T051,3726,25,0.8,2,checkpoints/cv3/Random-Local/final.pt,checkpoints/cv3/Random-Local/lora_final,cv3_Random-Local_seed0_S051,5cb4a08b9895d4d3158eb21ee89199e26abfa59e80a591e373fc015bdb6d3376
S051,Tail-30,human_eval/audio/S051/Tail-30/seed0.wav,0,P01,8.48,T051,3726,25,0.8,2,checkpoints/cv3/Tail-30/final.pt,checkpoints/cv3/Tail-30/lora_final,cv3_Tail-30_seed0_S051,cd0f8c3ec88290628609e42fd8f82918c3f59fa0339429edf0e40397d0769ad6
S051,Tail-SD,human_eval/audio/S051/Tail-SD/seed0.wav,0,P01,8.48,T051,3726,25,0.8,2,checkpoints/cv3/Tail-SD/final.pt,checkpoints/cv3/Tail-SD/lora_final,cv3_Tail-SD_seed0_S051,400227e5eee5c6bb7a8d41d90fc6a8e485bc3a99b4f12ddb0864d7675b786e32
S052,Base,human_eval/audio/S052/Base/seed0.wav,0,P02,6.49,T052,3666,25,0.8,2,checkpoints/cv3/Base/final.pt,checkpoints/cv3/Base/lora_final,cv3_Base_seed0_S052,f6b7f2993dc89268c6b558bb4f464042e1975ee092dddeb4fd4b55724ec94400
S052,Full-SD,human_eval/audio/S052/Full-SD/seed0.wav,0,P02,6.49,T052,3666,25,0.8,2,checkpoints/cv3/Full-SD/final.pt,checkpoints/cv3/Full-SD/lora_final,cv3_Full-SD_seed0_S052,1e84510f9e5175885146202b5b390915200826f88837f4485d227da77515429d
S052,Random-Local,human_eval/audio/S052/Random-Local/seed0.wav,0,P02,6.49,T052,3666,25,0.8,2,checkpoints/cv3/Random-Local/final.pt,checkpoints/cv3/Random-Local/lora_final,cv3_Random-Local_seed0_S052,8ec9890381b14a401347c19b87cbe6472c2c72a0a9b36d17f9c7a02fc0ec9d99
S052,Tail-30,human_eval/audio/S052/Tail-30/seed0.wav,0,P02,6.49,T052,3666,25,0.8,2,checkpoints/cv3/Tail-30/final.pt,checkpoints/cv3/Tail-30/lora_final,cv3_Tail-30_seed0_S052,f789eaf919a0d02e613dfec6ca28b731f536091ead3af9e14ce1570f65e659b8
S052,Tail-SD,human_eval/audio/S052/Tail-SD/seed0.wav,0,P02,6.49,T052,3666,25,0.8,2,checkpoints/cv3/Tail-SD/final.pt,checkpoints/cv3/Tail-SD/lora_final,cv3_Tail-SD_seed0_S052,b014c3ea411c236c8e59a584540331b66da6ee3b4b51874b81e21f797c0e1ad2
S053,Base,human_eval/audio/S053/Base/seed0.wav,0,P03,9.59,T053,3666,25,0.8,2,checkpoints/cv3/Base/final.pt,checkpoints/cv3/Base/lora_final,cv3_Base_seed0_S053,12a26b3a8cef54e0f18636aabe806a6587cd19a8228d3469a5045ae058c1e354
S053,Full-SD,human_eval/audio/S053/Full-SD/seed0.wav,0,P03,9.59,T053,3666,25,0.8,2,checkpoints/cv3/Full-SD/final.pt,checkpoints/cv3/Full-SD/lora_final,cv3_Full-SD_seed0_S053,b02b8cf92797a8a27d05362ce00591dd71fc050636d12b190a75d6588e1a76f6
S053,Random-Local,human_eval/audio/S053/Random-Local/seed0.wav,0,P03,9.59,T053,3666,25,0.8,2,checkpoints/cv3/Random-Local/final.pt,checkpoints/cv3/Random-Local/lora_final,cv3_Random-Local_seed0_S053,df9a093e57c93685e39e426c89ad1b40fff582715aef8a467a2702e2c1c02e13
S053,Tail-30,human_eval/audio/S053/Tail-30/seed0.wav,0,P03,9.59,T053,3666,25,0.8,2,checkpoints/cv3/Tail-30/final.pt,checkpoints/cv3/Tail-30/lora_final,cv3_Tail-30_seed0_S053,a370195077368a4e69fd73269c3cdc2249f00b5b8eca87748a8b4135580cb581
S053,Tail-SD,human_eval/audio/S053/Tail-SD/seed0.wav,0,P03,9.59,T053,3666,25,0.8,2,checkpoints/cv3/Tail-SD/final.pt,checkpoints/cv3/Tail-SD/lora_final,cv3_Tail-SD_seed0_S053,55cd9f251217183a7a3e8484d83dddf2c7a247f32f70ac7c8c09d0d7bafc35c6
S054,Base,human_eval/audio/S054/Base/seed0.wav,0,P04,6.74,T054,3652,25,0.8,2,checkpoints/cv3/Base/final.pt,checkpoints/cv3/Base/lora_final,cv3_Base_seed0_S054,a90a1ee70332fda2a2917166defa0c2c6faa882f639e82be2332eccb3443e64c
S054,Full-SD,human_eval/audio/S054/Full-SD/seed0.wav,0,P04,6.74,T054,3652,25,0.8,2,checkpoints/cv3/Full-SD/final.pt,checkpoints/cv3/Full-SD/lora_final,cv3_Full-SD_seed0_S054,fd253b03f48cfb90fde617fd5de543c5f77cd48d594a46b9f86e6b50a3b03397
S054,Random-Local,human_eval/audio/S054/Random-Local/seed0.wav,0,P04,6.74,T054,3652,25,0.8,2,checkpoints/cv3/Random-Local/final.pt,checkpoints/cv3/Random-Local/lora_final,cv3_Random-Local_seed0_S054,8170cc1803b233962e51a300b79781f282e6b065168729c59624a6f39bc3cbd0
S054,Tail-30,human_eval/audio/S054/Tail-30/seed0.wav,0,P04,6.74,T054,3652,25,0.8,2,checkpoints/cv3/Tail-30/final.pt,checkpoints/cv3/Tail-30/lora_final,cv3_Tail-30_seed0_S054,d176bc3b254076225b5f79e24c65502717ef73f85f8ef8837b1b54c1de4020b6
S054,Tail-SD,human_eval/audio/S054/Tail-SD/seed0.wav,0,P04,6.74,T054,3652,25,0.8,2,checkpoints/cv3/Tail-SD/final.pt,checkpoints/cv3/Tail-SD/lora_final,cv3_Tail-SD_seed0_S054,0d7a1efa1dd93b131d7ef364a9b49ebb1c2e6984370dae4f47a7cb173fc43554
S055,Base,human_eval/audio/S055/Base/seed0.wav,0,P05,6.3,T055,3726,25,0.8,2,checkpoints/cv3/Base/final.pt,checkpoints/cv3/Base/lora_final,cv3_Base_seed0_S055,06f2c5f506ff19692be78ab046122fc207eda71c9f3b23c7b16c4ccb8213d5ca
S055,Full-SD,human_eval/audio/S055/Full-SD/seed0.wav,0,P05,6.3,T055,3726,25,0.8,2,checkpoints/cv3/Full-SD/final.pt,checkpoints/cv3/Full-SD/lora_final,cv3_Full-SD_seed0_S055,8f142b4df2733c635dd44d90c72aa145ddc93b88c9727096d792676dad6bf179
S055,Random-Local,human_eval/audio/S055/Random-Local/seed0.wav,0,P05,6.3,T055,3726,25,0.8,2,checkpoints/cv3/Random-Local/final.pt,checkpoints/cv3/Random-Local/lora_final,cv3_Random-Local_seed0_S055,6c3204c6a961a34c8a9c92098a61e256ce9ff5c2ed522063a4f5b099f549b9bf
S055,Tail-30,human_eval/audio/S055/Tail-30/seed0.wav,0,P05,6.3,T055,3726,25,0.8,2,checkpoints/cv3/Tail-30/final.pt,checkpoints/cv3/Tail-30/lora_final,cv3_Tail-30_seed0_S055,0fe9bc820df9daaca8f5851adac1cddb2b1bfd85b0fa1db7781923ec1aa6eefa
S055,Tail-SD,human_eval/audio/S055/Tail-SD/seed0.wav,0,P05,6.3,T055,3726,25,0.8,2,checkpoints/cv3/Tail-SD/final.pt,checkpoints/cv3/Tail-SD/lora_final,cv3_Tail-SD_seed0_S055,c2d1bf7d33b40290e029e404f99ff9e2f5933a6baf947a5cac50631c0f62a252
S056,Base,human_eval/audio/S056/Base/seed0.wav,0,P06,6.29,T056,3652,25,0.8,2,checkpoints/cv3/Base/final.pt,checkpoints/cv3/Base/lora_final,cv3_Base_seed0_S056,f45fe66c9624f1950f4f7af3e36176304af20a3138765a13201caabd907fe2d7
S056,Full-SD,human_eval/audio/S056/Full-SD/seed0.wav,0,P06,6.29,T056,3652,25,0.8,2,checkpoints/cv3/Full-SD/final.pt,checkpoints/cv3/Full-SD/lora_final,cv3_Full-SD_seed0_S056,26ffa19c9081e2d843a2e1fe1242b2c3bfc604b2aa2c30755fb7d4d82c4819ff
S056,Random-Local,human_eval/audio/S056/Random-Local/seed0.wav,0,P06,6.29,T056,3652,25,0.8,2,checkpoints/cv3/Random-Local/final.pt,checkpoints/cv3/Random-Local/lora_final,cv3_Random-Local_seed0_S056,85310c463e3f1a1cfa5a6839315694b68094e658ea5e14868456b87005d208fa
S056,Tail-30,human_eval/audio/S056/Tail-30/seed0.wav,0,P06,6.29,T056,3652,25,0.8,2,checkpoints/cv3/Tail-30/final.pt,checkpoints/cv3/Tail-30/lora_final,cv3_Tail-30_seed0_S056,e8381015e501d7ee42036bca0aaee9c081b378dcd1c2a06c884a68f1dff536fb
S056,Tail-SD,human_eval/audio/S056/Tail-SD/seed0.wav,0,P06,6.29,T056,3652,25,0.8,2,checkpoints/cv3/Tail-SD/final.pt,checkpoints/cv3/Tail-SD/lora_final,cv3_Tail-SD_seed0_S056,380e356a4a29a961c326d1de27a9effa20a241a9aec63ab8cd81488bae212dc7
S057,Base,human_eval/audio/S057/Base/seed0.wav,0,P07,11.32,T057,3690,25,0.8,2,checkpoints/cv3/Base/final.pt,checkpoints/cv3/Base/lora_final,cv3_Base_seed0_S057,78b505deaf9395c074d50bec0a4c3101d3382e827944ef6e399dca8bf197cc1a
S057,Full-SD,human_eval/audio/S057/Full-SD/seed0.wav,0,P07,11.32,T057,3690,25,0.8,2,checkpoints/cv3/Full-SD/final.pt,checkpoints/cv3/Full-SD/lora_final,cv3_Full-SD_seed0_S057,9b76eb4265562a8f641c9c560b1d21b838583f274c2f917866866550f4e2d455
S057,Random-Local,human_eval/audio/S057/Random-Local/seed0.wav,0,P07,11.32,T057,3690,25,0.8,2,checkpoints/cv3/Random-Local/final.pt,checkpoints/cv3/Random-Local/lora_final,cv3_Random-Local_seed0_S057,254690d9623544811b275c7113cf04a2136e08be7affcbaa94358f3ceb5921c8
S057,Tail-30,human_eval/audio/S057/Tail-30/seed0.wav,0,P07,11.32,T057,3690,25,0.8,2,checkpoints/cv3/Tail-30/final.pt,checkpoints/cv3/Tail-30/lora_final,cv3_Tail-30_seed0_S057,b2c0ddb59299ca11ae1b70f112d275b80105569a551d42a59568e3780a91f9c4
S057,Tail-SD,human_eval/audio/S057/Tail-SD/seed0.wav,0,P07,11.32,T057,3690,25,0.8,2,checkpoints/cv3/Tail-SD/final.pt,checkpoints/cv3/Tail-SD/lora_final,cv3_Tail-SD_seed0_S057,aff90ab61b2d664ebac4602711c9726267480873dc5e7c0f36397eb4ea83e637
S058,Base,human_eval/audio/S058/Base/seed0.wav,0,P08,3.18,T058,3726,25,0.8,2,checkpoints/cv3/Base/final.pt,checkpoints/cv3/Base/lora_final,cv3_Base_seed0_S058,224d326fb8479d54d273908d60d1485b1f3b2af13c4c4b1b0098347a8d1f0bcc
S058,Full-SD,human_eval/audio/S058/Full-SD/seed0.wav,0,P08,3.18,T058,3726,25,0.8,2,checkpoints/cv3/Full-SD/final.pt,checkpoints/cv3/Full-SD/lora_final,cv3_Full-SD_seed0_S058,08e7b4c2deac1e071f5750ecb10e41f0b290b4f2ddd324e67772061c41b52063
S058,Random-Local,human_eval/audio/S058/Random-Local/seed0.wav,0,P08,3.18,T058,3726,25,0.8,2,checkpoints/cv3/Random-Local/final.pt,checkpoints/cv3/Random-Local/lora_final,cv3_Random-Local_seed0_S058,f52f39e0fb7cdf0f2c68047f09f13cb21c034676472a22c095a2f283b934b9ad
S058,Tail-30,human_eval/audio/S058/Tail-30/seed0.wav,0,P08,3.18,T058,3726,25,0.8,2,checkpoints/cv3/Tail-30/final.pt,checkpoints/cv3/Tail-30/lora_final,cv3_Tail-30_seed0_S058,dfa01eaf9fb0c7041f7772b042f27e5dccff6de376196b8106eb4320e8f9ad8c
S058,Tail-SD,human_eval/audio/S058/Tail-SD/seed0.wav,0,P08,3.18,T058,3726,25,0.8,2,checkpoints/cv3/Tail-SD/final.pt,checkpoints/cv3/Tail-SD/lora_final,cv3_Tail-SD_seed0_S058,4343a599f26d1075b2c8e92f8244403d36567594db8ef43e72fda4918974ab28
S059,Base,human_eval/audio/S059/Base/seed0.wav,0,P09,5.85,T059,3726,25,0.8,2,checkpoints/cv3/Base/final.pt,checkpoints/cv3/Base/lora_final,cv3_Base_seed0_S059,18ce3fb754e6fcf0f0debb4ad52820b5681556bd97cef4be6096cac6738ffe97
S059,Full-SD,human_eval/audio/S059/Full-SD/seed0.wav,0,P09,5.85,T059,3726,25,0.8,2,checkpoints/cv3/Full-SD/final.pt,checkpoints/cv3/Full-SD/lora_final,cv3_Full-SD_seed0_S059,8611e6c72bfa7927c912c9414fb0d396df1493ca6a97b6ad4e592d26844f0eff
S059,Random-Local,human_eval/audio/S059/Random-Local/seed0.wav,0,P09,5.85,T059,3726,25,0.8,2,checkpoints/cv3/Random-Local/final.pt,checkpoints/cv3/Random-Local/lora_final,cv3_Random-Local_seed0_S059,9f332b53b230e160e45454ac88dd0c7d035bab0303c9c605e51c8a2a9773e2dd
S059,Tail-30,human_eval/audio/S059/Tail-30/seed0.wav,0,P09,5.85,T059,3726,25,0.8,2,checkpoints/cv3/Tail-30/final.pt,checkpoints/cv3/Tail-30/lora_final,cv3_Tail-30_seed0_S059,a42d98d612883b6336b63406eeead06e4e54f910478c90e1b836f75ca57c6132
S059,Tail-SD,human_eval/audio/S059/Tail-SD/seed0.wav,0,P09,5.85,T059,3726,25,0.8,2,checkpoints/cv3/Tail-SD/final.pt,checkpoints/cv3/Tail-SD/lora_final,cv3_Tail-SD_seed0_S059,54ab1c393a40e909a46e5fcb9acd718b2fc4885b94c8c7bcaf369a0b8d7bd241
S060,Base,human_eval/audio/S060/Base/seed0.wav,0,P10,11.47,T060,3713,25,0.8,2,checkpoints/cv3/Base/final.pt,checkpoints/cv3/Base/lora_final,cv3_Base_seed0_S060,526e8a20b3745616dc4cd5916f4ac6464c91a4a83044ce0b8cdf4578de0d69c6
S060,Full-SD,human_eval/audio/S060/Full-SD/seed0.wav,0,P10,11.47,T060,3713,25,0.8,2,checkpoints/cv3/Full-SD/final.pt,checkpoints/cv3/Full-SD/lora_final,cv3_Full-SD_seed0_S060,74afcd7a255a0e9ac34730ccf7c52aae08b859162bc28f3491f66a39abc37177
S060,Random-Local,human_eval/audio/S060/Random-Local/seed0.wav,0,P10,11.47,T060,3713,25,0.8,2,checkpoints/cv3/Random-Local/final.pt,checkpoints/cv3/Random-Local/lora_final,cv3_Random-Local_seed0_S060,77dc095dfa0932517ea663bf547a19bbb0aedae663c56db97b0d2cb6a9c63297
S060,Tail-30,human_eval/audio/S060/Tail-30/seed0.wav,0,P10,11.47,T060,3713,25,0.8,2,checkpoints/cv3/Tail-30/final.pt,checkpoints/cv3/Tail-30/lora_final,cv3_Tail-30_seed0_S060,b4813954be276e4563fd8240270aefa13dd2ec74d1e921be82d1fda77281bec2
S060,Tail-SD,human_eval/audio/S060/Tail-SD/seed0.wav,0,P10,11.47,T060,3713,25,0.8,2,checkpoints/cv3/Tail-SD/final.pt,checkpoints/cv3/Tail-SD/lora_final,cv3_Tail-SD_seed0_S060,147ce2fe63efa2359c89a1c511ec86a5eb1fc2df65248bb5e443a5e8e69ce80f
S061,Base,human_eval/audio/S061/Base/seed0.wav,0,P01,4.16,T061,3696,25,0.8,2,checkpoints/cv3/Base/final.pt,checkpoints/cv3/Base/lora_final,cv3_Base_seed0_S061,59299cd628faf5890c6b4cce2da1e515bf11dcfd5afd361fcbce61bdbf08ae43
S061,Full-SD,human_eval/audio/S061/Full-SD/seed0.wav,0,P01,4.16,T061,3696,25,0.8,2,checkpoints/cv3/Full-SD/final.pt,checkpoints/cv3/Full-SD/lora_final,cv3_Full-SD_seed0_S061,01a9377de6f60c14bb3aaa19653e5b4c34fc7969967137dc73c63f93c4da2317
S061,Random-Local,human_eval/audio/S061/Random-Local/seed0.wav,0,P01,4.16,T061,3696,25,0.8,2,checkpoints/cv3/Random-Local/final.pt,checkpoints/cv3/Random-Local/lora_final,cv3_Random-Local_seed0_S061,19079ceb6363a72076e5ea9ca070a7bcfe89892c5f73cc90645f44edc897e980
S061,Tail-30,human_eval/audio/S061/Tail-30/seed0.wav,0,P01,4.16,T061,3696,25,0.8,2,checkpoints/cv3/Tail-30/final.pt,checkpoints/cv3/Tail-30/lora_final,cv3_Tail-30_seed0_S061,bc8ffbfd92b94948ab8c87fed4d474f67e20184ed2023bf0c92053a3d0bf31dd
S061,Tail-SD,human_eval/audio/S061/Tail-SD/seed0.wav,0,P01,4.16,T061,3696,25,0.8,2,checkpoints/cv3/Tail-SD/final.pt,checkpoints/cv3/Tail-SD/lora_final,cv3_Tail-SD_seed0_S061,15912fee4c3449d46c073aec4b44a5f8bdae2e5c008e52820065d6f876b6e2d6
S062,Base,human_eval/audio/S062/Base/seed0.wav,0,P02,7.17,T062,3696,25,0.8,2,checkpoints/cv3/Base/final.pt,checkpoints/cv3/Base/lora_final,cv3_Base_seed0_S062,5c65e30a83c83b767a3cf92bfb7abb4f5b530164f49b25cdc933ab8167f9eb85
S062,Full-SD,human_eval/audio/S062/Full-SD/seed0.wav,0,P02,7.17,T062,3696,25,0.8,2,checkpoints/cv3/Full-SD/final.pt,checkpoints/cv3/Full-SD/lora_final,cv3_Full-SD_seed0_S062,3893cb9ee239cf4f96d1c5584a9f36100495ab04ad6bcc9bf93ad82e365e7ca8
S062,Random-Local,human_eval/audio/S062/Random-Local/seed0.wav,0,P02,7.17,T062,3696,25,0.8,2,checkpoints/cv3/Random-Local/final.pt,checkpoints/cv3/Random-Local/lora_final,cv3_Random-Local_seed0_S062,5112b3e660742dc5f73c6214f7d32935bec8597eb02aa17786a4e17a0fd86a8e
S062,Tail-30,human_eval/audio/S062/Tail-30/seed0.wav,0,P02,7.17,T062,3696,25,0.8,2,checkpoints/cv3/Tail-30/final.pt,checkpoints/cv3/Tail-30/lora_final,cv3_Tail-30_seed0_S062,aaeb97ab567ba2166949bc0dc0ec301b76b6c199bc53bb030d2acf2fea37f2ee
S062,Tail-SD,human_eval/audio/S062/Tail-SD/seed0.wav,0,P02,7.17,T062,3696,25,0.8,2,checkpoints/cv3/Tail-SD/final.pt,checkpoints/cv3/Tail-SD/lora_final,cv3_Tail-SD_seed0_S062,9623483f3dbd6c9a4ba3bc2a1eb728cd4870f04c97bd171f55cf98984337554a
S063,Base,human_eval/audio/S063/Base/seed0.wav,0,P03,8.7,T063,3698,25,0.8,2,checkpoints/cv3/Base/final.pt,checkpoints/cv3/Base/lora_final,cv3_Base_seed0_S063,a7399b90a6329dc5685999fc2d06378c296fa2e371590b16b458ea0ae465474c
S063,Full-SD,human_eval/audio/S063/Full-SD/seed0.wav,0,P03,8.7,T063,3698,25,0.8,2,checkpoints/cv3/Full-SD/final.pt,checkpoints/cv3/Full-SD/lora_final,cv3_Full-SD_seed0_S063,8eb013b652d04d84fc80e379310ed73a6184f43747c20d3414a8a3060520cd1b
S063,Random-Local,human_eval/audio/S063/Random-Local/seed0.wav,0,P03,8.7,T063,3698,25,0.8,2,checkpoints/cv3/Random-Local/final.pt,checkpoints/cv3/Random-Local/lora_final,cv3_Random-Local_seed0_S063,de38f9fa7246195378db110fa19bca913d03ef7c48852d9dc56fdc2566e9ab1b
S063,Tail-30,human_eval/audio/S063/Tail-30/seed0.wav,0,P03,8.7,T063,3698,25,0.8,2,checkpoints/cv3/Tail-30/final.pt,checkpoints/cv3/Tail-30/lora_final,cv3_Tail-30_seed0_S063,79ed748aa05694309534a9c7b52983b2987cded3af009973db3c39f41ba73e71
S063,Tail-SD,human_eval/audio/S063/Tail-SD/seed0.wav,0,P03,8.7,T063,3698,25,0.8,2,checkpoints/cv3/Tail-SD/final.pt,checkpoints/cv3/Tail-SD/lora_final,cv3_Tail-SD_seed0_S063,eaac24fffa3cafad84b317c9ec8f5af90915227c50a5d20e9f27b2ba1e9de988
S064,Base,human_eval/audio/S064/Base/seed0.wav,0,P04,9.3,T064,3696,25,0.8,2,checkpoints/cv3/Base/final.pt,checkpoints/cv3/Base/lora_final,cv3_Base_seed0_S064,07ace15fafb65685aeb8231a9a50d572bb738f4f0ee3f58278a699ca43b3bfe3
S064,Full-SD,human_eval/audio/S064/Full-SD/seed0.wav,0,P04,9.3,T064,3696,25,0.8,2,checkpoints/cv3/Full-SD/final.pt,checkpoints/cv3/Full-SD/lora_final,cv3_Full-SD_seed0_S064,5aa18cd5b014a4e8885622ffd8082ac89882780971795901cccd42c9c3cefc73
S064,Random-Local,human_eval/audio/S064/Random-Local/seed0.wav,0,P04,9.3,T064,3696,25,0.8,2,checkpoints/cv3/Random-Local/final.pt,checkpoints/cv3/Random-Local/lora_final,cv3_Random-Local_seed0_S064,f0e88ac34ef641f53f32aaf1d594bbf653dc917e35d21a9d28600f74c731d77f
S064,Tail-30,human_eval/audio/S064/Tail-30/seed0.wav,0,P04,9.3,T064,3696,25,0.8,2,checkpoints/cv3/Tail-30/final.pt,checkpoints/cv3/Tail-30/lora_final,cv3_Tail-30_seed0_S064,90dea95b4e4a53b1c2f54674ab51ef368250e772a4543525ad4d83aa5596d79e
S064,Tail-SD,human_eval/audio/S064/Tail-SD/seed0.wav,0,P04,9.3,T064,3696,25,0.8,2,checkpoints/cv3/Tail-SD/final.pt,checkpoints/cv3/Tail-SD/lora_final,cv3_Tail-SD_seed0_S064,65c7a9efd9f0fd365bccce7a26c24c303f5ae7a3da0af9377d45ba598a0ffece
S065,Base,human_eval/audio/S065/Base/seed0.wav,0,P05,5.65,T065,3698,25,0.8,2,checkpoints/cv3/Base/final.pt,checkpoints/cv3/Base/lora_final,cv3_Base_seed0_S065,045968999ae4bb8904589a27896057762add2211420addbc88c287ed31550bc5
S065,Full-SD,human_eval/audio/S065/Full-SD/seed0.wav,0,P05,5.65,T065,3698,25,0.8,2,checkpoints/cv3/Full-SD/final.pt,checkpoints/cv3/Full-SD/lora_final,cv3_Full-SD_seed0_S065,0e3a423c96e07627bbc1bc8ba0d3dafc7cd910e2b9ebcc490e9c358bfdf49f58
S065,Random-Local,human_eval/audio/S065/Random-Local/seed0.wav,0,P05,5.65,T065,3698,25,0.8,2,checkpoints/cv3/Random-Local/final.pt,checkpoints/cv3/Random-Local/lora_final,cv3_Random-Local_seed0_S065,7a9b6025aec4a1932d3f6bdd97f76a6d37c90bd6393354789ab077ff6679f2e1
S065,Tail-30,human_eval/audio/S065/Tail-30/seed0.wav,0,P05,5.65,T065,3698,25,0.8,2,checkpoints/cv3/Tail-30/final.pt,checkpoints/cv3/Tail-30/lora_final,cv3_Tail-30_seed0_S065,657a3cff0a0696f1ce35a90092f46e311147b6af99fc2935499c321391e3a606
S065,Tail-SD,human_eval/audio/S065/Tail-SD/seed0.wav,0,P05,5.65,T065,3698,25,0.8,2,checkpoints/cv3/Tail-SD/final.pt,checkpoints/cv3/Tail-SD/lora_final,cv3_Tail-SD_seed0_S065,90ecb67e3bffb99c536bc70e54e2d029bf1265f01d71970991ff18f8d7b5020b
S066,Base,human_eval/audio/S066/Base/seed0.wav,0,P06,8.13,T066,3698,25,0.8,2,checkpoints/cv3/Base/final.pt,checkpoints/cv3/Base/lora_final,cv3_Base_seed0_S066,006cc2d37473aab713df6b1afe4a783815c576f9f84652b53110160e9c56bfb6
S066,Full-SD,human_eval/audio/S066/Full-SD/seed0.wav,0,P06,8.13,T066,3698,25,0.8,2,checkpoints/cv3/Full-SD/final.pt,checkpoints/cv3/Full-SD/lora_final,cv3_Full-SD_seed0_S066,5675110c08a22ec5aa9cae0069da6fec3ca3c89b49bff9c8b469ada06f98c701
S066,Random-Local,human_eval/audio/S066/Random-Local/seed0.wav,0,P06,8.13,T066,3698,25,0.8,2,checkpoints/cv3/Random-Local/final.pt,checkpoints/cv3/Random-Local/lora_final,cv3_Random-Local_seed0_S066,cc5c753892121c65d81b16d8d7aade2ca1d720dae37eb51c7132d63326851800
S066,Tail-30,human_eval/audio/S066/Tail-30/seed0.wav,0,P06,8.13,T066,3698,25,0.8,2,checkpoints/cv3/Tail-30/final.pt,checkpoints/cv3/Tail-30/lora_final,cv3_Tail-30_seed0_S066,d475b05e88c2d014e5b1aa731fefa1c35df356980ddc6294448efb583eca0175
S066,Tail-SD,human_eval/audio/S066/Tail-SD/seed0.wav,0,P06,8.13,T066,3698,25,0.8,2,checkpoints/cv3/Tail-SD/final.pt,checkpoints/cv3/Tail-SD/lora_final,cv3_Tail-SD_seed0_S066,d2c2649f4c623c9d631a8acf9699806742540aab353c84d72246d46462412131
S067,Base,human_eval/audio/S067/Base/seed0.wav,0,P07,10.55,T067,3696,25,0.8,2,checkpoints/cv3/Base/final.pt,checkpoints/cv3/Base/lora_final,cv3_Base_seed0_S067,1fca9b43be013dd01e47e8eb38e379be834eab86f3592e6c9e3928d969cca27d
S067,Full-SD,human_eval/audio/S067/Full-SD/seed0.wav,0,P07,10.55,T067,3696,25,0.8,2,checkpoints/cv3/Full-SD/final.pt,checkpoints/cv3/Full-SD/lora_final,cv3_Full-SD_seed0_S067,8c752d93d54a2346504277408a6ece090b9b934a392f39e3143ef4530f1997da
S067,Random-Local,human_eval/audio/S067/Random-Local/seed0.wav,0,P07,10.55,T067,3696,25,0.8,2,checkpoints/cv3/Random-Local/final.pt,checkpoints/cv3/Random-Local/lora_final,cv3_Random-Local_seed0_S067,408fb7dfba73c3eb9765674ccde195c39ec0d10cc78d7df9979f7f415940f076
S067,Tail-30,human_eval/audio/S067/Tail-30/seed0.wav,0,P07,10.55,T067,3696,25,0.8,2,checkpoints/cv3/Tail-30/final.pt,checkpoints/cv3/Tail-30/lora_final,cv3_Tail-30_seed0_S067,9a836b8280a97c5acfaf7e69f321f1161b7d8989a05b3908535e498bc8ee37a7
S067,Tail-SD,human_eval/audio/S067/Tail-SD/seed0.wav,0,P07,10.55,T067,3696,25,0.8,2,checkpoints/cv3/Tail-SD/final.pt,checkpoints/cv3/Tail-SD/lora_final,cv3_Tail-SD_seed0_S067,e72cdc5e7140e6e305c188cc1e7aff5921fa9401cbebd52c93771a4c44a65fb6
S068,Base,human_eval/audio/S068/Base/seed0.wav,0,P08,9.91,T068,3696,25,0.8,2,checkpoints/cv3/Base/final.pt,checkpoints/cv3/Base/lora_final,cv3_Base_seed0_S068,d45c81787a8d6397396d1aa3ca78cb7c767e137bd153eb250bfd921eb1b0fd13
S068,Full-SD,human_eval/audio/S068/Full-SD/seed0.wav,0,P08,9.91,T068,3696,25,0.8,2,checkpoints/cv3/Full-SD/final.pt,checkpoints/cv3/Full-SD/lora_final,cv3_Full-SD_seed0_S068,cdbb8eb72383248de092c416b186bcfda5e74c7375a664b079530791005ccb19
S068,Random-Local,human_eval/audio/S068/Random-Local/seed0.wav,0,P08,9.91,T068,3696,25,0.8,2,checkpoints/cv3/Random-Local/final.pt,checkpoints/cv3/Random-Local/lora_final,cv3_Random-Local_seed0_S068,41e6b90fd3495a88ef957b8653a976b533c6ed967f56c5f09c60135392946069
S068,Tail-30,human_eval/audio/S068/Tail-30/seed0.wav,0,P08,9.91,T068,3696,25,0.8,2,checkpoints/cv3/Tail-30/final.pt,checkpoints/cv3/Tail-30/lora_final,cv3_Tail-30_seed0_S068,ad6274cbff8a957f6d84c91923785474a543ad2985a7b7f5a0689a7ebc7ca4df
S068,Tail-SD,human_eval/audio/S068/Tail-SD/seed0.wav,0,P08,9.91,T068,3696,25,0.8,2,checkpoints/cv3/Tail-SD/final.pt,checkpoints/cv3/Tail-SD/lora_final,cv3_Tail-SD_seed0_S068,e114b57df1f31e4d1215538cb3b96a7dfa6eb830db3ef7fd31173313d3bd3710
S069,Base,human_eval/audio/S069/Base/seed0.wav,0,P09,6.71,T069,3696,25,0.8,2,checkpoints/cv3/Base/final.pt,checkpoints/cv3/Base/lora_final,cv3_Base_seed0_S069,bfd28d63bddd5820429be89690be5a54fa83a6ae56d4c0e396cb8445606bbfa1
S069,Full-SD,human_eval/audio/S069/Full-SD/seed0.wav,0,P09,6.71,T069,3696,25,0.8,2,checkpoints/cv3/Full-SD/final.pt,checkpoints/cv3/Full-SD/lora_final,cv3_Full-SD_seed0_S069,96123813891a1dbd29a135b2d8fefd4d060102425700fa2de74d14715c8f801d
S069,Random-Local,human_eval/audio/S069/Random-Local/seed0.wav,0,P09,6.71,T069,3696,25,0.8,2,checkpoints/cv3/Random-Local/final.pt,checkpoints/cv3/Random-Local/lora_final,cv3_Random-Local_seed0_S069,2de0b2d833b7fb181a3701caf856e3f3bae7bb78907eb1e24c327bfa88d1434f
S069,Tail-30,human_eval/audio/S069/Tail-30/seed0.wav,0,P09,6.71,T069,3696,25,0.8,2,checkpoints/cv3/Tail-30/final.pt,checkpoints/cv3/Tail-30/lora_final,cv3_Tail-30_seed0_S069,86f66b12e7cd118940f13e4fc8eee3638d954370e6a4a0e5d99f0964970c8430
S069,Tail-SD,human_eval/audio/S069/Tail-SD/seed0.wav,0,P09,6.71,T069,3696,25,0.8,2,checkpoints/cv3/Tail-SD/final.pt,checkpoints/cv3/Tail-SD/lora_final,cv3_Tail-SD_seed0_S069,657bb6a59a362b2aa669cccb322061a6dd94ab8bb45b37cfe62b8915c727b326
S070,Base,human_eval/audio/S070/Base/seed0.wav,0,P10,5.2,T070,3698,25,0.8,2,checkpoints/cv3/Base/final.pt,checkpoints/cv3/Base/lora_final,cv3_Base_seed0_S070,c380f2d9cfcd5f701cd634034a98303e4bec830a29c1e25ddd1232e90f6f227c
S070,Full-SD,human_eval/audio/S070/Full-SD/seed0.wav,0,P10,5.2,T070,3698,25,0.8,2,checkpoints/cv3/Full-SD/final.pt,checkpoints/cv3/Full-SD/lora_final,cv3_Full-SD_seed0_S070,d26a73e2367c9aec8815e6e5fa87c11d5e861c1f2e8310ca52c66a5ba18790a7
S070,Random-Local,human_eval/audio/S070/Random-Local/seed0.wav,0,P10,5.2,T070,3698,25,0.8,2,checkpoints/cv3/Random-Local/final.pt,checkpoints/cv3/Random-Local/lora_final,cv3_Random-Local_seed0_S070,cab9ba349a405f99a438a8b08f26c0fbb0e9ded5876680ba981fa6b6184a537b
S070,Tail-30,human_eval/audio/S070/Tail-30/seed0.wav,0,P10,5.2,T070,3698,25,0.8,2,checkpoints/cv3/Tail-30/final.pt,checkpoints/cv3/Tail-30/lora_final,cv3_Tail-30_seed0_S070,1f82ee2326fff2a75885991764a65bb2f3aef554f9af6a43656e66f0e05b1a22
S070,Tail-SD,human_eval/audio/S070/Tail-SD/seed0.wav,0,P10,5.2,T070,3698,25,0.8,2,checkpoints/cv3/Tail-SD/final.pt,checkpoints/cv3/Tail-SD/lora_final,cv3_Tail-SD_seed0_S070,09bb5940a49cd270cf1218af3feeaeb5f2af238e31fe1d7649a87c82f17a955f
S071,Base,human_eval/audio/S071/Base/seed0.wav,0,P01,10.93,T071,3696,25,0.8,2,checkpoints/cv3/Base/final.pt,checkpoints/cv3/Base/lora_final,cv3_Base_seed0_S071,43536ffe22788b4467277e8ccd1f19aa676e12110279c237f6d9b66c0b770cd6
S071,Full-SD,human_eval/audio/S071/Full-SD/seed0.wav,0,P01,10.93,T071,3696,25,0.8,2,checkpoints/cv3/Full-SD/final.pt,checkpoints/cv3/Full-SD/lora_final,cv3_Full-SD_seed0_S071,3c8a227d5bbca7214b6d2cbf72ebfc89b28835d2a229419a55a79106d9aa7ef4
S071,Random-Local,human_eval/audio/S071/Random-Local/seed0.wav,0,P01,10.93,T071,3696,25,0.8,2,checkpoints/cv3/Random-Local/final.pt,checkpoints/cv3/Random-Local/lora_final,cv3_Random-Local_seed0_S071,1b3eb12192280d3a72f904ea6c65af8ed093869c80211f980ab7a493ba47b067
S071,Tail-30,human_eval/audio/S071/Tail-30/seed0.wav,0,P01,10.93,T071,3696,25,0.8,2,checkpoints/cv3/Tail-30/final.pt,checkpoints/cv3/Tail-30/lora_final,cv3_Tail-30_seed0_S071,a1f8faaddb2714e4c12ca77b01fddec5918fc1d9fa85ca4c20f2267fa1a27443
S071,Tail-SD,human_eval/audio/S071/Tail-SD/seed0.wav,0,P01,10.93,T071,3696,25,0.8,2,checkpoints/cv3/Tail-SD/final.pt,checkpoints/cv3/Tail-SD/lora_final,cv3_Tail-SD_seed0_S071,112683a192ecba0f60c4cf9782b50d795bd7dd7d18d03381bf883397a4d65f94
S072,Base,human_eval/audio/S072/Base/seed0.wav,0,P02,10.82,T072,3696,25,0.8,2,checkpoints/cv3/Base/final.pt,checkpoints/cv3/Base/lora_final,cv3_Base_seed0_S072,6229f97b33d6053e0f90b34c878680e4cc423926947ca7c589a14073130a37d3
S072,Full-SD,human_eval/audio/S072/Full-SD/seed0.wav,0,P02,10.82,T072,3696,25,0.8,2,checkpoints/cv3/Full-SD/final.pt,checkpoints/cv3/Full-SD/lora_final,cv3_Full-SD_seed0_S072,cdf73c7b47fbb1532429a93142554232c5d731aff2e7576bebfc29d52e50a2a9
S072,Random-Local,human_eval/audio/S072/Random-Local/seed0.wav,0,P02,10.82,T072,3696,25,0.8,2,checkpoints/cv3/Random-Local/final.pt,checkpoints/cv3/Random-Local/lora_final,cv3_Random-Local_seed0_S072,254f2f36da336d2d1d6a90f0647d007b55a635eba8fc621eb0abe6b4336beb88
S072,Tail-30,human_eval/audio/S072/Tail-30/seed0.wav,0,P02,10.82,T072,3696,25,0.8,2,checkpoints/cv3/Tail-30/final.pt,checkpoints/cv3/Tail-30/lora_final,cv3_Tail-30_seed0_S072,dda6ef4ab0afc4360d29e86608cd4c8b67493d59514cc6e3d75bcbc725a61726
S072,Tail-SD,human_eval/audio/S072/Tail-SD/seed0.wav,0,P02,10.82,T072,3696,25,0.8,2,checkpoints/cv3/Tail-SD/final.pt,checkpoints/cv3/Tail-SD/lora_final,cv3_Tail-SD_seed0_S072,b5c379b90f2de75587e13db93c1b74c84222df001370aefb91771516819a42e5
S073,Base,human_eval/audio/S073/Base/seed0.wav,0,P03,4.82,T073,3648,25,0.8,2,checkpoints/cv3/Base/final.pt,checkpoints/cv3/Base/lora_final,cv3_Base_seed0_S073,029ad4a679f56fb3cd6ea82170b0d1233bc2d3a1f3fd7d0d5d71c3e2aec9de0f
S073,Full-SD,human_eval/audio/S073/Full-SD/seed0.wav,0,P03,4.82,T073,3648,25,0.8,2,checkpoints/cv3/Full-SD/final.pt,checkpoints/cv3/Full-SD/lora_final,cv3_Full-SD_seed0_S073,58375f9b3e572f329ad9cdf2fd6a59a337c47b03ab776c383cd20460d6de9c06
S073,Random-Local,human_eval/audio/S073/Random-Local/seed0.wav,0,P03,4.82,T073,3648,25,0.8,2,checkpoints/cv3/Random-Local/final.pt,checkpoints/cv3/Random-Local/lora_final,cv3_Random-Local_seed0_S073,ac0230b6a88eb00bef659239621d9c5dab10c3c6d652c069a5c68e42d6961bb6
S073,Tail-30,human_eval/audio/S073/Tail-30/seed0.wav,0,P03,4.82,T073,3648,25,0.8,2,checkpoints/cv3/Tail-30/final.pt,checkpoints/cv3/Tail-30/lora_final,cv3_Tail-30_seed0_S073,1e2ce1fcf65f84388121646a288be8b16137386897614a4f2274bf942ca11c54
S073,Tail-SD,human_eval/audio/S073/Tail-SD/seed0.wav,0,P03,4.82,T073,3648,25,0.8,2,checkpoints/cv3/Tail-SD/final.pt,checkpoints/cv3/Tail-SD/lora_final,cv3_Tail-SD_seed0_S073,25233426a2828bc277e939b3955efd2b3df6bc5445239e613ee344a47936fe0f
S074,Base,human_eval/audio/S074/Base/seed0.wav,0,P04,8.12,T074,3680,25,0.8,2,checkpoints/cv3/Base/final.pt,checkpoints/cv3/Base/lora_final,cv3_Base_seed0_S074,aeedb4f58d7641e23aa6ed9aee535dc707d9f029b25e1ed87af7aa09ff07a7d4
S074,Full-SD,human_eval/audio/S074/Full-SD/seed0.wav,0,P04,8.12,T074,3680,25,0.8,2,checkpoints/cv3/Full-SD/final.pt,checkpoints/cv3/Full-SD/lora_final,cv3_Full-SD_seed0_S074,ccd6f285d30b4c6d332f6c86d454e96ad17b9fdf27f2004f6ed7830bc2cf9154
S074,Random-Local,human_eval/audio/S074/Random-Local/seed0.wav,0,P04,8.12,T074,3680,25,0.8,2,checkpoints/cv3/Random-Local/final.pt,checkpoints/cv3/Random-Local/lora_final,cv3_Random-Local_seed0_S074,0e9f74ed316b564bfc8d13ae75b0b15274c0c01a8bd7cb7d85292d74706148e0
S074,Tail-30,human_eval/audio/S074/Tail-30/seed0.wav,0,P04,8.12,T074,3680,25,0.8,2,checkpoints/cv3/Tail-30/final.pt,checkpoints/cv3/Tail-30/lora_final,cv3_Tail-30_seed0_S074,e235169ec51b29feceab03d8b2ba04cb144c058718d3915502ebabcc2e80957f
S074,Tail-SD,human_eval/audio/S074/Tail-SD/seed0.wav,0,P04,8.12,T074,3680,25,0.8,2,checkpoints/cv3/Tail-SD/final.pt,checkpoints/cv3/Tail-SD/lora_final,cv3_Tail-SD_seed0_S074,6325b8ae6c1914f1137b4cb6c886e8447a9f330e6aac6e5cd5c518b0d66df871
S075,Base,human_eval/audio/S075/Base/seed0.wav,0,P05,7.67,T075,3680,25,0.8,2,checkpoints/cv3/Base/final.pt,checkpoints/cv3/Base/lora_final,cv3_Base_seed0_S075,c96d9a7fc242b00eb5329128dbc05bcdcedaeccec21c0cf17a764baee1594abd
S075,Full-SD,human_eval/audio/S075/Full-SD/seed0.wav,0,P05,7.67,T075,3680,25,0.8,2,checkpoints/cv3/Full-SD/final.pt,checkpoints/cv3/Full-SD/lora_final,cv3_Full-SD_seed0_S075,e4851757cab266080d14ee906ad5554a0f0f24153de826aa128d417df393ec37
S075,Random-Local,human_eval/audio/S075/Random-Local/seed0.wav,0,P05,7.67,T075,3680,25,0.8,2,checkpoints/cv3/Random-Local/final.pt,checkpoints/cv3/Random-Local/lora_final,cv3_Random-Local_seed0_S075,fd8a4f2ceb7dcec0539d649cb7f21d75f7c6bbad0289a606041b2111ecc065e1
S075,Tail-30,human_eval/audio/S075/Tail-30/seed0.wav,0,P05,7.67,T075,3680,25,0.8,2,checkpoints/cv3/Tail-30/final.pt,checkpoints/cv3/Tail-30/lora_final,cv3_Tail-30_seed0_S075,601f60230db66a978839f350a489ad3d5089fad4ee19a269a087301e0546119c
S075,Tail-SD,human_eval/audio/S075/Tail-SD/seed0.wav,0,P05,7.67,T075,3680,25,0.8,2,checkpoints/cv3/Tail-SD/final.pt,checkpoints/cv3/Tail-SD/lora_final,cv3_Tail-SD_seed0_S075,08ba0127b56097200379a27bb714341fdeaa97b77321a35caca32105c8c97112
S076,Base,human_eval/audio/S076/Base/seed0.wav,0,P06,4.35,T076,3705,25,0.8,2,checkpoints/cv3/Base/final.pt,checkpoints/cv3/Base/lora_final,cv3_Base_seed0_S076,4ca565139c7bfc343a6af31ade387bab666d404e73909cd13dec97db57531dc7
S076,Full-SD,human_eval/audio/S076/Full-SD/seed0.wav,0,P06,4.35,T076,3705,25,0.8,2,checkpoints/cv3/Full-SD/final.pt,checkpoints/cv3/Full-SD/lora_final,cv3_Full-SD_seed0_S076,eb16ec72b522ebea6dac9b14df6833301ca819942c4196d4e6abfeb375cbcb25
S076,Random-Local,human_eval/audio/S076/Random-Local/seed0.wav,0,P06,4.35,T076,3705,25,0.8,2,checkpoints/cv3/Random-Local/final.pt,checkpoints/cv3/Random-Local/lora_final,cv3_Random-Local_seed0_S076,37b776d927cfd3ec6790350e87025ffa60958b313ac21a12cddeb0c8e6591985
S076,Tail-30,human_eval/audio/S076/Tail-30/seed0.wav,0,P06,4.35,T076,3705,25,0.8,2,checkpoints/cv3/Tail-30/final.pt,checkpoints/cv3/Tail-30/lora_final,cv3_Tail-30_seed0_S076,dd02f71aed0a53df8598bda13c90eb2a9020375852ac678b2a0aad8e76567a2d
S076,Tail-SD,human_eval/audio/S076/Tail-SD/seed0.wav,0,P06,4.35,T076,3705,25,0.8,2,checkpoints/cv3/Tail-SD/final.pt,checkpoints/cv3/Tail-SD/lora_final,cv3_Tail-SD_seed0_S076,cb9fc3179d49b207a414a7aa5fa7dc24e6ef84b16adbefba412292ea6b1aaeb0
S077,Base,human_eval/audio/S077/Base/seed0.wav,0,P07,6.65,T077,3666,25,0.8,2,checkpoints/cv3/Base/final.pt,checkpoints/cv3/Base/lora_final,cv3_Base_seed0_S077,1e4dcd2f940e6f54e7c74cc05ace27da93354775fc6e17e05ca285377db27f4e
S077,Full-SD,human_eval/audio/S077/Full-SD/seed0.wav,0,P07,6.65,T077,3666,25,0.8,2,checkpoints/cv3/Full-SD/final.pt,checkpoints/cv3/Full-SD/lora_final,cv3_Full-SD_seed0_S077,9f5c6fd3c24163d5f77ddfe71177060d20f240100574b43707422bb03d95cc02
S077,Random-Local,human_eval/audio/S077/Random-Local/seed0.wav,0,P07,6.65,T077,3666,25,0.8,2,checkpoints/cv3/Random-Local/final.pt,checkpoints/cv3/Random-Local/lora_final,cv3_Random-Local_seed0_S077,1cb7a70210c353f346b0d57735c5df8b131c494e8846c68b016c1f1200ea779c
S077,Tail-30,human_eval/audio/S077/Tail-30/seed0.wav,0,P07,6.65,T077,3666,25,0.8,2,checkpoints/cv3/Tail-30/final.pt,checkpoints/cv3/Tail-30/lora_final,cv3_Tail-30_seed0_S077,063783cd11cb48c079f9e6f3255a34aa8fc60fc29e67029c39d5278ddd828899
S077,Tail-SD,human_eval/audio/S077/Tail-SD/seed0.wav,0,P07,6.65,T077,3666,25,0.8,2,checkpoints/cv3/Tail-SD/final.pt,checkpoints/cv3/Tail-SD/lora_final,cv3_Tail-SD_seed0_S077,155e613fe3cba4510c48c67e034b60e6136c96297037a9568b895a57aefe7a3a
S078,Base,human_eval/audio/S078/Base/seed0.wav,0,P08,11.52,T078,3705,25,0.8,2,checkpoints/cv3/Base/final.pt,checkpoints/cv3/Base/lora_final,cv3_Base_seed0_S078,e79b1377b9d96c7f5b976cbe8e2ea1f68b3e975b6032a7ba5775e86bbb69819a
S078,Full-SD,human_eval/audio/S078/Full-SD/seed0.wav,0,P08,11.52,T078,3705,25,0.8,2,checkpoints/cv3/Full-SD/final.pt,checkpoints/cv3/Full-SD/lora_final,cv3_Full-SD_seed0_S078,2ba3155ee0a7e7b2af827c4804e5a179020a33b68ff06756a4ea2c49460561d3
S078,Random-Local,human_eval/audio/S078/Random-Local/seed0.wav,0,P08,11.52,T078,3705,25,0.8,2,checkpoints/cv3/Random-Local/final.pt,checkpoints/cv3/Random-Local/lora_final,cv3_Random-Local_seed0_S078,6776e813cdc98a0f7e0f3686bb5b60df96cd6c366a2f3d56360bf81630582715
S078,Tail-30,human_eval/audio/S078/Tail-30/seed0.wav,0,P08,11.52,T078,3705,25,0.8,2,checkpoints/cv3/Tail-30/final.pt,checkpoints/cv3/Tail-30/lora_final,cv3_Tail-30_seed0_S078,1c758a29d47db7201329f1fcb61acbe11259544a86aab2d3d401fd99242c622e
S078,Tail-SD,human_eval/audio/S078/Tail-SD/seed0.wav,0,P08,11.52,T078,3705,25,0.8,2,checkpoints/cv3/Tail-SD/final.pt,checkpoints/cv3/Tail-SD/lora_final,cv3_Tail-SD_seed0_S078,b8041b93193793162233cc59aae77aa07dbe27198f01f22bb9ec440a10ab9b41
S079,Base,human_eval/audio/S079/Base/seed0.wav,0,P09,5.08,T079,3648,25,0.8,2,checkpoints/cv3/Base/final.pt,checkpoints/cv3/Base/lora_final,cv3_Base_seed0_S079,5d2dd70af54da19c76a9b880b796c31777b096657d15d6affcd989e2f6612e77
S079,Full-SD,human_eval/audio/S079/Full-SD/seed0.wav,0,P09,5.08,T079,3648,25,0.8,2,checkpoints/cv3/Full-SD/final.pt,checkpoints/cv3/Full-SD/lora_final,cv3_Full-SD_seed0_S079,e8f40fe471a10222848d261ec4f038f6287870139c98c6c5345cea55b806f3c2
S079,Random-Local,human_eval/audio/S079/Random-Local/seed0.wav,0,P09,5.08,T079,3648,25,0.8,2,checkpoints/cv3/Random-Local/final.pt,checkpoints/cv3/Random-Local/lora_final,cv3_Random-Local_seed0_S079,763d5ced95dc89a6aecc93186bb1a49e4d0be37ca4f7de11c1140837c38c6a5d
S079,Tail-30,human_eval/audio/S079/Tail-30/seed0.wav,0,P09,5.08,T079,3648,25,0.8,2,checkpoints/cv3/Tail-30/final.pt,checkpoints/cv3/Tail-30/lora_final,cv3_Tail-30_seed0_S079,8f65da47e5c975e4368bbb089e8422a0c4ab5a69d1218183125fdc85a0c02b62
S079,Tail-SD,human_eval/audio/S079/Tail-SD/seed0.wav,0,P09,5.08,T079,3648,25,0.8,2,checkpoints/cv3/Tail-SD/final.pt,checkpoints/cv3/Tail-SD/lora_final,cv3_Tail-SD_seed0_S079,93717e85cd9a2053654b9ba373b755883e18666d28915d2edd48b1d65827f144
S080,Base,human_eval/audio/S080/Base/seed0.wav,0,P10,11.49,T080,3680,25,0.8,2,checkpoints/cv3/Base/final.pt,checkpoints/cv3/Base/lora_final,cv3_Base_seed0_S080,bb911b80d3af4e456db62238a5ebcd626bb7f61d834ce7cc4656a446d369ae4d
S080,Full-SD,human_eval/audio/S080/Full-SD/seed0.wav,0,P10,11.49,T080,3680,25,0.8,2,checkpoints/cv3/Full-SD/final.pt,checkpoints/cv3/Full-SD/lora_final,cv3_Full-SD_seed0_S080,4d6abe64a0994aaf26a0a14493a996bd4e2907d71cd62817236c217c93cb7994
S080,Random-Local,human_eval/audio/S080/Random-Local/seed0.wav,0,P10,11.49,T080,3680,25,0.8,2,checkpoints/cv3/Random-Local/final.pt,checkpoints/cv3/Random-Local/lora_final,cv3_Random-Local_seed0_S080,de9ad6f07ee08f9a0190586e8d8133cc10029d00782c0d243a7b2dffe73d6ab3
S080,Tail-30,human_eval/audio/S080/Tail-30/seed0.wav,0,P10,11.49,T080,3680,25,0.8,2,checkpoints/cv3/Tail-30/final.pt,checkpoints/cv3/Tail-30/lora_final,cv3_Tail-30_seed0_S080,e1472380a96dc044297a2ecdfb03bddb2f8f30804c963a3b57cd1a4d019269cb
S080,Tail-SD,human_eval/audio/S080/Tail-SD/seed0.wav,0,P10,11.49,T080,3680,25,0.8,2,checkpoints/cv3/Tail-SD/final.pt,checkpoints/cv3/Tail-SD/lora_final,cv3_Tail-SD_seed0_S080,1dfaed9386169dda74ed2311b8b5c9c69c96cf4ad3250c1921d96a0c5698159c
S081,Base,human_eval/audio/S081/Base/seed0.wav,0,P01,11.53,T081,3705,25,0.8,2,checkpoints/cv3/Base/final.pt,checkpoints/cv3/Base/lora_final,cv3_Base_seed0_S081,22181167fd04179cf2942517d1e75b4a2538ef80af1f916482be67e4a460b7d4
S081,Full-SD,human_eval/audio/S081/Full-SD/seed0.wav,0,P01,11.53,T081,3705,25,0.8,2,checkpoints/cv3/Full-SD/final.pt,checkpoints/cv3/Full-SD/lora_final,cv3_Full-SD_seed0_S081,0095666789aac32e3f8baf7b23ec0b6535747646ecac7ab61639966cc2e05ec5
S081,Random-Local,human_eval/audio/S081/Random-Local/seed0.wav,0,P01,11.53,T081,3705,25,0.8,2,checkpoints/cv3/Random-Local/final.pt,checkpoints/cv3/Random-Local/lora_final,cv3_Random-Local_seed0_S081,13aedb10fc5f35ce5743acc84d4aacec86e5b954eef197eb59d3c593504f9550
S081,Tail-30,human_eval/audio/S081/Tail-30/seed0.wav,0,P01,11.53,T081,3705,25,0.8,2,checkpoints/cv3/Tail-30/final.pt,checkpoints/cv3/Tail-30/lora_final,cv3_Tail-30_seed0_S081,8c2c2a30cd2f1cdf2d7340dfaf73847aa5c31ed0df73a989962ec9bfde08583c
S081,Tail-SD,human_eval/audio/S081/Tail-SD/seed0.wav,0,P01,11.53,T081,3705,25,0.8,2,checkpoints/cv3/Tail-SD/final.pt,checkpoints/cv3/Tail-SD/lora_final,cv3_Tail-SD_seed0_S081,680730247b762a990cd86510a73d4b2dafce36c2533716ba565c0aff66d510bb
S082,Base,human_eval/audio/S082/Base/seed0.wav,0,P02,8.37,T082,3666,25,0.8,2,checkpoints/cv3/Base/final.pt,checkpoints/cv3/Base/lora_final,cv3_Base_seed0_S082,96e878a29697047329d83cff4fc75ab43250227601255587f97ddbaf51310f7b
S082,Full-SD,human_eval/audio/S082/Full-SD/seed0.wav,0,P02,8.37,T082,3666,25,0.8,2,checkpoints/cv3/Full-SD/final.pt,checkpoints/cv3/Full-SD/lora_final,cv3_Full-SD_seed0_S082,0d097503743f4afb78c09530b67dbd96ae25d6efc2dd38ed14f8a8361704fb4a
S082,Random-Local,human_eval/audio/S082/Random-Local/seed0.wav,0,P02,8.37,T082,3666,25,0.8,2,checkpoints/cv3/Random-Local/final.pt,checkpoints/cv3/Random-Local/lora_final,cv3_Random-Local_seed0_S082,5ceeafd8153e1d93999a2613f4554dbedb5204385bedb4e3fb2b3ad994e753c0
S082,Tail-30,human_eval/audio/S082/Tail-30/seed0.wav,0,P02,8.37,T082,3666,25,0.8,2,checkpoints/cv3/Tail-30/final.pt,checkpoints/cv3/Tail-30/lora_final,cv3_Tail-30_seed0_S082,8e21afc38817a25feca085dcc5fbe5ce920db34aafe65895d6f239782c326a47
S082,Tail-SD,human_eval/audio/S082/Tail-SD/seed0.wav,0,P02,8.37,T082,3666,25,0.8,2,checkpoints/cv3/Tail-SD/final.pt,checkpoints/cv3/Tail-SD/lora_final,cv3_Tail-SD_seed0_S082,9741aa5eea4ac376185d808febac701ef3cec494eadb7a2c9d3a3137031cc234
S083,Base,human_eval/audio/S083/Base/seed0.wav,0,P03,11.26,T083,3731,25,0.8,2,checkpoints/cv3/Base/final.pt,checkpoints/cv3/Base/lora_final,cv3_Base_seed0_S083,7e9e7df45a2c090942a023541695369d8fec240c54600871ace5f7f0806323e5
S083,Full-SD,human_eval/audio/S083/Full-SD/seed0.wav,0,P03,11.26,T083,3731,25,0.8,2,checkpoints/cv3/Full-SD/final.pt,checkpoints/cv3/Full-SD/lora_final,cv3_Full-SD_seed0_S083,e67a1a2f7ed631fad9d768e648bdf7a7a72226c7fc2147daa40b80a62fa638f7
S083,Random-Local,human_eval/audio/S083/Random-Local/seed0.wav,0,P03,11.26,T083,3731,25,0.8,2,checkpoints/cv3/Random-Local/final.pt,checkpoints/cv3/Random-Local/lora_final,cv3_Random-Local_seed0_S083,7c5ec6e8ffc33cbcf4dc7de446a54034ce93003da01fb92b229d5a59eeb8d7e5
S083,Tail-30,human_eval/audio/S083/Tail-30/seed0.wav,0,P03,11.26,T083,3731,25,0.8,2,checkpoints/cv3/Tail-30/final.pt,checkpoints/cv3/Tail-30/lora_final,cv3_Tail-30_seed0_S083,df8376b89a773d81f677808901b105a6d64d2ff6b6487f6fabc8809f81fbc8ab
S083,Tail-SD,human_eval/audio/S083/Tail-SD/seed0.wav,0,P03,11.26,T083,3731,25,0.8,2,checkpoints/cv3/Tail-SD/final.pt,checkpoints/cv3/Tail-SD/lora_final,cv3_Tail-SD_seed0_S083,6a2301ae82aedadc31a1890adf07c37c6414cd7eb09c48b5f422217ddc5e8d8c
S084,Base,human_eval/audio/S084/Base/seed0.wav,0,P04,9.46,T084,3731,25,0.8,2,checkpoints/cv3/Base/final.pt,checkpoints/cv3/Base/lora_final,cv3_Base_seed0_S084,88e7ca00ee49b25a8ff93d700b8b5614e328d767a0f41fa0704e075361c237cc
S084,Full-SD,human_eval/audio/S084/Full-SD/seed0.wav,0,P04,9.46,T084,3731,25,0.8,2,checkpoints/cv3/Full-SD/final.pt,checkpoints/cv3/Full-SD/lora_final,cv3_Full-SD_seed0_S084,bd9bc5c7b76a8fd7d4bf5c3ca4785f237d2b7c3b6e4369e7deb9c25fa4981e8b
S084,Random-Local,human_eval/audio/S084/Random-Local/seed0.wav,0,P04,9.46,T084,3731,25,0.8,2,checkpoints/cv3/Random-Local/final.pt,checkpoints/cv3/Random-Local/lora_final,cv3_Random-Local_seed0_S084,2e8318a144ed85b4fef03e7d0dfc0beaf25d6b94654c081d4c1ee97ecb78631c
S084,Tail-30,human_eval/audio/S084/Tail-30/seed0.wav,0,P04,9.46,T084,3731,25,0.8,2,checkpoints/cv3/Tail-30/final.pt,checkpoints/cv3/Tail-30/lora_final,cv3_Tail-30_seed0_S084,bb428fd48bca6ca75f6486f12ee1020cf64473bb91efb4c8632ed860a77e2977
S084,Tail-SD,human_eval/audio/S084/Tail-SD/seed0.wav,0,P04,9.46,T084,3731,25,0.8,2,checkpoints/cv3/Tail-SD/final.pt,checkpoints/cv3/Tail-SD/lora_final,cv3_Tail-SD_seed0_S084,58a6a8dc914982d6ba221db84baeeac741591fde53e4e9c2e77ad64349bef39a
S085,Base,human_eval/audio/S085/Base/seed0.wav,0,P05,8.98,T085,3700,25,0.8,2,checkpoints/cv3/Base/final.pt,checkpoints/cv3/Base/lora_final,cv3_Base_seed0_S085,b45f54704d06e65048f3835cdbe771546d1536ea723ebffd42a6007e5d841444
S085,Full-SD,human_eval/audio/S085/Full-SD/seed0.wav,0,P05,8.98,T085,3700,25,0.8,2,checkpoints/cv3/Full-SD/final.pt,checkpoints/cv3/Full-SD/lora_final,cv3_Full-SD_seed0_S085,1bbfc2f7a4bb943bb4ba749134e590222023171ba7d52ee3943635f7b3a6313b
S085,Random-Local,human_eval/audio/S085/Random-Local/seed0.wav,0,P05,8.98,T085,3700,25,0.8,2,checkpoints/cv3/Random-Local/final.pt,checkpoints/cv3/Random-Local/lora_final,cv3_Random-Local_seed0_S085,a12377d4370ab3f40560cc5b7cdcd2283b0b71953cc175b8f6fe7ef8f2d33189
S085,Tail-30,human_eval/audio/S085/Tail-30/seed0.wav,0,P05,8.98,T085,3700,25,0.8,2,checkpoints/cv3/Tail-30/final.pt,checkpoints/cv3/Tail-30/lora_final,cv3_Tail-30_seed0_S085,45fa36b333c6b24a158ba88147d6e83ba597b896b9c4a384d538ccd8a55bef9d
S085,Tail-SD,human_eval/audio/S085/Tail-SD/seed0.wav,0,P05,8.98,T085,3700,25,0.8,2,checkpoints/cv3/Tail-SD/final.pt,checkpoints/cv3/Tail-SD/lora_final,cv3_Tail-SD_seed0_S085,330fe90e9fd7b9840a38236ba07ee78b1da612402390776406416b74883814e5
S086,Base,human_eval/audio/S086/Base/seed0.wav,0,P06,9.13,T086,3663,25,0.8,2,checkpoints/cv3/Base/final.pt,checkpoints/cv3/Base/lora_final,cv3_Base_seed0_S086,a6225c2806ae3aaefc1f759865261895822696308a6f60df4af95171d9b27ebc
S086,Full-SD,human_eval/audio/S086/Full-SD/seed0.wav,0,P06,9.13,T086,3663,25,0.8,2,checkpoints/cv3/Full-SD/final.pt,checkpoints/cv3/Full-SD/lora_final,cv3_Full-SD_seed0_S086,24139a11b98081644ec3d566c3dadcd357798a5367f2bbf1d52966893813330a
S086,Random-Local,human_eval/audio/S086/Random-Local/seed0.wav,0,P06,9.13,T086,3663,25,0.8,2,checkpoints/cv3/Random-Local/final.pt,checkpoints/cv3/Random-Local/lora_final,cv3_Random-Local_seed0_S086,aef37a734adfeb7e64573b2abce6c990a68e75b0dcb057829a9bae3420fc3dc1
S086,Tail-30,human_eval/audio/S086/Tail-30/seed0.wav,0,P06,9.13,T086,3663,25,0.8,2,checkpoints/cv3/Tail-30/final.pt,checkpoints/cv3/Tail-30/lora_final,cv3_Tail-30_seed0_S086,b0abb743349662e1eb973b01fa9e9f518515c5e12b6a3a59889d61f22d2402f1
S086,Tail-SD,human_eval/audio/S086/Tail-SD/seed0.wav,0,P06,9.13,T086,3663,25,0.8,2,checkpoints/cv3/Tail-SD/final.pt,checkpoints/cv3/Tail-SD/lora_final,cv3_Tail-SD_seed0_S086,da03b0c35bb07dd01c2d49bd69571e8d0504ead9dc97163b3bbdaae9ccdfd237
S087,Base,human_eval/audio/S087/Base/seed0.wav,0,P07,10.38,T087,3708,25,0.8,2,checkpoints/cv3/Base/final.pt,checkpoints/cv3/Base/lora_final,cv3_Base_seed0_S087,d014f08e217c567cb9902c38bdef5ec288873c2e8f1ff6bfeaeebfeffa62946a
S087,Full-SD,human_eval/audio/S087/Full-SD/seed0.wav,0,P07,10.38,T087,3708,25,0.8,2,checkpoints/cv3/Full-SD/final.pt,checkpoints/cv3/Full-SD/lora_final,cv3_Full-SD_seed0_S087,f38c7c425c8b1a433ff1cd794e290f30de3f8c62ac5affc12e45f8a419af0ace
S087,Random-Local,human_eval/audio/S087/Random-Local/seed0.wav,0,P07,10.38,T087,3708,25,0.8,2,checkpoints/cv3/Random-Local/final.pt,checkpoints/cv3/Random-Local/lora_final,cv3_Random-Local_seed0_S087,d31ab041d2be1aba8d9d2ca22fcab87b0dd75bbef332a0359c7490b902e5a662
S087,Tail-30,human_eval/audio/S087/Tail-30/seed0.wav,0,P07,10.38,T087,3708,25,0.8,2,checkpoints/cv3/Tail-30/final.pt,checkpoints/cv3/Tail-30/lora_final,cv3_Tail-30_seed0_S087,622bfb57902f030aceed0cae47b5c786062346292de8f14f3fa4c17ab1c118f7
S087,Tail-SD,human_eval/audio/S087/Tail-SD/seed0.wav,0,P07,10.38,T087,3708,25,0.8,2,checkpoints/cv3/Tail-SD/final.pt,checkpoints/cv3/Tail-SD/lora_final,cv3_Tail-SD_seed0_S087,351cc90b90efcbf60aabad91a3d90c698c34872c1e35f7e83e1ca1201f524e78
S088,Base,human_eval/audio/S088/Base/seed0.wav,0,P08,8.5,T088,3700,25,0.8,2,checkpoints/cv3/Base/final.pt,checkpoints/cv3/Base/lora_final,cv3_Base_seed0_S088,589e19dda997c0c08fee40ca7e00ab35c166cbfeaff80c805572ed8eae3556bd
S088,Full-SD,human_eval/audio/S088/Full-SD/seed0.wav,0,P08,8.5,T088,3700,25,0.8,2,checkpoints/cv3/Full-SD/final.pt,checkpoints/cv3/Full-SD/lora_final,cv3_Full-SD_seed0_S088,156269291cd0ba745fe13d652f2d466993585f25d7429bd1f3fe1c3773794c31
S088,Random-Local,human_eval/audio/S088/Random-Local/seed0.wav,0,P08,8.5,T088,3700,25,0.8,2,checkpoints/cv3/Random-Local/final.pt,checkpoints/cv3/Random-Local/lora_final,cv3_Random-Local_seed0_S088,c89c3a4dbe3a99e7772b82faa21362fe81fd17cbffb1440a857de79e8d802efe
S088,Tail-30,human_eval/audio/S088/Tail-30/seed0.wav,0,P08,8.5,T088,3700,25,0.8,2,checkpoints/cv3/Tail-30/final.pt,checkpoints/cv3/Tail-30/lora_final,cv3_Tail-30_seed0_S088,5a82821d518aac0df0d90fcf421a5b4dbbe5d7ce1dfca1ae7e8f893987080831
S088,Tail-SD,human_eval/audio/S088/Tail-SD/seed0.wav,0,P08,8.5,T088,3700,25,0.8,2,checkpoints/cv3/Tail-SD/final.pt,checkpoints/cv3/Tail-SD/lora_final,cv3_Tail-SD_seed0_S088,f90dcc57aadc8c3abe91034742968ddfed6827a6fcc748b61beaaf6c6f6c4202
S089,Base,human_eval/audio/S089/Base/seed0.wav,0,P09,9.41,T089,3663,25,0.8,2,checkpoints/cv3/Base/final.pt,checkpoints/cv3/Base/lora_final,cv3_Base_seed0_S089,41f267850e4fd39cebcf33b3bd91d4e8d0d2721163dee761a71ccf632cfc3f81
S089,Full-SD,human_eval/audio/S089/Full-SD/seed0.wav,0,P09,9.41,T089,3663,25,0.8,2,checkpoints/cv3/Full-SD/final.pt,checkpoints/cv3/Full-SD/lora_final,cv3_Full-SD_seed0_S089,2db2fad0822fb6ed72954cf0b347709097c99274ced23194fb21213dd052d8c2
S089,Random-Local,human_eval/audio/S089/Random-Local/seed0.wav,0,P09,9.41,T089,3663,25,0.8,2,checkpoints/cv3/Random-Local/final.pt,checkpoints/cv3/Random-Local/lora_final,cv3_Random-Local_seed0_S089,efb9b372b26bd9e8cb262665a62cd3da1888399acff1a3659a13370b913c00ba
S089,Tail-30,human_eval/audio/S089/Tail-30/seed0.wav,0,P09,9.41,T089,3663,25,0.8,2,checkpoints/cv3/Tail-30/final.pt,checkpoints/cv3/Tail-30/lora_final,cv3_Tail-30_seed0_S089,d46f5bdbdf6f38b2de82513a8dc8ba8360053bb9c54c89d93896caf214305e75
S089,Tail-SD,human_eval/audio/S089/Tail-SD/seed0.wav,0,P09,9.41,T089,3663,25,0.8,2,checkpoints/cv3/Tail-SD/final.pt,checkpoints/cv3/Tail-SD/lora_final,cv3_Tail-SD_seed0_S089,9d66ba8759faf2e80017f75b7729da374dc4622e6556108d7e1bec5dd81dff88
S090,Base,human_eval/audio/S090/Base/seed0.wav,0,P10,10.53,T090,3663,25,0.8,2,checkpoints/cv3/Base/final.pt,checkpoints/cv3/Base/lora_final,cv3_Base_seed0_S090,2c6758c0357b31f60116b6a74cce7cb01c3dd6ade1993c9fd296fe3ca9ca98bc
S090,Full-SD,human_eval/audio/S090/Full-SD/seed0.wav,0,P10,10.53,T090,3663,25,0.8,2,checkpoints/cv3/Full-SD/final.pt,checkpoints/cv3/Full-SD/lora_final,cv3_Full-SD_seed0_S090,a1f8c3a64f309021c6d2e212157bce94dcf03f2168cf645a00fe9e3c4fe57b5d
S090,Random-Local,human_eval/audio/S090/Random-Local/seed0.wav,0,P10,10.53,T090,3663,25,0.8,2,checkpoints/cv3/Random-Local/final.pt,checkpoints/cv3/Random-Local/lora_final,cv3_Random-Local_seed0_S090,6d59fd93d1403480f198b82835b8dcf3bec77deb4796e7e039efff527543ade5
S090,Tail-30,human_eval/audio/S090/Tail-30/seed0.wav,0,P10,10.53,T090,3663,25,0.8,2,checkpoints/cv3/Tail-30/final.pt,checkpoints/cv3/Tail-30/lora_final,cv3_Tail-30_seed0_S090,a944a39b84fafce8b00418392e0cfa1aa0dc68b7e341c1b4bd75c660ee118dde
S090,Tail-SD,human_eval/audio/S090/Tail-SD/seed0.wav,0,P10,10.53,T090,3663,25,0.8,2,checkpoints/cv3/Tail-SD/final.pt,checkpoints/cv3/Tail-SD/lora_final,cv3_Tail-SD_seed0_S090,9f6d0ed8e925f66f023b0a42e6e2daddeb53214f091fa20d3f9f9874554530b8
S091,Base,human_eval/audio/S091/Base/seed0.wav,0,P01,9.22,T091,3708,25,0.8,2,checkpoints/cv3/Base/final.pt,checkpoints/cv3/Base/lora_final,cv3_Base_seed0_S091,6e7394ed91434c834419274595d88887e49657701c1e8e4bdea071cce39d5441
S091,Full-SD,human_eval/audio/S091/Full-SD/seed0.wav,0,P01,9.22,T091,3708,25,0.8,2,checkpoints/cv3/Full-SD/final.pt,checkpoints/cv3/Full-SD/lora_final,cv3_Full-SD_seed0_S091,c33767154532fe9a6de569f3e406430b8f53e42d4faf6fe84bc6cf2875645223
S091,Random-Local,human_eval/audio/S091/Random-Local/seed0.wav,0,P01,9.22,T091,3708,25,0.8,2,checkpoints/cv3/Random-Local/final.pt,checkpoints/cv3/Random-Local/lora_final,cv3_Random-Local_seed0_S091,69a4b9f0d662eb79be83a4b7c759d5100a8ce69e8de871a593dfcd55a5047675
S091,Tail-30,human_eval/audio/S091/Tail-30/seed0.wav,0,P01,9.22,T091,3708,25,0.8,2,checkpoints/cv3/Tail-30/final.pt,checkpoints/cv3/Tail-30/lora_final,cv3_Tail-30_seed0_S091,6591d35e24c4ead6cfe3aa38e1bc0379a32df4ed34fa59d08d50776b88005a40
S091,Tail-SD,human_eval/audio/S091/Tail-SD/seed0.wav,0,P01,9.22,T091,3708,25,0.8,2,checkpoints/cv3/Tail-SD/final.pt,checkpoints/cv3/Tail-SD/lora_final,cv3_Tail-SD_seed0_S091,fa11d7654ecd5b677367305a4948d0500b25ab02ac80440f5ff07facf64e4aec
S092,Base,human_eval/audio/S092/Base/seed0.wav,0,P02,3.16,T092,3663,25,0.8,2,checkpoints/cv3/Base/final.pt,checkpoints/cv3/Base/lora_final,cv3_Base_seed0_S092,0940e87446079364465d0b7e9eb88828e394decc3335e3dbc67ab3d3c59ef29a
S092,Full-SD,human_eval/audio/S092/Full-SD/seed0.wav,0,P02,3.16,T092,3663,25,0.8,2,checkpoints/cv3/Full-SD/final.pt,checkpoints/cv3/Full-SD/lora_final,cv3_Full-SD_seed0_S092,ba0b6429a9a042196c27648aef976ab1fa19b1eca474463aa414487ec5f4bebd
S092,Random-Local,human_eval/audio/S092/Random-Local/seed0.wav,0,P02,3.16,T092,3663,25,0.8,2,checkpoints/cv3/Random-Local/final.pt,checkpoints/cv3/Random-Local/lora_final,cv3_Random-Local_seed0_S092,b1eee70bc823aa28c3badffba147783ca581aacf17759fe0160de2644c0979a9
S092,Tail-30,human_eval/audio/S092/Tail-30/seed0.wav,0,P02,3.16,T092,3663,25,0.8,2,checkpoints/cv3/Tail-30/final.pt,checkpoints/cv3/Tail-30/lora_final,cv3_Tail-30_seed0_S092,d5dc1e67c2b82a5ef07a51e77404eca1e82e8892bf52543fe94e90b651c86866
S092,Tail-SD,human_eval/audio/S092/Tail-SD/seed0.wav,0,P02,3.16,T092,3663,25,0.8,2,checkpoints/cv3/Tail-SD/final.pt,checkpoints/cv3/Tail-SD/lora_final,cv3_Tail-SD_seed0_S092,8d8eff380b6cb164a99947a0b8dac6ed600f759eed75e7d58904a976213f5d83
S093,Base,human_eval/audio/S093/Base/seed0.wav,0,P03,3.5,T093,3700,25,0.8,2,checkpoints/cv3/Base/final.pt,checkpoints/cv3/Base/lora_final,cv3_Base_seed0_S093,9e8bd9d8879ae4452fc6822f44855b7cf89b18a0e8b0408b1d64dd9db1da99b6
S093,Full-SD,human_eval/audio/S093/Full-SD/seed0.wav,0,P03,3.5,T093,3700,25,0.8,2,checkpoints/cv3/Full-SD/final.pt,checkpoints/cv3/Full-SD/lora_final,cv3_Full-SD_seed0_S093,5b379591c53f6d1827d12b07abb52ed17de6261a8fe218ea2b0fc4f7e98c287a
S093,Random-Local,human_eval/audio/S093/Random-Local/seed0.wav,0,P03,3.5,T093,3700,25,0.8,2,checkpoints/cv3/Random-Local/final.pt,checkpoints/cv3/Random-Local/lora_final,cv3_Random-Local_seed0_S093,5534256d39d2983b666ae3f255b71ef050504a4ee8865ce54a3962ec43640665
S093,Tail-30,human_eval/audio/S093/Tail-30/seed0.wav,0,P03,3.5,T093,3700,25,0.8,2,checkpoints/cv3/Tail-30/final.pt,checkpoints/cv3/Tail-30/lora_final,cv3_Tail-30_seed0_S093,49ec1792527b480a02732f0ceb05818bdf064230a8502f309448585d34db53f8
S093,Tail-SD,human_eval/audio/S093/Tail-SD/seed0.wav,0,P03,3.5,T093,3700,25,0.8,2,checkpoints/cv3/Tail-SD/final.pt,checkpoints/cv3/Tail-SD/lora_final,cv3_Tail-SD_seed0_S093,241506489601a42d2de4f3a660ac2775332741e56ccb13348c576e12dc0b120f
S094,Base,human_eval/audio/S094/Base/seed0.wav,0,P04,9.11,T094,3700,25,0.8,2,checkpoints/cv3/Base/final.pt,checkpoints/cv3/Base/lora_final,cv3_Base_seed0_S094,a0f820ab94ed5bf85b79f9b40a65aea25ff6699ca5084c90d6616c0000b7b6dd
S094,Full-SD,human_eval/audio/S094/Full-SD/seed0.wav,0,P04,9.11,T094,3700,25,0.8,2,checkpoints/cv3/Full-SD/final.pt,checkpoints/cv3/Full-SD/lora_final,cv3_Full-SD_seed0_S094,96ae9d7e34ec7fca24a5bf704d98136a1760ee356a6b7bafc53644c004dcccda
S094,Random-Local,human_eval/audio/S094/Random-Local/seed0.wav,0,P04,9.11,T094,3700,25,0.8,2,checkpoints/cv3/Random-Local/final.pt,checkpoints/cv3/Random-Local/lora_final,cv3_Random-Local_seed0_S094,3cee1347fdcae716226d0611452c573b0af7d384023102bd6c481c22c8a5df49
S094,Tail-30,human_eval/audio/S094/Tail-30/seed0.wav,0,P04,9.11,T094,3700,25,0.8,2,checkpoints/cv3/Tail-30/final.pt,checkpoints/cv3/Tail-30/lora_final,cv3_Tail-30_seed0_S094,85213eeca5f9067c97bb505da9bca1ff0b6498ea5190e3a6eaceabe7970b52bf
S094,Tail-SD,human_eval/audio/S094/Tail-SD/seed0.wav,0,P04,9.11,T094,3700,25,0.8,2,checkpoints/cv3/Tail-SD/final.pt,checkpoints/cv3/Tail-SD/lora_final,cv3_Tail-SD_seed0_S094,628a96c2bb69f2bd36f4ecc1b90290e524b15059d1b0df5a858dfc3abce9b24e
S095,Base,human_eval/audio/S095/Base/seed0.wav,0,P05,10.4,T095,3636,25,0.8,2,checkpoints/cv3/Base/final.pt,checkpoints/cv3/Base/lora_final,cv3_Base_seed0_S095,40025534ccfb62c622c7acdf9befa98c996ee6525ed116300ddde3201d2efb26
S095,Full-SD,human_eval/audio/S095/Full-SD/seed0.wav,0,P05,10.4,T095,3636,25,0.8,2,checkpoints/cv3/Full-SD/final.pt,checkpoints/cv3/Full-SD/lora_final,cv3_Full-SD_seed0_S095,94c65cac10329799b60b869627f536cc2274214c8d2c54e9388e548c45ca11d7
S095,Random-Local,human_eval/audio/S095/Random-Local/seed0.wav,0,P05,10.4,T095,3636,25,0.8,2,checkpoints/cv3/Random-Local/final.pt,checkpoints/cv3/Random-Local/lora_final,cv3_Random-Local_seed0_S095,0b082b5eda83fdbff118654712e75d76007d63446c1531a00daa2a6e78ca8b73
S095,Tail-30,human_eval/audio/S095/Tail-30/seed0.wav,0,P05,10.4,T095,3636,25,0.8,2,checkpoints/cv3/Tail-30/final.pt,checkpoints/cv3/Tail-30/lora_final,cv3_Tail-30_seed0_S095,2b64e594ab82324b60fdff6415412599a21c7a71bcdc381d159a09963ed9c361
S095,Tail-SD,human_eval/audio/S095/Tail-SD/seed0.wav,0,P05,10.4,T095,3636,25,0.8,2,checkpoints/cv3/Tail-SD/final.pt,checkpoints/cv3/Tail-SD/lora_final,cv3_Tail-SD_seed0_S095,2f1d05b3020e96ed2a3654253dbedd250425107f2c1730be6ee48f338238dc58
S096,Base,human_eval/audio/S096/Base/seed0.wav,0,P06,8.11,T096,3708,25,0.8,2,checkpoints/cv3/Base/final.pt,checkpoints/cv3/Base/lora_final,cv3_Base_seed0_S096,80f10b9cb9c242e8b439b72cd709d6fa140821c2b3074ff75e255fa43d6b9ec6
S096,Full-SD,human_eval/audio/S096/Full-SD/seed0.wav,0,P06,8.11,T096,3708,25,0.8,2,checkpoints/cv3/Full-SD/final.pt,checkpoints/cv3/Full-SD/lora_final,cv3_Full-SD_seed0_S096,b5ba137bc165269c20c512b688408974e72b0711bdb9c15f1ce35416375a8367
S096,Random-Local,human_eval/audio/S096/Random-Local/seed0.wav,0,P06,8.11,T096,3708,25,0.8,2,checkpoints/cv3/Random-Local/final.pt,checkpoints/cv3/Random-Local/lora_final,cv3_Random-Local_seed0_S096,273df4a7e466715964167392cac80e68d1e8975ee3f13081b65fb8e44a09ae5d
S096,Tail-30,human_eval/audio/S096/Tail-30/seed0.wav,0,P06,8.11,T096,3708,25,0.8,2,checkpoints/cv3/Tail-30/final.pt,checkpoints/cv3/Tail-30/lora_final,cv3_Tail-30_seed0_S096,b192398231e7f837936c8e75cb126017ef69ac8abad8b4aea8f69580ad4e96bc
S096,Tail-SD,human_eval/audio/S096/Tail-SD/seed0.wav,0,P06,8.11,T096,3708,25,0.8,2,checkpoints/cv3/Tail-SD/final.pt,checkpoints/cv3/Tail-SD/lora_final,cv3_Tail-SD_seed0_S096,60e812ba0ae75ede5c25ac79fa0a810878c9ee32c76d89bb5512d637abdbe909
S097,Base,human_eval/audio/S097/Base/seed0.wav,0,P07,9.27,T097,3724,25,0.8,2,checkpoints/cv3/Base/final.pt,checkpoints/cv3/Base/lora_final,cv3_Base_seed0_S097,4272919597ddec140a21dea105a3d11e5a9f2966ee870ea651d999ed1545277e
S097,Full-SD,human_eval/audio/S097/Full-SD/seed0.wav,0,P07,9.27,T097,3724,25,0.8,2,checkpoints/cv3/Full-SD/final.pt,checkpoints/cv3/Full-SD/lora_final,cv3_Full-SD_seed0_S097,be03283ac0fdca4a7f14284c0273f4a112b719290fa1db1ef718dfd261eeac37
S097,Random-Local,human_eval/audio/S097/Random-Local/seed0.wav,0,P07,9.27,T097,3724,25,0.8,2,checkpoints/cv3/Random-Local/final.pt,checkpoints/cv3/Random-Local/lora_final,cv3_Random-Local_seed0_S097,032f1993d69b945cc26a0b352018ff929e81cf2be6bc64b5f3e61753bddddea7
S097,Tail-30,human_eval/audio/S097/Tail-30/seed0.wav,0,P07,9.27,T097,3724,25,0.8,2,checkpoints/cv3/Tail-30/final.pt,checkpoints/cv3/Tail-30/lora_final,cv3_Tail-30_seed0_S097,828d04702444e7cd501e050127c98c643854cc45d4c92ff7925c8a28bb5357b6
S097,Tail-SD,human_eval/audio/S097/Tail-SD/seed0.wav,0,P07,9.27,T097,3724,25,0.8,2,checkpoints/cv3/Tail-SD/final.pt,checkpoints/cv3/Tail-SD/lora_final,cv3_Tail-SD_seed0_S097,79890229c283ccf420f71cf82e89633ea3afaff64fe3d2d49c96958e4bce47f5
S098,Base,human_eval/audio/S098/Base/seed0.wav,0,P08,3.26,T098,3724,25,0.8,2,checkpoints/cv3/Base/final.pt,checkpoints/cv3/Base/lora_final,cv3_Base_seed0_S098,867a16f3428ea9663248ba7aa4f2fb01083ba577e706b5b104c69b158be7cf2b
S098,Full-SD,human_eval/audio/S098/Full-SD/seed0.wav,0,P08,3.26,T098,3724,25,0.8,2,checkpoints/cv3/Full-SD/final.pt,checkpoints/cv3/Full-SD/lora_final,cv3_Full-SD_seed0_S098,419b92f3ebe87decd4d8602bc6002f83c391812193ab33cdfff31e0e2abebea3
S098,Random-Local,human_eval/audio/S098/Random-Local/seed0.wav,0,P08,3.26,T098,3724,25,0.8,2,checkpoints/cv3/Random-Local/final.pt,checkpoints/cv3/Random-Local/lora_final,cv3_Random-Local_seed0_S098,66da61ae3df41a0fea405030b98a441b40660d4a18673521480ba9058a0891ed
S098,Tail-30,human_eval/audio/S098/Tail-30/seed0.wav,0,P08,3.26,T098,3724,25,0.8,2,checkpoints/cv3/Tail-30/final.pt,checkpoints/cv3/Tail-30/lora_final,cv3_Tail-30_seed0_S098,dd58e7f36f46748fdc9e02f82145de164eb69a95714eeaa1e5f43b2fd2b37988
S098,Tail-SD,human_eval/audio/S098/Tail-SD/seed0.wav,0,P08,3.26,T098,3724,25,0.8,2,checkpoints/cv3/Tail-SD/final.pt,checkpoints/cv3/Tail-SD/lora_final,cv3_Tail-SD_seed0_S098,0285f7a6811a5271617f1069ac3af72a4aef04c5fedc5f5e191b4f5394b48863
S099,Base,human_eval/audio/S099/Base/seed0.wav,0,P09,3.88,T099,3645,25,0.8,2,checkpoints/cv3/Base/final.pt,checkpoints/cv3/Base/lora_final,cv3_Base_seed0_S099,5b933d0eddd7f12d25241cb51de13c3ebb3148fd3241b3483c3ea84a33c9080f
S099,Full-SD,human_eval/audio/S099/Full-SD/seed0.wav,0,P09,3.88,T099,3645,25,0.8,2,checkpoints/cv3/Full-SD/final.pt,checkpoints/cv3/Full-SD/lora_final,cv3_Full-SD_seed0_S099,06d889f3a1de532ebdf2afb5d38ea43e0ed72722350d923c1284a85637df3f63
S099,Random-Local,human_eval/audio/S099/Random-Local/seed0.wav,0,P09,3.88,T099,3645,25,0.8,2,checkpoints/cv3/Random-Local/final.pt,checkpoints/cv3/Random-Local/lora_final,cv3_Random-Local_seed0_S099,728acd59918f9d446c70875ef1f2621afc11ef24b42862cbae3309e38d0f40a4
S099,Tail-30,human_eval/audio/S099/Tail-30/seed0.wav,0,P09,3.88,T099,3645,25,0.8,2,checkpoints/cv3/Tail-30/final.pt,checkpoints/cv3/Tail-30/lora_final,cv3_Tail-30_seed0_S099,9a61d4293c3e0ad56be4d2ad591a467b437286ed34e81cb600ea02f840231d20
S099,Tail-SD,human_eval/audio/S099/Tail-SD/seed0.wav,0,P09,3.88,T099,3645,25,0.8,2,checkpoints/cv3/Tail-SD/final.pt,checkpoints/cv3/Tail-SD/lora_final,cv3_Tail-SD_seed0_S099,ed07d2637042348f9b0fe3ef3a3968c45660ba0be1e790499ee443910278af56
S100,Base,human_eval/audio/S100/Base/seed0.wav,0,P10,6.38,T100,3672,25,0.8,2,checkpoints/cv3/Base/final.pt,checkpoints/cv3/Base/lora_final,cv3_Base_seed0_S100,529fa573a7ae14a28db8209a0ff008267d3d1d2df7f7c07088c1a5c8a43eb908
S100,Full-SD,human_eval/audio/S100/Full-SD/seed0.wav,0,P10,6.38,T100,3672,25,0.8,2,checkpoints/cv3/Full-SD/final.pt,checkpoints/cv3/Full-SD/lora_final,cv3_Full-SD_seed0_S100,2bb4666d8e21bdcbc491d0e2efd782c05488f72ae4fc94e49a4c1a75a51f9751
S100,Random-Local,human_eval/audio/S100/Random-Local/seed0.wav,0,P10,6.38,T100,3672,25,0.8,2,checkpoints/cv3/Random-Local/final.pt,checkpoints/cv3/Random-Local/lora_final,cv3_Random-Local_seed0_S100,ad12dae4ecf7f7fd3f98840abcce12f66b489f0d7774852d8c5e138309df7ee9
S100,Tail-30,human_eval/audio/S100/Tail-30/seed0.wav,0,P10,6.38,T100,3672,25,0.8,2,checkpoints/cv3/Tail-30/final.pt,checkpoints/cv3/Tail-30/lora_final,cv3_Tail-30_seed0_S100,46167454d64f6fec6f46ea81b147563f5849de7b18163845fed25f6464ec5fa4
S100,Tail-SD,human_eval/audio/S100/Tail-SD/seed0.wav,0,P10,6.38,T100,3672,25,0.8,2,checkpoints/cv3/Tail-SD/final.pt,checkpoints/cv3/Tail-SD/lora_final,cv3_Tail-SD_seed0_S100,94469a5b25f0ff81c0d0b8b1563cc44766fc4d7949e1cc5f8a17b484c176e787
S101,Base,human_eval/audio/S101/Base/seed0.wav,0,P01,4.1,T101,3726,25,0.8,2,checkpoints/cv3/Base/final.pt,checkpoints/cv3/Base/lora_final,cv3_Base_seed0_S101,0e91cfb8b095e63db88a9eb8dd5aab7a5b32819306f022a0c46fa373c05fdbff
S101,Full-SD,human_eval/audio/S101/Full-SD/seed0.wav,0,P01,4.1,T101,3726,25,0.8,2,checkpoints/cv3/Full-SD/final.pt,checkpoints/cv3/Full-SD/lora_final,cv3_Full-SD_seed0_S101,0085718caa22a719737a2c3e9c82fe4c93e6057ed847befbf74776afefaf930a
S101,Random-Local,human_eval/audio/S101/Random-Local/seed0.wav,0,P01,4.1,T101,3726,25,0.8,2,checkpoints/cv3/Random-Local/final.pt,checkpoints/cv3/Random-Local/lora_final,cv3_Random-Local_seed0_S101,c51475701112e14c6f89383e953dca04a4a3b581f4438742c5f5acfa6d009a77
S101,Tail-30,human_eval/audio/S101/Tail-30/seed0.wav,0,P01,4.1,T101,3726,25,0.8,2,checkpoints/cv3/Tail-30/final.pt,checkpoints/cv3/Tail-30/lora_final,cv3_Tail-30_seed0_S101,c75c4b97bc9389982b6df0c5ed7495294cf49a7075fe22f92aec36acdaf09521
S101,Tail-SD,human_eval/audio/S101/Tail-SD/seed0.wav,0,P01,4.1,T101,3726,25,0.8,2,checkpoints/cv3/Tail-SD/final.pt,checkpoints/cv3/Tail-SD/lora_final,cv3_Tail-SD_seed0_S101,491d1d90f6b18fcab2207719cfe35edcf3be88decf9d5426e72ea757eb1457d1
S102,Base,human_eval/audio/S102/Base/seed0.wav,0,P02,9.37,T102,3700,25,0.8,2,checkpoints/cv3/Base/final.pt,checkpoints/cv3/Base/lora_final,cv3_Base_seed0_S102,8b2f0f010d149465b05fabfe93bb27fdd3e70a94007169bdd56fda51f1b060ea
S102,Full-SD,human_eval/audio/S102/Full-SD/seed0.wav,0,P02,9.37,T102,3700,25,0.8,2,checkpoints/cv3/Full-SD/final.pt,checkpoints/cv3/Full-SD/lora_final,cv3_Full-SD_seed0_S102,f20b10bcb17b61777ba10b5e0829b74b2105facfa17b8d1f551bb5e69a8f517c
S102,Random-Local,human_eval/audio/S102/Random-Local/seed0.wav,0,P02,9.37,T102,3700,25,0.8,2,checkpoints/cv3/Random-Local/final.pt,checkpoints/cv3/Random-Local/lora_final,cv3_Random-Local_seed0_S102,ddec66693181efbbe739681f13680d80974a0e4a6d83e246ae3347225f1a0c70
S102,Tail-30,human_eval/audio/S102/Tail-30/seed0.wav,0,P02,9.37,T102,3700,25,0.8,2,checkpoints/cv3/Tail-30/final.pt,checkpoints/cv3/Tail-30/lora_final,cv3_Tail-30_seed0_S102,41fc49b99fdeeef59beacfec6b9ef098e26ab604115b023e814aaf05af885c13
S102,Tail-SD,human_eval/audio/S102/Tail-SD/seed0.wav,0,P02,9.37,T102,3700,25,0.8,2,checkpoints/cv3/Tail-SD/final.pt,checkpoints/cv3/Tail-SD/lora_final,cv3_Tail-SD_seed0_S102,6200e5e4e9f36e4dec3e14bbfac05de54bd2ef770f730f623076eca2aefa0d09
S103,Base,human_eval/audio/S103/Base/seed0.wav,0,P03,4.16,T103,3624,25,0.8,2,checkpoints/cv3/Base/final.pt,checkpoints/cv3/Base/lora_final,cv3_Base_seed0_S103,585a42b7c98949fc0556d67bf83c378b9ff6144ac784825a65c12893f8ba7baf
S103,Full-SD,human_eval/audio/S103/Full-SD/seed0.wav,0,P03,4.16,T103,3624,25,0.8,2,checkpoints/cv3/Full-SD/final.pt,checkpoints/cv3/Full-SD/lora_final,cv3_Full-SD_seed0_S103,feadf1c1a169206ac1cc84f405a57acac668283c5450dc728098946d56db06b8
S103,Random-Local,human_eval/audio/S103/Random-Local/seed0.wav,0,P03,4.16,T103,3624,25,0.8,2,checkpoints/cv3/Random-Local/final.pt,checkpoints/cv3/Random-Local/lora_final,cv3_Random-Local_seed0_S103,024288e5699d340fd2748c2f0e65f369ba932227bb062d428db729addc6b6d3f
S103,Tail-30,human_eval/audio/S103/Tail-30/seed0.wav,0,P03,4.16,T103,3624,25,0.8,2,checkpoints/cv3/Tail-30/final.pt,checkpoints/cv3/Tail-30/lora_final,cv3_Tail-30_seed0_S103,a230d13aafde711b90521f18cbadf9c301ac85ae8d90595038064bc30767a6b0
S103,Tail-SD,human_eval/audio/S103/Tail-SD/seed0.wav,0,P03,4.16,T103,3624,25,0.8,2,checkpoints/cv3/Tail-SD/final.pt,checkpoints/cv3/Tail-SD/lora_final,cv3_Tail-SD_seed0_S103,d27cbfcecf9a47030ec89264e33c80ac9e394d7cf23823cbf183b563c3548209
S104,Base,human_eval/audio/S104/Base/seed0.wav,0,P04,10.86,T104,3672,25,0.8,2,checkpoints/cv3/Base/final.pt,checkpoints/cv3/Base/lora_final,cv3_Base_seed0_S104,4fe4bb9dbf55fdf8033b77ccc1ba3e31a1b94ab71bb05eb2daa51d25c8fc9e7b
S104,Full-SD,human_eval/audio/S104/Full-SD/seed0.wav,0,P04,10.86,T104,3672,25,0.8,2,checkpoints/cv3/Full-SD/final.pt,checkpoints/cv3/Full-SD/lora_final,cv3_Full-SD_seed0_S104,fbbdce9b4e49c03f5b04441b89ce262ccde0bb39a32e3ab943bd4a0d92f1907c
S104,Random-Local,human_eval/audio/S104/Random-Local/seed0.wav,0,P04,10.86,T104,3672,25,0.8,2,checkpoints/cv3/Random-Local/final.pt,checkpoints/cv3/Random-Local/lora_final,cv3_Random-Local_seed0_S104,5e3e6402b02500baeba676ce381d76ea76ecd7a81670eac5778e41d0da8476ab
S104,Tail-30,human_eval/audio/S104/Tail-30/seed0.wav,0,P04,10.86,T104,3672,25,0.8,2,checkpoints/cv3/Tail-30/final.pt,checkpoints/cv3/Tail-30/lora_final,cv3_Tail-30_seed0_S104,96c5374863d4445a406d041ba02605cf4d86ad150033093f5046020c99d03815
S104,Tail-SD,human_eval/audio/S104/Tail-SD/seed0.wav,0,P04,10.86,T104,3672,25,0.8,2,checkpoints/cv3/Tail-SD/final.pt,checkpoints/cv3/Tail-SD/lora_final,cv3_Tail-SD_seed0_S104,5c4da07f27b6392d788060efe0a13a9e04e206b37fe2ac6a9d3619728f540292
S105,Base,human_eval/audio/S105/Base/seed0.wav,0,P05,8.93,T105,3672,25,0.8,2,checkpoints/cv3/Base/final.pt,checkpoints/cv3/Base/lora_final,cv3_Base_seed0_S105,d8a015c1731d08c81f8d3bbcc93246e77b9ffec09da6bbf82ddff54267762715
S105,Full-SD,human_eval/audio/S105/Full-SD/seed0.wav,0,P05,8.93,T105,3672,25,0.8,2,checkpoints/cv3/Full-SD/final.pt,checkpoints/cv3/Full-SD/lora_final,cv3_Full-SD_seed0_S105,683980d16236fd1e20f4551511929b2f9d8249a94cc7a7ec8199a900a77f5577
S105,Random-Local,human_eval/audio/S105/Random-Local/seed0.wav,0,P05,8.93,T105,3672,25,0.8,2,checkpoints/cv3/Random-Local/final.pt,checkpoints/cv3/Random-Local/lora_final,cv3_Random-Local_seed0_S105,e24fd67fa7b9d85d3f185b9312ff451560c1dc2a5cb41ee85445f95b656fa56e
S105,Tail-30,human_eval/audio/S105/Tail-30/seed0.wav,0,P05,8.93,T105,3672,25,0.8,2,checkpoints/cv3/Tail-30/final.pt,checkpoints/cv3/Tail-30/lora_final,cv3_Tail-30_seed0_S105,cdbf2bf6c6e52005c1f318dc77d53850ee2f1f5330d2039e9b1a7429bc4ed74b
S105,Tail-SD,human_eval/audio/S105/Tail-SD/seed0.wav,0,P05,8.93,T105,3672,25,0.8,2,checkpoints/cv3/Tail-SD/final.pt,checkpoints/cv3/Tail-SD/lora_final,cv3_Tail-SD_seed0_S105,c284c0037ee2913bf1d73e02c3604547a2dac1e3775fa9f5a6681adc32e3f7e3
S106,Base,human_eval/audio/S106/Base/seed0.wav,0,P06,10.95,T106,3614,25,0.8,2,checkpoints/cv3/Base/final.pt,checkpoints/cv3/Base/lora_final,cv3_Base_seed0_S106,30d1efdc146e437cb51fb5de874f36b7d42afe62de6528a7585d9d3ac6026ae8
S106,Full-SD,human_eval/audio/S106/Full-SD/seed0.wav,0,P06,10.95,T106,3614,25,0.8,2,checkpoints/cv3/Full-SD/final.pt,checkpoints/cv3/Full-SD/lora_final,cv3_Full-SD_seed0_S106,3d1c442969c03e2251df78da3ffeb74daa5102dce6499e703943eec0a229448a
S106,Random-Local,human_eval/audio/S106/Random-Local/seed0.wav,0,P06,10.95,T106,3614,25,0.8,2,checkpoints/cv3/Random-Local/final.pt,checkpoints/cv3/Random-Local/lora_final,cv3_Random-Local_seed0_S106,b6f89aefd6565dfa2e091df7e78109fd91e478ea6deada457d566250d4e94b37
S106,Tail-30,human_eval/audio/S106/Tail-30/seed0.wav,0,P06,10.95,T106,3614,25,0.8,2,checkpoints/cv3/Tail-30/final.pt,checkpoints/cv3/Tail-30/lora_final,cv3_Tail-30_seed0_S106,61742a1e08a9d2686cb39f49a3f5b28cfb361c3cb73c1bedd42fa673c2da0351
S106,Tail-SD,human_eval/audio/S106/Tail-SD/seed0.wav,0,P06,10.95,T106,3614,25,0.8,2,checkpoints/cv3/Tail-SD/final.pt,checkpoints/cv3/Tail-SD/lora_final,cv3_Tail-SD_seed0_S106,6db714c62759d0d6bdd6753800bc5ff652cb86bcb8bdec0537b7cc955035ba13
S107,Base,human_eval/audio/S107/Base/seed0.wav,0,P07,5.33,T107,3624,25,0.8,2,checkpoints/cv3/Base/final.pt,checkpoints/cv3/Base/lora_final,cv3_Base_seed0_S107,0214ac208cc29ac384804b4031820323db92162e5a9c528d0f7e2b1a6dee5e86
S107,Full-SD,human_eval/audio/S107/Full-SD/seed0.wav,0,P07,5.33,T107,3624,25,0.8,2,checkpoints/cv3/Full-SD/final.pt,checkpoints/cv3/Full-SD/lora_final,cv3_Full-SD_seed0_S107,0c9bfc22d4322afd374444369785246d23a8f3590f8c31de724109696f204a5c
S107,Random-Local,human_eval/audio/S107/Random-Local/seed0.wav,0,P07,5.33,T107,3624,25,0.8,2,checkpoints/cv3/Random-Local/final.pt,checkpoints/cv3/Random-Local/lora_final,cv3_Random-Local_seed0_S107,97b2cd05f51e9bfc84cb8e06cae379446cf631e180522800f76b747c6fb8c0ae
S107,Tail-30,human_eval/audio/S107/Tail-30/seed0.wav,0,P07,5.33,T107,3624,25,0.8,2,checkpoints/cv3/Tail-30/final.pt,checkpoints/cv3/Tail-30/lora_final,cv3_Tail-30_seed0_S107,802897a58eb952a51e5955a3e162f046813ba3a4d50f8bf356d78ee8df259805
S107,Tail-SD,human_eval/audio/S107/Tail-SD/seed0.wav,0,P07,5.33,T107,3624,25,0.8,2,checkpoints/cv3/Tail-SD/final.pt,checkpoints/cv3/Tail-SD/lora_final,cv3_Tail-SD_seed0_S107,67f6175b7ae49aa46882d8d431507b2b3fedc6ca174df7b227cec57e06d1b8d9
S108,Base,human_eval/audio/S108/Base/seed0.wav,0,P08,8.0,T108,3600,25,0.8,2,checkpoints/cv3/Base/final.pt,checkpoints/cv3/Base/lora_final,cv3_Base_seed0_S108,cb512f6de63852d64ad4e024fda449951dda37c060690a104400139243e1a215
S108,Full-SD,human_eval/audio/S108/Full-SD/seed0.wav,0,P08,8.0,T108,3600,25,0.8,2,checkpoints/cv3/Full-SD/final.pt,checkpoints/cv3/Full-SD/lora_final,cv3_Full-SD_seed0_S108,94495791fc5004ccfd1c3e85656c8700fcd4476b7742aebc2bcb944b1a58b8ee
S108,Random-Local,human_eval/audio/S108/Random-Local/seed0.wav,0,P08,8.0,T108,3600,25,0.8,2,checkpoints/cv3/Random-Local/final.pt,checkpoints/cv3/Random-Local/lora_final,cv3_Random-Local_seed0_S108,6ac9bb726704c0dbd0f3620c342f3c22cc6f88a7ae7c5b8e8c03e6b252fb40b2
S108,Tail-30,human_eval/audio/S108/Tail-30/seed0.wav,0,P08,8.0,T108,3600,25,0.8,2,checkpoints/cv3/Tail-30/final.pt,checkpoints/cv3/Tail-30/lora_final,cv3_Tail-30_seed0_S108,7a02227378b23ca59d8154cacfe8062e56899c0643281189605b114098ef902e
S108,Tail-SD,human_eval/audio/S108/Tail-SD/seed0.wav,0,P08,8.0,T108,3600,25,0.8,2,checkpoints/cv3/Tail-SD/final.pt,checkpoints/cv3/Tail-SD/lora_final,cv3_Tail-SD_seed0_S108,1a1d1560f4bc98d6d9e8f75d3dbfcf210fa53021b56c9deff1014dd63e8ee8b4
S109,Base,human_eval/audio/S109/Base/seed0.wav,0,P09,10.49,T109,4580,25,0.8,2,checkpoints/cv3/Base/final.pt,checkpoints/cv3/Base/lora_final,cv3_Base_seed0_S109,1c017a5106f1a78544ba59f48c4d31bc1b115cf6cef5ff541d5ccaa453eb9a48
S109,Full-SD,human_eval/audio/S109/Full-SD/seed0.wav,0,P09,10.49,T109,4580,25,0.8,2,checkpoints/cv3/Full-SD/final.pt,checkpoints/cv3/Full-SD/lora_final,cv3_Full-SD_seed0_S109,1346e7e041d47a58bc76c70acc8b16c49d8dd3d3be3fc8e6eb11bd00835de992
S109,Random-Local,human_eval/audio/S109/Random-Local/seed0.wav,0,P09,10.49,T109,4580,25,0.8,2,checkpoints/cv3/Random-Local/final.pt,checkpoints/cv3/Random-Local/lora_final,cv3_Random-Local_seed0_S109,b9ce435068234514bac7081f92e565559c8f91e4356ac590938eb88ef7968198
S109,Tail-30,human_eval/audio/S109/Tail-30/seed0.wav,0,P09,10.49,T109,4580,25,0.8,2,checkpoints/cv3/Tail-30/final.pt,checkpoints/cv3/Tail-30/lora_final,cv3_Tail-30_seed0_S109,0a1093aac029aa32f925179ab39c0551ed58994a590bd9c2b3a9a6a1737ba855
S109,Tail-SD,human_eval/audio/S109/Tail-SD/seed0.wav,0,P09,10.49,T109,4580,25,0.8,2,checkpoints/cv3/Tail-SD/final.pt,checkpoints/cv3/Tail-SD/lora_final,cv3_Tail-SD_seed0_S109,2661c5cf877b3a2e5648cae1bf0db3b193a3050564558832fd5b17885e296a99
S110,Base,human_eval/audio/S110/Base/seed0.wav,0,P10,9.31,T110,4280,25,0.8,2,checkpoints/cv3/Base/final.pt,checkpoints/cv3/Base/lora_final,cv3_Base_seed0_S110,dd758ae8648c8e6bb45e6c6351e156f39920f4952aa64f126df1b3ef3cd49133
S110,Full-SD,human_eval/audio/S110/Full-SD/seed0.wav,0,P10,9.31,T110,4280,25,0.8,2,checkpoints/cv3/Full-SD/final.pt,checkpoints/cv3/Full-SD/lora_final,cv3_Full-SD_seed0_S110,329a34e403522aca920bcc60ce6913c85a253404c33c3f1eaaf1dd6f36f8236d
S110,Random-Local,human_eval/audio/S110/Random-Local/seed0.wav,0,P10,9.31,T110,4280,25,0.8,2,checkpoints/cv3/Random-Local/final.pt,checkpoints/cv3/Random-Local/lora_final,cv3_Random-Local_seed0_S110,683536619952a326bca3ff2045fbb9c20ca7b8226c66f5319b6c91b2b46ba56a
S110,Tail-30,human_eval/audio/S110/Tail-30/seed0.wav,0,P10,9.31,T110,4280,25,0.8,2,checkpoints/cv3/Tail-30/final.pt,checkpoints/cv3/Tail-30/lora_final,cv3_Tail-30_seed0_S110,d6c9a2fcac561f6bad3b130c924f07eb7a28dba85fa48f6c58b617fd97719d68
S110,Tail-SD,human_eval/audio/S110/Tail-SD/seed0.wav,0,P10,9.31,T110,4280,25,0.8,2,checkpoints/cv3/Tail-SD/final.pt,checkpoints/cv3/Tail-SD/lora_final,cv3_Tail-SD_seed0_S110,e7fdd6a8c51976c187d191677f1dea2470b6b932482715506c22ade85536acb9
S111,Base,human_eval/audio/S111/Base/seed0.wav,0,P01,5.27,T111,4240,25,0.8,2,checkpoints/cv3/Base/final.pt,checkpoints/cv3/Base/lora_final,cv3_Base_seed0_S111,b76b76bae511a34f19e59aeb8a0b86ca5ed44d3c0a45ba405ff1cd030205daaa
S111,Full-SD,human_eval/audio/S111/Full-SD/seed0.wav,0,P01,5.27,T111,4240,25,0.8,2,checkpoints/cv3/Full-SD/final.pt,checkpoints/cv3/Full-SD/lora_final,cv3_Full-SD_seed0_S111,92ef927d4eaa0b6f7bec3a055c7f2095a8c537c9f36991914f62ca2886c62a7f
S111,Random-Local,human_eval/audio/S111/Random-Local/seed0.wav,0,P01,5.27,T111,4240,25,0.8,2,checkpoints/cv3/Random-Local/final.pt,checkpoints/cv3/Random-Local/lora_final,cv3_Random-Local_seed0_S111,d5ce816f5468b8ce6c006bca52cf70a952573ac1641fc69d2fc5be72053d0d73
S111,Tail-30,human_eval/audio/S111/Tail-30/seed0.wav,0,P01,5.27,T111,4240,25,0.8,2,checkpoints/cv3/Tail-30/final.pt,checkpoints/cv3/Tail-30/lora_final,cv3_Tail-30_seed0_S111,b0910d2a53e73e7289aa4755c2bceb9d71b7b128a38643602f6098d7413d5840
S111,Tail-SD,human_eval/audio/S111/Tail-SD/seed0.wav,0,P01,5.27,T111,4240,25,0.8,2,checkpoints/cv3/Tail-SD/final.pt,checkpoints/cv3/Tail-SD/lora_final,cv3_Tail-SD_seed0_S111,b77c03d2a1d27201850dee376e7d3f40cc579c4f04929c590691eaab67e48eb9
S112,Base,human_eval/audio/S112/Base/seed0.wav,0,P02,7.83,T112,4360,25,0.8,2,checkpoints/cv3/Base/final.pt,checkpoints/cv3/Base/lora_final,cv3_Base_seed0_S112,8eb81add3541a0ebe84250038f4716d5b7d6283215b4666337285ff4f789c4e1
S112,Full-SD,human_eval/audio/S112/Full-SD/seed0.wav,0,P02,7.83,T112,4360,25,0.8,2,checkpoints/cv3/Full-SD/final.pt,checkpoints/cv3/Full-SD/lora_final,cv3_Full-SD_seed0_S112,664a5e07bd120e88a63a83a65a476256333be2360314b6cfcbdbe252ea3c3ffb
S112,Random-Local,human_eval/audio/S112/Random-Local/seed0.wav,0,P02,7.83,T112,4360,25,0.8,2,checkpoints/cv3/Random-Local/final.pt,checkpoints/cv3/Random-Local/lora_final,cv3_Random-Local_seed0_S112,c71ba86c90ea843c2f29c2073f9abd07c6cbc1679a3406641453c30759c479b9
S112,Tail-30,human_eval/audio/S112/Tail-30/seed0.wav,0,P02,7.83,T112,4360,25,0.8,2,checkpoints/cv3/Tail-30/final.pt,checkpoints/cv3/Tail-30/lora_final,cv3_Tail-30_seed0_S112,042f33f2c4994534432ee33942857f9d2906a4f3e2acfa8fcc3ab0f706e95467
S112,Tail-SD,human_eval/audio/S112/Tail-SD/seed0.wav,0,P02,7.83,T112,4360,25,0.8,2,checkpoints/cv3/Tail-SD/final.pt,checkpoints/cv3/Tail-SD/lora_final,cv3_Tail-SD_seed0_S112,0aea146db71fe1018717003da93f141feb1649150a72c31307b7cd6e5dc72011
S113,Base,human_eval/audio/S113/Base/seed0.wav,0,P03,3.62,T113,4560,25,0.8,2,checkpoints/cv3/Base/final.pt,checkpoints/cv3/Base/lora_final,cv3_Base_seed0_S113,d7d5772bf82f453d0b50e85b45ca9621682215acc71224d1c142a3d7d4092d5a
S113,Full-SD,human_eval/audio/S113/Full-SD/seed0.wav,0,P03,3.62,T113,4560,25,0.8,2,checkpoints/cv3/Full-SD/final.pt,checkpoints/cv3/Full-SD/lora_final,cv3_Full-SD_seed0_S113,83f99280cf4731e6ebbda8d992b7f28f13d49acfb32342c445d95fbc07880380
S113,Random-Local,human_eval/audio/S113/Random-Local/seed0.wav,0,P03,3.62,T113,4560,25,0.8,2,checkpoints/cv3/Random-Local/final.pt,checkpoints/cv3/Random-Local/lora_final,cv3_Random-Local_seed0_S113,b43a6869584aa1197f4bdb3f4425861b42b3e3491d60e59be1de94668e2f695c
S113,Tail-30,human_eval/audio/S113/Tail-30/seed0.wav,0,P03,3.62,T113,4560,25,0.8,2,checkpoints/cv3/Tail-30/final.pt,checkpoints/cv3/Tail-30/lora_final,cv3_Tail-30_seed0_S113,f8b569a97db7deb7ca5e2cba5529475376dcd9427cef4408e4abc75cc9e377be
S113,Tail-SD,human_eval/audio/S113/Tail-SD/seed0.wav,0,P03,3.62,T113,4560,25,0.8,2,checkpoints/cv3/Tail-SD/final.pt,checkpoints/cv3/Tail-SD/lora_final,cv3_Tail-SD_seed0_S113,bee8b30f4739f40b5fc315245241ad6657d7eda9c2b0bed4e2b27671d8b5bfc9
S114,Base,human_eval/audio/S114/Base/seed0.wav,0,P04,7.89,T114,4340,25,0.8,2,checkpoints/cv3/Base/final.pt,checkpoints/cv3/Base/lora_final,cv3_Base_seed0_S114,a94ebe7e6bf4e763450ad064f812f01ce236e09a7a4c22b2a1dbfc66cdba6259
S114,Full-SD,human_eval/audio/S114/Full-SD/seed0.wav,0,P04,7.89,T114,4340,25,0.8,2,checkpoints/cv3/Full-SD/final.pt,checkpoints/cv3/Full-SD/lora_final,cv3_Full-SD_seed0_S114,5da21ab557266d32783b33d42aa5d09ed7692420d9a6e67322c54daf9237aafc
S114,Random-Local,human_eval/audio/S114/Random-Local/seed0.wav,0,P04,7.89,T114,4340,25,0.8,2,checkpoints/cv3/Random-Local/final.pt,checkpoints/cv3/Random-Local/lora_final,cv3_Random-Local_seed0_S114,93a4f49ec7d401cf35cb65f93b073e6e92bfe993484ac765763f051338dd6b3f
S114,Tail-30,human_eval/audio/S114/Tail-30/seed0.wav,0,P04,7.89,T114,4340,25,0.8,2,checkpoints/cv3/Tail-30/final.pt,checkpoints/cv3/Tail-30/lora_final,cv3_Tail-30_seed0_S114,72c41542fa79a4646b2e1e8b222da481922e6720f7461a8fe2504d1959af812b
S114,Tail-SD,human_eval/audio/S114/Tail-SD/seed0.wav,0,P04,7.89,T114,4340,25,0.8,2,checkpoints/cv3/Tail-SD/final.pt,checkpoints/cv3/Tail-SD/lora_final,cv3_Tail-SD_seed0_S114,279d1f1e08b625d0340991b06bc478a9cd0caf7d740f1c4bb3fee7e41d946139
S115,Base,human_eval/audio/S115/Base/seed0.wav,0,P05,4.19,T115,4520,25,0.8,2,checkpoints/cv3/Base/final.pt,checkpoints/cv3/Base/lora_final,cv3_Base_seed0_S115,2f403a5eb0904e7fea9c279cd7a28957a5a2f586cc4b33191b42b9cc8d67e287
S115,Full-SD,human_eval/audio/S115/Full-SD/seed0.wav,0,P05,4.19,T115,4520,25,0.8,2,checkpoints/cv3/Full-SD/final.pt,checkpoints/cv3/Full-SD/lora_final,cv3_Full-SD_seed0_S115,174732283a9508102c84b980aaf0174bc53bbdb47226addf28f445bd4a64dcc1
S115,Random-Local,human_eval/audio/S115/Random-Local/seed0.wav,0,P05,4.19,T115,4520,25,0.8,2,checkpoints/cv3/Random-Local/final.pt,checkpoints/cv3/Random-Local/lora_final,cv3_Random-Local_seed0_S115,ed32bdb57995e19febf0b2b34f5f15dcd0634a5f6d5c2b0b314628e4c1e863d3
S115,Tail-30,human_eval/audio/S115/Tail-30/seed0.wav,0,P05,4.19,T115,4520,25,0.8,2,checkpoints/cv3/Tail-30/final.pt,checkpoints/cv3/Tail-30/lora_final,cv3_Tail-30_seed0_S115,67bcc521522bdf8b46aee5095344a17c5f08904a254f820ebd128fe74c85176a
S115,Tail-SD,human_eval/audio/S115/Tail-SD/seed0.wav,0,P05,4.19,T115,4520,25,0.8,2,checkpoints/cv3/Tail-SD/final.pt,checkpoints/cv3/Tail-SD/lora_final,cv3_Tail-SD_seed0_S115,a6bb636922e3085fb0811d85e346d8115d8fa6552900efb2defb78497e17c550
S116,Base,human_eval/audio/S116/Base/seed0.wav,0,P06,7.21,T116,4320,25,0.8,2,checkpoints/cv3/Base/final.pt,checkpoints/cv3/Base/lora_final,cv3_Base_seed0_S116,f9dff9fbda404755cb9c9d83d7cf12cec1ab4471d19a368649b893c024b9d2ca
S116,Full-SD,human_eval/audio/S116/Full-SD/seed0.wav,0,P06,7.21,T116,4320,25,0.8,2,checkpoints/cv3/Full-SD/final.pt,checkpoints/cv3/Full-SD/lora_final,cv3_Full-SD_seed0_S116,effe52fde528c2775eda27009bb2e36db300cefd47b7556d0e29268ce04567bb
S116,Random-Local,human_eval/audio/S116/Random-Local/seed0.wav,0,P06,7.21,T116,4320,25,0.8,2,checkpoints/cv3/Random-Local/final.pt,checkpoints/cv3/Random-Local/lora_final,cv3_Random-Local_seed0_S116,31558da390c7159fce2225674e1cd3bed055fb62157ec5af629bca85b0576cf3
S116,Tail-30,human_eval/audio/S116/Tail-30/seed0.wav,0,P06,7.21,T116,4320,25,0.8,2,checkpoints/cv3/Tail-30/final.pt,checkpoints/cv3/Tail-30/lora_final,cv3_Tail-30_seed0_S116,d2bf4d7352785a95563e8d8c804dc6e73fb8e213e804b492316f8477b80fa775
S116,Tail-SD,human_eval/audio/S116/Tail-SD/seed0.wav,0,P06,7.21,T116,4320,25,0.8,2,checkpoints/cv3/Tail-SD/final.pt,checkpoints/cv3/Tail-SD/lora_final,cv3_Tail-SD_seed0_S116,766b6d02a28c2f4ffcd3f5c1d4bfb786c20fa9afc70dab0dca46026ba6f32ceb
S117,Base,human_eval/audio/S117/Base/seed0.wav,0,P07,7.05,T117,4340,25,0.8,2,checkpoints/cv3/Base/final.pt,checkpoints/cv3/Base/lora_final,cv3_Base_seed0_S117,482ab02c481ae1272eb647ad05aef8589d3dbd21dadb0b64eef2f920db9af22c
S117,Full-SD,human_eval/audio/S117/Full-SD/seed0.wav,0,P07,7.05,T117,4340,25,0.8,2,checkpoints/cv3/Full-SD/final.pt,checkpoints/cv3/Full-SD/lora_final,cv3_Full-SD_seed0_S117,2738f8e77d59e6dfe2e2b3bad1adf37a2e5c17cd968eece48c322117840f3224
S117,Random-Local,human_eval/audio/S117/Random-Local/seed0.wav,0,P07,7.05,T117,4340,25,0.8,2,checkpoints/cv3/Random-Local/final.pt,checkpoints/cv3/Random-Local/lora_final,cv3_Random-Local_seed0_S117,b6a74b05e5c16725a707232da1ff09b6549db6d27f26c3232c8127bae505e61d
S117,Tail-30,human_eval/audio/S117/Tail-30/seed0.wav,0,P07,7.05,T117,4340,25,0.8,2,checkpoints/cv3/Tail-30/final.pt,checkpoints/cv3/Tail-30/lora_final,cv3_Tail-30_seed0_S117,a1c7fc1da30c5c131bb3b18ba42b089f5d36ae203d59b5e7421becb76a47bae7
S117,Tail-SD,human_eval/audio/S117/Tail-SD/seed0.wav,0,P07,7.05,T117,4340,25,0.8,2,checkpoints/cv3/Tail-SD/final.pt,checkpoints/cv3/Tail-SD/lora_final,cv3_Tail-SD_seed0_S117,5eac1028eb77df22840a91f60e7521ab27e8bc2f2054cbd3a80ff1fc8b497899
S118,Base,human_eval/audio/S118/Base/seed0.wav,0,P08,9.79,T118,4520,25,0.8,2,checkpoints/cv3/Base/final.pt,checkpoints/cv3/Base/lora_final,cv3_Base_seed0_S118,f8e195623e876ae0480ac36c64172178b2f28e4b53363754a0ca97377742a380
S118,Full-SD,human_eval/audio/S118/Full-SD/seed0.wav,0,P08,9.79,T118,4520,25,0.8,2,checkpoints/cv3/Full-SD/final.pt,checkpoints/cv3/Full-SD/lora_final,cv3_Full-SD_seed0_S118,ab89e078d2f791a029a6ddc9b69e2d4c2df4b14b6f280e301ba75c91ec7f39cd
S118,Random-Local,human_eval/audio/S118/Random-Local/seed0.wav,0,P08,9.79,T118,4520,25,0.8,2,checkpoints/cv3/Random-Local/final.pt,checkpoints/cv3/Random-Local/lora_final,cv3_Random-Local_seed0_S118,103c4c5d8362d5503a471674d7b9ec2980ee29e3f833c7f21c94affd4609bb17
S118,Tail-30,human_eval/audio/S118/Tail-30/seed0.wav,0,P08,9.79,T118,4520,25,0.8,2,checkpoints/cv3/Tail-30/final.pt,checkpoints/cv3/Tail-30/lora_final,cv3_Tail-30_seed0_S118,b23f27d4403c733530ac0ed97347682434a4668fccdbf54745b323801165bee7
S118,Tail-SD,human_eval/audio/S118/Tail-SD/seed0.wav,0,P08,9.79,T118,4520,25,0.8,2,checkpoints/cv3/Tail-SD/final.pt,checkpoints/cv3/Tail-SD/lora_final,cv3_Tail-SD_seed0_S118,6d20c82e2339f74e56aeeecc2d3709f8aeaf96940d026c4ed57422d315608eea
S119,Base,human_eval/audio/S119/Base/seed0.wav,0,P09,8.67,T119,4480,25,0.8,2,checkpoints/cv3/Base/final.pt,checkpoints/cv3/Base/lora_final,cv3_Base_seed0_S119,be10ee685751de8cab95dd51b57e500f291133fddbd8c38e7f5317f7a10dc1d8
S119,Full-SD,human_eval/audio/S119/Full-SD/seed0.wav,0,P09,8.67,T119,4480,25,0.8,2,checkpoints/cv3/Full-SD/final.pt,checkpoints/cv3/Full-SD/lora_final,cv3_Full-SD_seed0_S119,ad4214d6e5bc8b0801ed17cf2eef11e7efeab88aca59a0b937b8b95805d462a8
S119,Random-Local,human_eval/audio/S119/Random-Local/seed0.wav,0,P09,8.67,T119,4480,25,0.8,2,checkpoints/cv3/Random-Local/final.pt,checkpoints/cv3/Random-Local/lora_final,cv3_Random-Local_seed0_S119,176142134fad5d53d35fdb5caad5cd6e3a08eb7a3007889875b864fca83732f9
S119,Tail-30,human_eval/audio/S119/Tail-30/seed0.wav,0,P09,8.67,T119,4480,25,0.8,2,checkpoints/cv3/Tail-30/final.pt,checkpoints/cv3/Tail-30/lora_final,cv3_Tail-30_seed0_S119,b94e629c4ef9690982306e9d59cf3b675ec4813f2e0154d12fd13d44f091e21f
S119,Tail-SD,human_eval/audio/S119/Tail-SD/seed0.wav,0,P09,8.67,T119,4480,25,0.8,2,checkpoints/cv3/Tail-SD/final.pt,checkpoints/cv3/Tail-SD/lora_final,cv3_Tail-SD_seed0_S119,f26ed44d33bc0e1ef5b9720cb12e34670a61b71a95788bc8a46d0f106ccbe573
S120,Base,human_eval/audio/S120/Base/seed0.wav,0,P10,9.01,T120,4520,25,0.8,2,checkpoints/cv3/Base/final.pt,checkpoints/cv3/Base/lora_final,cv3_Base_seed0_S120,792e12551539db5ffebb26610f330b54843210ba9f43af8db7eae9cf584a917e
S120,Full-SD,human_eval/audio/S120/Full-SD/seed0.wav,0,P10,9.01,T120,4520,25,0.8,2,checkpoints/cv3/Full-SD/final.pt,checkpoints/cv3/Full-SD/lora_final,cv3_Full-SD_seed0_S120,927e273ffd4bb118ba3c6b3e41a6533ac6b849022f1b1d8049df49568e693baf
S120,Random-Local,human_eval/audio/S120/Random-Local/seed0.wav,0,P10,9.01,T120,4520,25,0.8,2,checkpoints/cv3/Random-Local/final.pt,checkpoints/cv3/Random-Local/lora_final,cv3_Random-Local_seed0_S120,86463cf56741065513650fbbdfd1c17da410295cf2c14bfa97edb9fc54fd916d
S120,Tail-30,human_eval/audio/S120/Tail-30/seed0.wav,0,P10,9.01,T120,4520,25,0.8,2,checkpoints/cv3/Tail-30/final.pt,checkpoints/cv3/Tail-30/lora_final,cv3_Tail-30_seed0_S120,03c500f01275eada36bdf577ebc0ac4246977a4305e0f31136c12913feb7c6bc
S120,Tail-SD,human_eval/audio/S120/Tail-SD/seed0.wav,0,P10,9.01,T120,4520,25,0.8,2,checkpoints/cv3/Tail-SD/final.pt,checkpoints/cv3/Tail-SD/lora_final,cv3_Tail-SD_seed0_S120,93ef0b61bb3a0b6fec27d107f9a1a4a6595aad587a39822951fbd87d327645dd
